사고번호,사고일시,요일,시군구,사고내용,사망자수,중상자수,경상자수,부상신고자수,사고유형,법규위반,노면상태,기상상태,도로형태,가해운전자 차종,가해운전자 성별,가해운전자 연령,가해운전자 상해정도,피해운전자 차종,피해운전자 성별,피해운전자 연령,피해운전자 상해정도
2023010800100052,2023년 1월 8일 05시,일요일,전라남도 목포시 옥암동,경상사고,0,0,1,0,차대차 - 정면충돌,신호위반,건조,맑음,교차로 - 교차로안,승용,남,60세,상해없음,승용,여,45세,경상
2023010800100059,2023년 1월 8일 06시,일요일,전라남도 고흥군 과역면,경상사고,0,0,1,0,차대차 - 추돌,안전운전불이행,건조,맑음,단일로 - 기타,승용,남,39세,상해없음,농기계,남,66세,경상
2023010800100153,2023년 1월 8일 13시,일요일,전라남도 순천시 조례동,경상사고,0,0,1,0,차대차 - 기타,교차로운행방법위반,건조,맑음,교차로 - 교차로안,승용,여,60세,상해없음,이륜,남,25세,경상
2023010800100232,2023년 1월 8일 17시,일요일,전라남도 해남군 해남읍,경상사고,0,0,1,0,차대차 - 후진중충돌,안전운전불이행,건조,맑음,단일로 - 기타,승용,남,20세,기타불명,이륜,여,48세,경상
2023010800100233,2023년 1월 8일 17시,일요일,전라남도 광양시 중동,경상사고,0,0,1,0,차대사람 - 횡단중,보행자보호의무위반,건조,맑음,교차로 - 교차로횡단보도내,승용,남,37세,상해없음,보행자,남,10세,경상
2023010800100283,2023년 1월 8일 19시,일요일,전라남도 여수시 학동,경상사고,0,0,1,0,차대차 - 측면충돌,안전운전불이행,건조,맑음,단일로 - 기타,화물,남,62세,상해없음,원동기,남,70세,경상
2023010800100284,2023년 1월 8일 19시,일요일,전라남도 화순군 능주면,경상사고,0,0,6,0,차량단독 - 공작물충돌,안전운전불이행,건조,맑음,단일로 - 기타,승합,남,61세,상해없음,,,,
2023010800100328,2023년 1월 8일 21시,일요일,전라남도 해남군 해남읍,중상사고,0,1,0,0,차대사람 - 기타,안전운전불이행,건조,맑음,교차로 - 교차로안,승용,남,68세,상해없음,보행자,여,49세,중상
2023010900100033,2023년 1월 9일 06시,월요일,전라남도 여수시 학동,경상사고,0,0,1,0,차대차 - 측면충돌,안전운전불이행,건조,맑음,교차로 - 교차로안,승용,남,67세,기타불명,승용,남,25세,경상
2023010900100088,2023년 1월 9일 08시,월요일,전라남도 여수시 중앙동,경상사고,0,0,1,0,차대사람 - 차도통행중,안전운전불이행,건조,맑음,교차로 - 교차로부근,승용,여,70세,상해없음,보행자,여,70세,경상
2023010900100089,2023년 1월 9일 08시,월요일,전라남도 여수시 봉강동,경상사고,0,0,1,0,차대차 - 추돌,안전거리미확보,건조,맑음,단일로 - 기타,승용,남,40세,상해없음,승용,남,61세,경상
2023010900100116,2023년 1월 9일 09시,월요일,전라남도 목포시 산정동,경상사고,0,0,2,0,차대차 - 측면충돌,교차로운행방법위반,건조,맑음,교차로 - 교차로안,승용,남,73세,경상,승용,여,52세,경상
2023010900100142,2023년 1월 9일 10시,월요일,전라남도 순천시 조례동,경상사고,0,0,1,0,차대차 - 후진중충돌,안전운전불이행,건조,맑음,단일로 - 기타,승용,남,77세,상해없음,승용,남,57세,경상
2023010900100143,2023년 1월 9일 10시,월요일,전라남도 화순군 사평면,경상사고,0,0,2,0,차대차 - 정면충돌,중앙선침범,건조,맑음,단일로 - 기타,승용,여,54세,경상,승합,남,50세,경상
2023010900100144,2023년 1월 9일 10시,월요일,전라남도 영암군 영암읍,중상사고,0,2,6,0,차대차 - 추돌,안전운전불이행,건조,맑음,교차로 - 교차로부근,승용,남,69세,경상,승용,남,76세,중상
2023010900100193,2023년 1월 9일 12시,월요일,전라남도 순천시 조례동,중상사고,0,1,0,0,차대차 - 정면충돌,직진우회전진행방해,건조,흐림,교차로 - 교차로안,승용,남,37세,상해없음,이륜,남,27세,중상
2023010900100223,2023년 1월 9일 13시,월요일,전라남도 여수시 선원동,경상사고,0,0,1,0,차대차 - 기타,신호위반,건조,맑음,교차로 - 교차로횡단보도내,승용,남,61세,상해없음,자전거,여,28세,경상
2023010900100224,2023년 1월 9일 13시,월요일,전라남도 순천시 황전면,중상사고,0,1,0,0,차대차 - 기타,중앙선침범,건조,맑음,단일로 - 기타,승용,여,67세,상해없음,이륜,남,81세,중상
2023010900100248,2023년 1월 9일 14시,월요일,전라남도 여수시 웅천동,경상사고,0,0,1,0,차대차 - 측면충돌,신호위반,건조,맑음,교차로 - 교차로안,승용,여,46세,상해없음,승용,여,37세,경상
2023010900100249,2023년 1월 9일 14시,월요일,전라남도 여수시 평여동,경상사고,0,0,1,0,차대차 - 기타,안전운전불이행,건조,맑음,교차로 - 교차로부근,승용,남,83세,상해없음,승용,남,33세,경상
2023010900100281,2023년 1월 9일 15시,월요일,전라남도 광양시 중동,중상사고,0,1,0,0,차대차 - 측면충돌,직진우회전진행방해,건조,맑음,교차로 - 교차로안,승용,남,52세,상해없음,이륜,남,30세,중상
2023010900100368,2023년 1월 9일 18시,월요일,전라남도 순천시 조곡동,경상사고,0,0,1,0,차대사람 - 기타,안전운전불이행,건조,맑음,교차로 - 교차로부근,승용,여,59세,상해없음,보행자,여,60세,경상
2023010900100369,2023년 1월 9일 18시,월요일,전라남도 해남군 문내면,사망사고,1,0,0,0,차량단독 - 공작물충돌,안전운전불이행,건조,맑음,기타 - 기타,화물,남,57세,사망,,,,
2023010900100432,2023년 1월 9일 20시,월요일,전라남도 순천시 연향동,경상사고,0,0,1,0,차대차 - 기타,안전운전불이행,건조,기타,단일로 - 기타,승용,남,49세,상해없음,승합,남,52세,상해없음
2023010900100433,2023년 1월 9일 20시,월요일,전라남도 영암군 신북면,경상사고,0,0,1,0,차대차 - 추돌,안전운전불이행,건조,맑음,교차로 - 교차로부근,승용,남,60세,상해없음,승용,남,60세,경상
2023010900100453,2023년 1월 9일 21시,월요일,전라남도 목포시 상동,경상사고,0,0,1,0,차대차 - 정면충돌,신호위반,건조,기타,교차로 - 교차로안,이륜,남,29세,기타불명,승용,남,39세,경상
2023010900100454,2023년 1월 9일 21시,월요일,전라남도 순천시 조례동,경상사고,0,0,2,0,차대차 - 추돌,안전운전불이행,건조,맑음,단일로 - 기타,승용,여,43세,상해없음,승용,남,20세,경상
2023010900100455,2023년 1월 9일 21시,월요일,전라남도 장흥군 관산읍,중상사고,0,1,0,0,차량단독 - 공작물충돌,안전운전불이행,건조,기타,교차로 - 교차로안,승용,남,63세,중상,,,,
2023010900100469,2023년 1월 9일 22시,월요일,전라남도 여수시 여서동,중상사고,0,1,0,0,차대사람 - 횡단중,보행자보호의무위반,건조,맑음,교차로 - 교차로횡단보도내,승용,남,56세,상해없음,보행자,남,57세,중상
2023011000100083,2023년 1월 10일 08시,화요일,전라남도 완도군 완도읍,경상사고,0,0,1,0,차대차 - 추돌,안전운전불이행,건조,맑음,교차로 - 교차로안,승용,남,61세,상해없음,화물,남,51세,경상
2023011000100118,2023년 1월 10일 09시,화요일,전라남도 신안군 팔금면,중상사고,0,2,0,0,차대차 - 추돌,안전거리미확보,건조,맑음,교차로 - 교차로부근,화물,남,82세,중상,화물,남,52세,상해없음
2023011000100142,2023년 1월 10일 10시,화요일,전라남도 강진군 대구면,중상사고,0,2,3,0,차대차 - 정면충돌,기타,건조,맑음,단일로 - 기타,화물,남,74세,경상,승용,남,65세,중상
2023011000100169,2023년 1월 10일 11시,화요일,전라남도 해남군 해남읍,경상사고,0,0,1,0,차대차 - 측면충돌,안전운전불이행,건조,맑음,단일로 - 기타,화물,남,52세,상해없음,승용,여,73세,경상
2023011000100170,2023년 1월 10일 11시,화요일,전라남도 보성군 보성읍,경상사고,0,0,1,0,차대차 - 측면충돌,불법유턴,건조,맑음,교차로 - 교차로안,화물,남,60세,상해없음,이륜,남,71세,경상
2023011000100194,2023년 1월 10일 12시,화요일,전라남도 나주시 남평읍,경상사고,0,0,2,0,차대차 - 기타,직진우회전진행방해,건조,맑음,교차로 - 교차로안,승용,여,76세,경상,승용,여,52세,경상
2023011000100195,2023년 1월 10일 12시,화요일,전라남도 고흥군 도양읍,중상사고,0,1,0,0,차대차 - 기타,교차로운행방법위반,건조,맑음,교차로 - 교차로안,승용,여,36세,상해없음,이륜,남,78세,중상
2023011000100196,2023년 1월 10일 12시,화요일,전라남도 영광군 군남면,사망사고,1,0,0,0,차량단독 - 공작물충돌,안전운전불이행,건조,맑음,단일로 - 기타,승용,남,69세,사망,,,,
2023011000100284,2023년 1월 10일 15시,화요일,전라남도 고흥군 금산면,경상사고,0,0,1,0,차대차 - 측면충돌,직진우회전진행방해,건조,맑음,교차로 - 교차로안,승용,남,75세,상해없음,승용,여,24세,경상
2023011000100308,2023년 1월 10일 16시,화요일,전라남도 여수시 소라면,중상사고,0,1,1,0,차대차 - 기타,안전운전불이행,건조,맑음,교차로 - 교차로안,승용,남,70세,상해없음,승용,여,27세,중상
2023011000100309,2023년 1월 10일 16시,화요일,전라남도 구례군 구례읍,경상사고,0,0,1,0,차대차 - 추돌,직진우회전진행방해,건조,맑음,교차로 - 교차로안,승용,여,43세,상해없음,화물,남,76세,경상
2023011000100345,2023년 1월 10일 17시,화요일,전라남도 여수시 화장동,경상사고,0,0,1,0,차대차 - 측면충돌,안전운전불이행,건조,맑음,단일로 - 기타,승용,남,50세,상해없음,승용,남,54세,경상
2023011000100390,2023년 1월 10일 18시,화요일,전라남도 순천시 해룡면,경상사고,0,0,1,0,차대차 - 측면충돌,안전거리미확보,건조,맑음,단일로 - 기타,승용,여,35세,상해없음,승용,남,25세,경상
2023011000100442,2023년 1월 10일 19시,화요일,전라남도 여수시 여서동,경상사고,0,0,1,0,차대차 - 측면충돌,신호위반,건조,맑음,교차로 - 교차로안,승용,남,43세,기타불명,이륜,남,35세,경상
2023011000100519,2023년 1월 10일 23시,화요일,전라남도 목포시 산정동,경상사고,0,0,1,0,차대사람 - 횡단중,신호위반,건조,맑음,교차로 - 교차로횡단보도내,이륜,남,24세,상해없음,보행자,남,20세,경상
2023011100100082,2023년 1월 11일 07시,수요일,전라남도 여수시 호명동,중상사고,0,1,0,0,차대사람 - 횡단중,신호위반,건조,맑음,교차로 - 교차로횡단보도내,승용,남,70세,상해없음,보행자,여,59세,중상
2023011100100175,2023년 1월 11일 10시,수요일,전라남도 장성군 황룡면,중상사고,0,1,1,0,차대차 - 측면충돌,안전운전불이행,건조,맑음,교차로 - 교차로안,화물,남,75세,중상,화물,남,47세,경상
2023011100100264,2023년 1월 11일 13시,수요일,전라남도 장흥군 장흥읍,경상사고,0,0,1,0,차대차 - 측면충돌,직진우회전진행방해,건조,맑음,교차로 - 교차로안,승용,여,44세,상해없음,자전거,여,75세,경상
2023011100100333,2023년 1월 11일 15시,수요일,전라남도 목포시 죽교동,중상사고,0,2,0,0,차대차 - 기타,직진우회전진행방해,건조,맑음,교차로 - 교차로안,화물,남,69세,상해없음,승용,남,68세,중상
2023011100100334,2023년 1월 11일 15시,수요일,전라남도 강진군 옴천면,부상신고사고,0,0,0,1,차량단독 - 도로외이탈 - 추락,안전운전불이행,건조,맑음,단일로 - 기타,화물,남,21세,부상신고,,,,
2023011100100335,2023년 1월 11일 15시,수요일,전라남도 구례군 구례읍,중상사고,0,1,0,0,차대차 - 추돌,안전운전불이행,건조,맑음,교차로 - 교차로부근,이륜,남,63세,중상,승용,남,76세,상해없음
2023011100100384,2023년 1월 11일 17시,수요일,전라남도 순천시 석현동,경상사고,0,0,1,0,차대차 - 기타,안전거리미확보,건조,맑음,단일로 - 기타,자전거,남,81세,경상,화물,남,61세,상해없음
2023011100100385,2023년 1월 11일 17시,수요일,전라남도 장흥군 장흥읍,경상사고,0,0,1,0,차대차 - 기타,안전운전불이행,건조,맑음,교차로 - 교차로안,승용,남,77세,상해없음,자전거,여,67세,경상
2023011100100386,2023년 1월 11일 17시,수요일,전라남도 강진군 성전면,경상사고,0,0,3,0,차대차 - 측면충돌,신호위반,건조,맑음,교차로 - 교차로안,승용,여,63세,경상,승용,여,59세,경상
2023011100100428,2023년 1월 11일 18시,수요일,전라남도 여수시 율촌면,중상사고,0,1,0,0,차대사람 - 기타,안전운전불이행,건조,맑음,단일로 - 기타,승용,남,56세,상해없음,보행자,남,56세,중상
2023011100100429,2023년 1월 11일 18시,수요일,전라남도 여수시 신기동,경상사고,0,0,1,0,차대차 - 측면충돌,안전거리미확보,건조,맑음,단일로 - 기타,승용,남,69세,상해없음,화물,여,60세,경상
2023011100100430,2023년 1월 11일 18시,수요일,전라남도 광양시 광양읍,경상사고,0,0,1,0,차대차 - 추돌,안전운전불이행,건조,맑음,교차로 - 교차로안,승용,남,48세,상해없음,승용,남,45세,경상
2023011100100472,2023년 1월 11일 19시,수요일,전라남도 여수시 여서동,경상사고,0,0,1,0,차대차 - 측면충돌,안전운전불이행,건조,맑음,교차로 - 교차로부근,승용,남,20세,상해없음,승용,남,48세,경상
2023011100100501,2023년 1월 11일 20시,수요일,전라남도 순천시 연향동,경상사고,0,0,1,0,차대차 - 측면충돌,안전운전불이행,건조,맑음,단일로 - 기타,승용,남,54세,상해없음,이륜,남,43세,경상
2023011100100527,2023년 1월 11일 21시,수요일,전라남도 순천시 조례동,중상사고,0,1,0,0,차대차 - 기타,안전운전불이행,건조,맑음,교차로 - 교차로안,이륜,남,24세,중상,승용,남,67세,상해없음
2023011200100006,2023년 1월 12일 00시,목요일,전라남도 여수시 선원동,경상사고,0,0,1,0,차대차 - 측면충돌,차로위반,건조,맑음,단일로 - 기타,승용,남,55세,상해없음,이륜,남,21세,경상
2023011200100067,2023년 1월 12일 06시,목요일,전라남도 목포시 옥암동,경상사고,0,0,1,0,차대차 - 측면충돌,안전운전불이행,건조,흐림,교차로 - 교차로부근,승용,남,48세,상해없음,승용,남,43세,경상
2023011200100095,2023년 1월 12일 07시,목요일,전라남도 나주시 금천면,경상사고,0,0,3,1,차대차 - 추돌,안전운전불이행,건조,맑음,교차로 - 교차로부근,승용,여,52세,부상신고,승용,남,36세,경상
2023011200100096,2023년 1월 12일 07시,목요일,전라남도 나주시 금천면,경상사고,0,0,1,0,차대차 - 추돌,안전운전불이행,건조,맑음,단일로 - 교량,승용,남,27세,상해없음,화물,남,50세,상해없음
2023011200100148,2023년 1월 12일 09시,목요일,전라남도 여수시 율촌면,경상사고,0,0,1,0,차량단독 - 기타,안전운전불이행,건조,맑음,단일로 - 기타,승합,남,48세,상해없음,,,,
2023011200100149,2023년 1월 12일 09시,목요일,전라남도 여수시 돌산읍,경상사고,0,0,1,0,차대차 - 추돌,안전운전불이행,건조,맑음,단일로 - 기타,승용,남,20세,상해없음,화물,남,77세,경상
2023011200100180,2023년 1월 12일 10시,목요일,전라남도 목포시 상동,경상사고,0,0,1,0,차대차 - 기타,안전운전불이행,건조,맑음,단일로 - 기타,화물,남,43세,상해없음,기타불명,여,67세,경상
2023011200100181,2023년 1월 12일 10시,목요일,전라남도 목포시 용해동,경상사고,0,0,1,0,차대차 - 정면충돌,안전운전불이행,건조,맑음,교차로 - 교차로안,특수,남,29세,상해없음,자전거,남,21세,경상
2023011200100182,2023년 1월 12일 10시,목요일,전라남도 여수시 주삼동,중상사고,0,1,0,0,차대차 - 측면충돌,신호위반,건조,맑음,교차로 - 교차로안,화물,남,39세,상해없음,승용,남,57세,중상
2023011200100183,2023년 1월 12일 10시,목요일,전라남도 함평군 나산면,부상신고사고,0,0,0,1,차대차 - 측면충돌,직진우회전진행방해,건조,맑음,교차로 - 교차로안,이륜,남,80세,부상신고,승합,남,76세,상해없음
2023011200100184,2023년 1월 12일 10시,목요일,전라남도 진도군 진도읍,경상사고,0,0,2,0,차대차 - 측면충돌,중앙선침범,건조,맑음,교차로 - 교차로안,승용,남,66세,상해없음,승용,여,55세,경상
2023011200100243,2023년 1월 12일 12시,목요일,전라남도 목포시 용해동,경상사고,0,0,1,0,차대차 - 측면충돌,차로위반,건조,맑음,교차로 - 교차로안,화물,남,61세,상해없음,승용,여,23세,경상
2023011200100244,2023년 1월 12일 12시,목요일,전라남도 순천시 장천동,중상사고,0,1,0,0,차대차 - 측면충돌,교차로운행방법위반,건조,맑음,교차로 - 교차로안,자전거,남,10세,중상,승용,여,63세,상해없음
2023011200100272,2023년 1월 12일 13시,목요일,전라남도 고흥군 도양읍,경상사고,0,0,3,0,차대차 - 추돌,안전운전불이행,건조,맑음,교차로 - 교차로부근,화물,남,71세,상해없음,승용,여,66세,경상
2023011200100306,2023년 1월 12일 14시,목요일,전라남도 순천시 별량면,중상사고,0,1,0,0,차대차 - 측면충돌,직진우회전진행방해,건조,맑음,교차로 - 교차로안,화물,남,63세,상해없음,승용,여,73세,중상
2023011200100307,2023년 1월 12일 14시,목요일,전라남도 강진군 강진읍,부상신고사고,0,0,0,1,차대차 - 측면충돌,안전운전불이행,건조,맑음,교차로 - 교차로안,이륜,남,71세,부상신고,승용,남,21세,상해없음
2023011200100333,2023년 1월 12일 15시,목요일,전라남도 여수시 여서동,경상사고,0,0,3,0,차대차 - 측면충돌,안전운전불이행,건조,맑음,교차로 - 교차로부근,승용,남,77세,상해없음,화물,남,29세,경상
2023011200100392,2023년 1월 12일 17시,목요일,전라남도 목포시 해안동3가,중상사고,0,1,0,0,차대차 - 측면충돌,안전운전불이행,건조,맑음,교차로 - 교차로부근,원동기,남,81세,중상,화물,남,65세,상해없음
2023011200100393,2023년 1월 12일 17시,목요일,전라남도 광양시 옥곡면,중상사고,0,1,1,0,차대차 - 측면충돌,교차로운행방법위반,젖음/습기,흐림,교차로 - 교차로안,승용,남,63세,상해없음,이륜,남,53세,중상
2023011200100437,2023년 1월 12일 18시,목요일,전라남도 신안군 압해읍,경상사고,0,0,1,0,차대차 - 측면충돌,안전운전불이행,젖음/습기,비,단일로 - 기타,화물,여,53세,기타불명,승용,남,24세,경상
2023011200100484,2023년 1월 12일 19시,목요일,전라남도 목포시 상동,경상사고,0,0,2,0,차대차 - 기타,안전운전불이행,건조,맑음,기타 - 기타,승용,남,73세,기타불명,승용,남,32세,경상
2023011300100058,2023년 1월 13일 05시,금요일,전라남도 순천시 가곡동,경상사고,0,0,1,0,차대차 - 기타,신호위반,젖음/습기,비,교차로 - 교차로안,승용,남,62세,상해없음,승합,남,31세,경상
2023011300100075,2023년 1월 13일 06시,금요일,전라남도 광양시 광양읍,경상사고,0,0,1,0,차대사람 - 횡단중,안전운전불이행,젖음/습기,비,단일로 - 기타,승합,남,54세,상해없음,보행자,여,62세,경상
2023011300100188,2023년 1월 13일 10시,금요일,전라남도 목포시 옥암동,경상사고,0,0,1,1,차대차 - 측면충돌,안전운전불이행,젖음/습기,비,교차로 - 교차로안,승용,여,41세,부상신고,이륜,남,31세,경상
2023011300100189,2023년 1월 13일 10시,금요일,전라남도 여수시 남산동,경상사고,0,0,1,0,차대사람 - 기타,안전운전불이행,젖음/습기,비,단일로 - 기타,승용,남,64세,상해없음,보행자,남,63세,경상
2023011300100190,2023년 1월 13일 10시,금요일,전라남도 화순군 화순읍,중상사고,0,1,0,0,차대사람 - 횡단중,안전운전불이행,건조,맑음,교차로 - 교차로안,화물,남,85세,상해없음,보행자,여,83세,중상
2023011300100191,2023년 1월 13일 10시,금요일,전라남도 광양시 광양읍,경상사고,0,0,2,1,차대차 - 기타,신호위반,젖음/습기,비,교차로 - 교차로안,승용,남,42세,부상신고,승용,남,82세,경상
2023011300100214,2023년 1월 13일 11시,금요일,전라남도 영광군 영광읍,경상사고,0,0,1,0,차대차 - 기타,안전거리미확보,젖음/습기,맑음,단일로 - 기타,화물,남,75세,상해없음,승합,남,48세,상해없음
2023011300100262,2023년 1월 13일 13시,금요일,전라남도 보성군 벌교읍,경상사고,0,0,1,0,차량단독 - 공작물충돌,안전운전불이행,젖음/습기,흐림,단일로 - 기타,승용,남,27세,경상,,,,
2023011300100286,2023년 1월 13일 14시,금요일,전라남도 순천시 조례동,경상사고,0,0,1,0,차대차 - 추돌,안전운전불이행,건조,흐림,단일로 - 기타,승용,남,58세,상해없음,승용,여,31세,경상
2023011300100315,2023년 1월 13일 15시,금요일,전라남도 순천시 조례동,경상사고,0,0,1,0,차대차 - 추돌,안전운전불이행,건조,맑음,단일로 - 기타,승용,남,33세,상해없음,승용,여,33세,경상
2023011300100316,2023년 1월 13일 15시,금요일,전라남도 광양시 금호동,경상사고,0,0,2,0,차대차 - 추돌,안전운전불이행,건조,맑음,단일로 - 기타,승용,남,49세,기타불명,승용,남,53세,경상
2023011300100379,2023년 1월 13일 17시,금요일,전라남도 화순군 도곡면,경상사고,0,0,1,0,차대사람 - 기타,안전운전불이행,건조,맑음,교차로 - 교차로부근,화물,남,57세,상해없음,보행자,여,84세,경상
2023011300100433,2023년 1월 13일 18시,금요일,전라남도 순천시 왕지동,중상사고,0,1,0,0,차대사람 - 차도통행중,보행자보호의무위반,건조,맑음,단일로 - 기타,승용,여,19세,상해없음,보행자,여,66세,중상
2023011300100485,2023년 1월 13일 19시,금요일,전라남도 광양시 중동,경상사고,0,0,3,0,차대차 - 기타,안전운전불이행,건조,맑음,교차로 - 교차로부근,승용,남,63세,경상,승용,남,71세,경상
2023011300100512,2023년 1월 13일 20시,금요일,전라남도 목포시 호남동,경상사고,0,0,1,0,차대차 - 측면충돌,안전운전불이행,건조,맑음,단일로 - 기타,승용,여,53세,상해없음,승용,남,44세,경상
2023011300100540,2023년 1월 13일 21시,금요일,전라남도 여수시 돌산읍,경상사고,0,0,3,0,차대차 - 측면충돌,안전운전불이행,건조,맑음,단일로 - 기타,승용,여,55세,상해없음,승용,남,22세,경상
2023011300100561,2023년 1월 13일 22시,금요일,전라남도 나주시 빛가람동,경상사고,0,0,2,0,차대차 - 추돌,안전운전불이행,건조,맑음,교차로 - 교차로부근,승용,남,25세,상해없음,승용,남,40세,경상
2023011400100028,2023년 1월 14일 02시,토요일,전라남도 여수시 신기동,경상사고,0,0,1,0,차대차 - 기타,안전운전불이행,건조,맑음,단일로 - 기타,승용,남,44세,상해없음,개인형이동수단(PM),남,45세,경상
2023011400100029,2023년 1월 14일 02시,토요일,전라남도 순천시 조례동,경상사고,0,0,1,0,차대사람 - 보도통행중,안전운전불이행,건조,맑음,단일로 - 기타,승용,남,20세,상해없음,보행자,남,24세,경상
2023011400100047,2023년 1월 14일 05시,토요일,전라남도 나주시 다도면,중상사고,0,1,0,0,차대사람 - 기타,안전운전불이행,젖음/습기,맑음,단일로 - 기타,화물,남,63세,상해없음,보행자,남,72세,중상
2023011400100071,2023년 1월 14일 07시,토요일,전라남도 강진군 군동면,부상신고사고,0,0,0,1,차량단독 - 공작물충돌,안전운전불이행,건조,맑음,단일로 - 기타,승용,남,30세,부상신고,,,,
2023011400100117,2023년 1월 14일 10시,토요일,전라남도 화순군 화순읍,중상사고,0,1,1,1,차대차 - 추돌,안전운전불이행,젖음/습기,맑음,단일로 - 기타,승용,남,52세,경상,승용,여,49세,중상
2023011400100139,2023년 1월 14일 11시,토요일,전라남도 순천시 조례동,경상사고,0,0,3,0,차대차 - 기타,직진우회전진행방해,건조,맑음,교차로 - 교차로안,승용,남,28세,경상,승용,남,21세,경상
2023011400100140,2023년 1월 14일 11시,토요일,전라남도 영광군 군남면,경상사고,0,0,4,0,차대차 - 측면충돌,안전운전불이행,젖음/습기,맑음,단일로 - 기타,화물,남,73세,상해없음,승용,여,40세,경상
2023011400100166,2023년 1월 14일 12시,토요일,전라남도 목포시 용해동,경상사고,0,0,2,0,차대차 - 기타,신호위반,건조,맑음,교차로 - 교차로안,승용,남,58세,상해없음,승용,남,65세,경상
2023011400100167,2023년 1월 14일 12시,토요일,전라남도 장흥군 용산면,중상사고,0,1,0,0,차량단독 - 공작물충돌,안전운전불이행,건조,흐림,교차로 - 교차로안,이륜,남,69세,중상,,,,
2023011400100168,2023년 1월 14일 12시,토요일,전라남도 함평군 손불면,중상사고,0,4,0,0,차대차 - 기타,안전운전불이행,건조,맑음,단일로 - 기타,특수,남,34세,중상,승용,남,49세,중상
2023011400100199,2023년 1월 14일 13시,토요일,전라남도 여수시 국동,경상사고,0,0,3,0,차대차 - 측면충돌,안전운전불이행,건조,맑음,교차로 - 교차로안,승용,여,43세,상해없음,승용,남,63세,경상
2023011400100200,2023년 1월 14일 13시,토요일,전라남도 나주시 남평읍,중상사고,0,1,1,0,차대차 - 추돌,안전운전불이행,젖음/습기,흐림,교차로 - 교차로부근,승용,여,43세,상해없음,이륜,남,80세,중상
2023011400100253,2023년 1월 14일 15시,토요일,전라남도 강진군 성전면,중상사고,0,1,1,0,차대차 - 측면충돌,안전거리미확보,건조,맑음,단일로 - 기타,건설기계,남,52세,상해없음,승용,남,24세,경상
2023011400100277,2023년 1월 14일 16시,토요일,전라남도 목포시 옥암동,경상사고,0,0,1,0,차대차 - 추돌,안전운전불이행,건조,맑음,기타 - 기타,승용,남,58세,기타불명,이륜,남,42세,경상
2023011400100278,2023년 1월 14일 16시,토요일,전라남도 담양군 창평면,경상사고,0,0,2,0,차대차 - 측면충돌,직진우회전진행방해,건조,맑음,교차로 - 교차로안,화물,남,29세,상해없음,승용,여,37세,경상
2023011400100308,2023년 1월 14일 17시,토요일,전라남도 목포시 상동,중상사고,0,1,0,0,차대사람 - 기타,안전운전불이행,건조,맑음,교차로 - 교차로횡단보도내,승용,남,71세,상해없음,보행자,여,70세,중상
2023011400100309,2023년 1월 14일 17시,토요일,전라남도 나주시 성북동,경상사고,0,0,1,0,차대차 - 기타,기타,건조,맑음,기타 - 기타,승용,여,47세,상해없음,이륜,남,50세,경상
2023011400100361,2023년 1월 14일 18시,토요일,전라남도 여수시 웅천동,중상사고,0,1,0,0,차대사람 - 횡단중,신호위반,젖음/습기,비,교차로 - 교차로횡단보도내,이륜,남,20세,상해없음,보행자,남,44세,중상
2023011400100362,2023년 1월 14일 18시,토요일,전라남도 영암군 삼호읍,부상신고사고,0,0,0,5,차대차 - 추돌,차로위반,건조,맑음,단일로 - 기타,승합,남,43세,상해없음,승용,남,32세,상해없음
2023011400100402,2023년 1월 14일 19시,토요일,전라남도 영암군 신북면,부상신고사고,0,0,0,1,차대차 - 추돌,안전운전불이행,건조,맑음,교차로 - 교차로부근,승용,남,51세,상해없음,승용,남,51세,상해없음
2023011400100435,2023년 1월 14일 20시,토요일,전라남도 목포시 연산동,경상사고,0,0,3,0,차대차 - 측면충돌,안전거리미확보,서리/결빙,맑음,단일로 - 기타,화물,남,30세,상해없음,승용,여,38세,경상
2023011400100436,2023년 1월 14일 20시,토요일,전라남도 여수시 웅천동,경상사고,0,0,2,0,차대차 - 추돌,안전운전불이행,젖음/습기,비,교차로 - 교차로부근,화물,남,60세,상해없음,승용,남,30세,경상
2023011400100437,2023년 1월 14일 20시,토요일,전라남도 영암군 신북면,사망사고,1,0,2,0,차대차 - 추돌,안전운전불이행,건조,맑음,단일로 - 기타,승용,남,65세,사망,승용,남,63세,경상
2023011400100455,2023년 1월 14일 21시,토요일,전라남도 순천시 조례동,경상사고,0,0,1,0,차대차 - 측면충돌,직진우회전진행방해,건조,맑음,교차로 - 교차로안,이륜,남,22세,경상,승용,남,61세,상해없음
2023011400100456,2023년 1월 14일 21시,토요일,전라남도 해남군 해남읍,경상사고,0,0,1,0,차대차 - 정면충돌,중앙선침범,건조,맑음,단일로 - 기타,이륜,남,18세,기타불명,개인형이동수단(PM),여,14세,경상
2023011400100500,2023년 1월 14일 23시,토요일,전라남도 여수시 교동,중상사고,0,2,1,0,차대사람 - 횡단중,신호위반,젖음/습기,비,단일로 - 기타,이륜,남,24세,경상,보행자,남,24세,중상