사고번호,사고일시,요일,시군구,사고내용,사망자수,중상자수,경상자수,부상신고자수,사고유형,법규위반,노면상태,기상상태,도로형태,가해운전자 차종,가해운전자 성별,가해운전자 연령,가해운전자 상해정도,피해운전자 차종,피해운전자 성별,피해운전자 연령,피해운전자 상해정도
2023012100100181,2023년 1월 21일 12시,토요일,전라남도 신안군 압해읍,경상사고,0,0,2,0,차대차 - 정면충돌,중앙선침범,건조,맑음,단일로 - 기타,승합,남,65세,상해없음,승용,남,36세,경상
2023012100100182,2023년 1월 21일 12시,토요일,전라남도 고흥군 금산면,중상사고,0,1,1,0,차대차 - 정면충돌,중앙선침범,건조,맑음,단일로 - 기타,화물,남,71세,경상,승용,남,66세,중상
2023012100100183,2023년 1월 21일 12시,토요일,전라남도 무안군 삼향읍,경상사고,0,0,1,0,차대차 - 측면충돌,안전운전불이행,건조,맑음,교차로 - 교차로안,승용,여,57세,상해없음,승용,여,37세,경상
2023012100100206,2023년 1월 21일 13시,토요일,전라남도 목포시 용해동,경상사고,0,0,1,0,차대차 - 측면충돌,차로위반,건조,맑음,교차로 - 교차로부근,승용,남,50세,상해없음,승용,남,39세,경상
2023012100100207,2023년 1월 21일 13시,토요일,전라남도 순천시 조례동,경상사고,0,0,1,0,차대차 - 측면충돌,안전운전불이행,건조,맑음,교차로 - 교차로부근,승용,여,69세,상해없음,승용,남,28세,경상
2023012100100231,2023년 1월 21일 14시,토요일,전라남도 여수시 중앙동,경상사고,0,0,3,0,차대차 - 측면충돌,안전운전불이행,건조,맑음,교차로 - 교차로안,승용,남,63세,상해없음,승용,여,28세,경상
2023012100100255,2023년 1월 21일 15시,토요일,전라남도 나주시 공산면,사망사고,1,0,0,0,차량단독 - 도로외이탈 - 기타,안전운전불이행,건조,맑음,단일로 - 기타,사륜오토바이(ATV),여,89세,사망,,,,
2023012100100256,2023년 1월 21일 15시,토요일,전라남도 담양군 담양읍,경상사고,0,0,2,0,차대차 - 측면충돌,안전운전불이행,건조,맑음,교차로 - 교차로안,승용,여,59세,상해없음,승용,남,41세,경상
2023012100100317,2023년 1월 21일 18시,토요일,전라남도 여수시 공화동,경상사고,0,0,1,0,차대차 - 기타,안전운전불이행,건조,맑음,교차로 - 교차로안,승용,여,60세,상해없음,화물,남,43세,경상
2023012100100318,2023년 1월 21일 18시,토요일,전라남도 영암군 영암읍,중상사고,0,2,1,0,차대차 - 측면충돌,안전운전불이행,건조,맑음,교차로 - 교차로안,승용,남,33세,상해없음,승용,여,64세,중상
2023012100100342,2023년 1월 21일 19시,토요일,전라남도 목포시 상동,경상사고,0,0,1,0,차대차 - 기타,직진우회전진행방해,건조,맑음,교차로 - 교차로안,승용,남,40세,상해없음,이륜,남,26세,경상
2023012100100343,2023년 1월 21일 19시,토요일,전라남도 순천시 조례동,경상사고,0,0,1,0,차대사람 - 기타,안전운전불이행,건조,맑음,단일로 - 기타,승용,남,53세,상해없음,보행자,남,53세,경상
2023012100100344,2023년 1월 21일 19시,토요일,전라남도 담양군 대전면,중상사고,0,1,0,0,차대사람 - 차도통행중,안전운전불이행,건조,맑음,단일로 - 기타,화물,남,43세,상해없음,보행자,남,53세,중상
2023012100100386,2023년 1월 21일 22시,토요일,전라남도 순천시 조례동,경상사고,0,0,1,0,차대사람 - 기타,안전운전불이행,건조,맑음,교차로 - 교차로부근,승용,남,63세,상해없음,보행자,남,28세,경상
2023012100100387,2023년 1월 21일 22시,토요일,전라남도 영암군 삼호읍,경상사고,0,0,5,0,차대차 - 측면충돌,안전거리미확보,건조,맑음,교차로 - 교차로안,승용,여,42세,경상,승용,남,21세,경상
2023012100100388,2023년 1월 21일 22시,토요일,전라남도 강진군 강진읍,중상사고,0,1,0,0,차대차 - 측면충돌,기타,건조,맑음,교차로 - 교차로안,이륜,남,17세,중상,승용,남,54세,상해없음
2023012100100389,2023년 1월 21일 22시,토요일,전라남도 완도군 완도읍,경상사고,0,0,1,0,차대사람 - 횡단중,안전운전불이행,건조,맑음,단일로 - 기타,승용,남,32세,상해없음,보행자,남,44세,경상
2023012100100400,2023년 1월 21일 23시,토요일,전라남도 담양군 대전면,경상사고,0,0,1,0,차량단독 - 전도전복 - 전도,안전운전불이행,건조,맑음,단일로 - 기타,이륜,남,26세,경상,,,,
2023012200100097,2023년 1월 22일 12시,일요일,전라남도 화순군 도곡면,경상사고,0,0,1,0,차량단독 - 공작물충돌,안전운전불이행,건조,맑음,단일로 - 기타,승용,남,62세,경상,,,,
2023012200100132,2023년 1월 22일 14시,일요일,전라남도 순천시 서면,경상사고,0,0,1,0,차대차 - 기타,신호위반,건조,맑음,단일로 - 기타,승용,남,42세,상해없음,승용,남,49세,상해없음
2023012200100156,2023년 1월 22일 15시,일요일,전라남도 여수시 화정면,경상사고,0,0,1,1,차대차 - 측면충돌,안전운전불이행,건조,맑음,주차장 - 주차장,승용,남,57세,상해없음,승용,여,31세,부상신고
2023012200100173,2023년 1월 22일 16시,일요일,전라남도 영암군 삼호읍,경상사고,0,0,3,0,차대차 - 추돌,안전운전불이행,건조,맑음,교차로 - 교차로부근,승용,남,32세,상해없음,승용,남,31세,상해없음
2023012200100222,2023년 1월 22일 19시,일요일,전라남도 영암군 미암면,경상사고,0,0,1,0,차량단독 - 도로외이탈 - 추락,안전운전불이행,건조,맑음,교차로 - 교차로부근,화물,남,56세,경상,,,,
2023012200100252,2023년 1월 22일 21시,일요일,전라남도 목포시 호남동,경상사고,0,0,2,0,차대차 - 추돌,안전운전불이행,건조,맑음,교차로 - 교차로부근,승용,남,46세,상해없음,화물,남,79세,경상
2023012200100280,2023년 1월 22일 23시,일요일,전라남도 여수시 학동,경상사고,0,0,1,0,차대사람 - 보도통행중,안전운전불이행,건조,맑음,단일로 - 기타,승용,남,35세,상해없음,보행자,여,25세,경상
2023012300100029,2023년 1월 23일 03시,월요일,전라남도 순천시 조례동,중상사고,0,1,1,0,차대차 - 추돌,안전운전불이행,건조,맑음,교차로 - 교차로부근,승용,남,37세,상해없음,승용,남,75세,경상
2023012300100052,2023년 1월 23일 08시,월요일,전라남도 목포시 옥암동,경상사고,0,0,1,0,차대차 - 추돌,안전운전불이행,건조,맑음,교차로 - 교차로부근,승용,남,52세,상해없음,승용,남,46세,상해없음
2023012300100071,2023년 1월 23일 10시,월요일,전라남도 목포시 산정동,경상사고,0,0,1,0,차대차 - 측면충돌,안전운전불이행,건조,맑음,교차로 - 교차로부근,승용,여,60세,상해없음,승용,남,55세,경상
2023012300100089,2023년 1월 23일 11시,월요일,전라남도 강진군 성전면,중상사고,0,4,0,1,차대차 - 추돌,안전운전불이행,건조,맑음,단일로 - 기타,승용,남,43세,부상신고,화물,남,62세,중상
2023012300100112,2023년 1월 23일 12시,월요일,전라남도 여수시 안산동,경상사고,0,0,1,0,차대차 - 기타,신호위반,건조,맑음,교차로 - 교차로안,이륜,남,61세,기타불명,승용,남,22세,경상
2023012300100113,2023년 1월 23일 12시,월요일,전라남도 순천시 해룡면,경상사고,0,0,7,0,차대차 - 기타,신호위반,건조,맑음,단일로 - 교량,승용,남,55세,상해없음,승용,남,48세,경상
2023012300100114,2023년 1월 23일 12시,월요일,전라남도 장흥군 장흥읍,중상사고,0,1,0,0,차대차 - 측면충돌,기타,건조,맑음,교차로 - 교차로안,승용,남,65세,상해없음,승용,남,52세,상해없음
2023012300100135,2023년 1월 23일 13시,월요일,전라남도 여수시 봉산동,중상사고,0,1,0,0,차대차 - 측면충돌,중앙선침범,건조,맑음,단일로 - 기타,승용,남,64세,상해없음,승용,남,75세,중상
2023012300100155,2023년 1월 23일 14시,월요일,전라남도 고흥군 동강면,경상사고,0,0,4,0,차대차 - 추돌,안전운전불이행,건조,맑음,기타 - 기타,승용,남,31세,상해없음,승용,남,31세,경상
2023012300100156,2023년 1월 23일 14시,월요일,전라남도 완도군 신지면,경상사고,0,0,1,0,차대차 - 추돌,안전운전불이행,건조,맑음,주차장 - 주차장,화물,여,31세,기타불명,승용,남,76세,기타불명
2023012300100176,2023년 1월 23일 15시,월요일,전라남도 고흥군 동강면,경상사고,0,0,5,0,차대차 - 추돌,안전운전불이행,건조,맑음,기타 - 기타,화물,남,49세,상해없음,승용,남,60세,상해없음
2023012300100201,2023년 1월 23일 16시,월요일,전라남도 목포시 상동,경상사고,0,0,2,0,차대차 - 측면충돌,교차로운행방법위반,건조,맑음,교차로 - 교차로안,승용,여,37세,상해없음,승용,남,52세,경상
2023012300100220,2023년 1월 23일 17시,월요일,전라남도 목포시 연산동,경상사고,0,0,1,0,차대차 - 기타,직진우회전진행방해,건조,맑음,교차로 - 교차로안,승용,여,33세,상해없음,이륜,남,37세,경상
2023012300100221,2023년 1월 23일 17시,월요일,전라남도 여수시 돌산읍,경상사고,0,0,1,0,차대차 - 추돌,안전운전불이행,건조,맑음,단일로 - 기타,승용,남,54세,상해없음,승용,여,25세,경상
2023012300100222,2023년 1월 23일 17시,월요일,전라남도 완도군 완도읍,경상사고,0,0,1,0,차대차 - 측면충돌,차로위반,건조,맑음,단일로 - 기타,승용,남,80세,상해없음,승용,남,55세,경상
2023012300100247,2023년 1월 23일 18시,월요일,전라남도 장흥군 장흥읍,경상사고,0,0,3,0,차대차 - 기타,안전운전불이행,건조,맑음,교차로 - 교차로안,승용,여,35세,경상,승합,남,47세,상해없음
2023012300100277,2023년 1월 23일 19시,월요일,전라남도 여수시 종화동,경상사고,0,0,1,0,차대사람 - 기타,안전운전불이행,건조,맑음,단일로 - 기타,승용,남,40세,상해없음,보행자,남,33세,경상
2023012300100278,2023년 1월 23일 19시,월요일,전라남도 무안군 일로읍,경상사고,0,0,1,0,차대차 - 정면충돌,신호위반,건조,맑음,교차로 - 교차로안,승용,남,29세,상해없음,승용,남,46세,경상
2023012300100297,2023년 1월 23일 20시,월요일,전라남도 목포시 용당동,경상사고,0,0,2,0,차대차 - 추돌,안전운전불이행,건조,맑음,교차로 - 교차로부근,승용,남,60세,상해없음,승용,여,47세,경상
2023012300100298,2023년 1월 23일 20시,월요일,전라남도 여수시 학동,경상사고,0,0,2,0,차대차 - 측면충돌,차로위반,건조,맑음,교차로 - 교차로안,원동기,남,31세,상해없음,승용,남,28세,경상
2023012300100331,2023년 1월 23일 22시,월요일,전라남도 해남군 해남읍,경상사고,0,0,2,0,차대차 - 측면충돌,직진우회전진행방해,건조,맑음,교차로 - 교차로안,승용,여,47세,상해없음,원동기,남,33세,경상
2023012300100349,2023년 1월 23일 23시,월요일,전라남도 순천시 조례동,경상사고,0,0,1,0,차대사람 - 기타,안전운전불이행,건조,맑음,단일로 - 기타,승용,남,24세,상해없음,보행자,남,25세,경상
2023012400100047,2023년 1월 24일 07시,화요일,전라남도 나주시 다시면,사망사고,1,0,1,0,차대차 - 측면충돌,중앙선침범,서리/결빙,눈,단일로 - 기타,화물,남,58세,경상,화물,남,63세,사망
2023012400100051,2023년 1월 24일 08시,화요일,전라남도 목포시 산정동,경상사고,0,0,1,0,차대차 - 기타,신호위반,적설,맑음,기타 - 기타,승용,남,64세,상해없음,승용,남,30세,경상
2023012400100064,2023년 1월 24일 10시,화요일,전라남도 장흥군 장평면,경상사고,0,0,1,0,차량단독 - 공작물충돌,안전운전불이행,적설,눈,교차로 - 교차로부근,승용,여,66세,경상,,,,
2023012400100065,2023년 1월 24일 10시,화요일,전라남도 강진군 성전면,경상사고,0,0,8,0,차대차 - 추돌,안전운전불이행,서리/결빙,눈,단일로 - 기타,승용,남,43세,상해없음,승용,남,51세,경상
2023012400100066,2023년 1월 24일 10시,화요일,전라남도 강진군 성전면,경상사고,0,0,8,0,차대차 - 추돌,안전운전불이행,서리/결빙,눈,단일로 - 기타,승용,남,38세,상해없음,승용,남,43세,상해없음
2023012400100082,2023년 1월 24일 11시,화요일,전라남도 해남군 산이면,중상사고,0,1,0,0,차대사람 - 기타,안전운전불이행,적설,눈,단일로 - 기타,승용,남,54세,상해없음,보행자,남,61세,중상
2023012400100083,2023년 1월 24일 11시,화요일,전라남도 강진군 성전면,경상사고,0,0,4,0,차대차 - 추돌,안전운전불이행,서리/결빙,눈,단일로 - 기타,승용,남,60세,상해없음,승용,남,60세,경상
2023012400100084,2023년 1월 24일 11시,화요일,전라남도 완도군 완도읍,경상사고,0,0,1,0,차대사람 - 횡단중,안전운전불이행,건조,맑음,주차장 - 주차장,승용,여,49세,상해없음,보행자,여,58세,경상
2023012400100102,2023년 1월 24일 12시,화요일,전라남도 순천시 해룡면,경상사고,0,0,2,0,차대차 - 기타,안전운전불이행,건조,맑음,단일로 - 기타,승용,여,32세,상해없음,승용,여,40세,경상
2023012400100125,2023년 1월 24일 13시,화요일,전라남도 장흥군 용산면,경상사고,0,0,1,0,차대차 - 기타,안전운전불이행,서리/결빙,눈,교차로 - 교차로안,승용,남,52세,기타불명,승용,남,73세,경상
2023012400100126,2023년 1월 24일 13시,화요일,전라남도 영암군 삼호읍,경상사고,0,0,5,0,차대차 - 추돌,안전거리미확보,적설,눈,교차로 - 교차로부근,승용,남,73세,경상,승용,남,57세,경상
2023012400100157,2023년 1월 24일 14시,화요일,전라남도 강진군 성전면,경상사고,0,0,3,1,차대차 - 추돌,안전운전불이행,서리/결빙,눈,단일로 - 기타,승용,남,78세,상해없음,승용,남,54세,경상
2023012400100158,2023년 1월 24일 14시,화요일,전라남도 무안군 일로읍,중상사고,0,1,1,0,차대차 - 기타,안전운전불이행,적설,눈,단일로 - 기타,승합,남,35세,상해없음,승용,남,49세,중상
2023012400100205,2023년 1월 24일 17시,화요일,전라남도 영암군 덕진면,경상사고,0,0,1,0,차대차 - 측면충돌,안전거리미확보,적설,눈,단일로 - 기타,화물,남,72세,상해없음,승용,남,59세,경상
2023012400100252,2023년 1월 24일 19시,화요일,전라남도 순천시 해룡면,경상사고,0,0,1,0,차대차 - 측면충돌,직진우회전진행방해,건조,맑음,단일로 - 기타,승용,여,27세,상해없음,이륜,남,58세,경상
2023012400100266,2023년 1월 24일 20시,화요일,전라남도 나주시 남평읍,사망사고,1,0,1,0,차대차 - 추돌,안전운전불이행,적설,눈,단일로 - 기타,승합,남,65세,사망,건설기계,남,61세,경상
2023012400100291,2023년 1월 24일 22시,화요일,전라남도 나주시 남평읍,경상사고,0,0,3,0,차대차 - 기타,직진우회전진행방해,적설,눈,교차로 - 교차로안,승합,남,55세,경상,승용,남,44세,경상
2023012500100145,2023년 1월 25일 11시,수요일,전라남도 순천시 생목동,사망사고,1,0,1,0,차대차 - 측면충돌,안전운전불이행,건조,맑음,단일로 - 기타,이륜,여,55세,사망,승용,남,57세,경상
2023012500100146,2023년 1월 25일 11시,수요일,전라남도 완도군 고금면,중상사고,0,1,0,0,차대차 - 기타,안전운전불이행,서리/결빙,눈,단일로 - 기타,승용,남,58세,상해없음,화물,남,38세,중상
2023012500100204,2023년 1월 25일 13시,수요일,전라남도 해남군 송지면,중상사고,0,2,4,0,차대차 - 측면충돌,중앙선침범,서리/결빙,맑음,교차로 - 교차로부근,화물,남,67세,중상,승용,여,54세,중상
2023012500100232,2023년 1월 25일 14시,수요일,전라남도 무안군 몽탄면,사망사고,1,0,0,0,차량단독 - 공작물충돌,안전운전불이행,적설,맑음,단일로 - 교량,화물,남,36세,상해없음,,,,
2023012500100267,2023년 1월 25일 15시,수요일,전라남도 해남군 마산면,경상사고,0,0,1,0,차대차 - 정면충돌,안전운전불이행,서리/결빙,맑음,단일로 - 기타,승용,남,27세,상해없음,승용,남,29세,경상
2023012500100268,2023년 1월 25일 15시,수요일,전라남도 보성군 보성읍,경상사고,0,0,1,0,차대차 - 측면충돌,직진우회전진행방해,건조,맑음,교차로 - 교차로안,화물,남,64세,상해없음,승용,여,62세,경상
2023012500100302,2023년 1월 25일 16시,수요일,전라남도 목포시 옥암동,경상사고,0,0,3,0,차대차 - 기타,신호위반,건조,맑음,교차로 - 교차로안,승용,남,44세,상해없음,승용,남,31세,경상
2023012500100303,2023년 1월 25일 16시,수요일,전라남도 함평군 함평읍,중상사고,0,1,0,0,차량단독 - 공작물충돌,안전운전불이행,건조,맑음,단일로 - 기타,화물,남,65세,중상,,,,
2023012500100336,2023년 1월 25일 17시,수요일,전라남도 광양시 광양읍,경상사고,0,0,1,0,차대차 - 측면충돌,신호위반,건조,맑음,교차로 - 교차로안,승용,남,82세,상해없음,이륜,남,20세,경상
2023012500100397,2023년 1월 25일 19시,수요일,전라남도 강진군 작천면,중상사고,0,1,4,0,차대차 - 기타,안전운전불이행,적설,눈,기타 - 기타,승합,남,61세,상해없음,승용,남,22세,상해없음
2023012500100418,2023년 1월 25일 20시,수요일,전라남도 무안군 청계면,경상사고,0,0,1,0,차대차 - 추돌,안전운전불이행,건조,맑음,교차로 - 교차로부근,승용,여,50세,상해없음,승용,여,19세,경상
2023012500100455,2023년 1월 25일 23시,수요일,전라남도 목포시 상동,경상사고,0,0,3,0,차대차 - 기타,안전거리미확보,건조,기타,교차로 - 교차로부근,승용,남,39세,상해없음,승용,남,22세,경상
2023012600100026,2023년 1월 26일 05시,목요일,전라남도 목포시 옥암동,경상사고,0,0,1,0,차대차 - 정면충돌,안전운전불이행,적설,흐림,교차로 - 교차로안,화물,남,45세,상해없음,승용,여,76세,경상
2023012600100032,2023년 1월 26일 06시,목요일,전라남도 여수시 웅천동,경상사고,0,0,1,0,차대사람 - 기타,안전거리미확보,건조,맑음,단일로 - 기타,승용,여,64세,상해없음,보행자,남,45세,경상
2023012600100050,2023년 1월 26일 07시,목요일,전라남도 장성군 장성읍,중상사고,0,1,0,0,차대차 - 기타,직진우회전진행방해,건조,맑음,교차로 - 교차로안,승용,남,58세,상해없음,승용,남,82세,중상
2023012600100064,2023년 1월 26일 08시,목요일,전라남도 영암군 영암읍,경상사고,0,0,2,0,차대차 - 측면충돌,안전거리미확보,적설,맑음,단일로 - 기타,승용,여,38세,상해없음,승용,남,41세,경상
2023012600100065,2023년 1월 26일 08시,목요일,전라남도 광양시 광양읍,경상사고,0,0,1,0,차대차 - 측면충돌,직진우회전진행방해,건조,맑음,교차로 - 교차로안,승용,남,27세,상해없음,승용,남,72세,상해없음
2023012600100084,2023년 1월 26일 09시,목요일,전라남도 여수시 남산동,경상사고,0,0,1,0,차대차 - 측면충돌,차로위반,건조,맑음,단일로 - 기타,특수,남,50세,상해없음,승용,남,56세,경상
2023012600100113,2023년 1월 26일 11시,목요일,전라남도 장성군 황룡면,경상사고,0,0,1,0,차대차 - 정면충돌,안전운전불이행,건조,맑음,단일로 - 기타,승합,남,55세,상해없음,승용,남,37세,경상
2023012600100131,2023년 1월 26일 12시,목요일,전라남도 목포시 상동,경상사고,0,0,1,0,차대차 - 기타,직진우회전진행방해,적설,흐림,교차로 - 교차로안,승용,남,59세,경상,승용,남,43세,상해없음
2023012600100132,2023년 1월 26일 12시,목요일,전라남도 화순군 동면,중상사고,0,1,0,0,차량단독 - 도로외이탈 - 기타,안전운전불이행,젖음/습기,맑음,단일로 - 기타,화물,남,40세,중상,,,,
2023012600100164,2023년 1월 26일 14시,목요일,전라남도 담양군 고서면,경상사고,0,0,1,0,차대차 - 측면충돌,중앙선침범,서리/결빙,눈,단일로 - 기타,승합,남,57세,상해없음,승용,여,41세,경상
2023012600100184,2023년 1월 26일 15시,목요일,전라남도 목포시 산정동,경상사고,0,0,1,0,차대차 - 추돌,안전운전불이행,건조,맑음,단일로 - 기타,승용,남,56세,상해없음,승용,여,27세,경상
2023012600100185,2023년 1월 26일 15시,목요일,전라남도 영암군 신북면,중상사고,0,2,2,0,차량단독 - 도로외이탈 - 추락,안전운전불이행,서리/결빙,비,교차로 - 교차로부근,승용,남,49세,경상,,,,
2023012600100186,2023년 1월 26일 15시,목요일,전라남도 곡성군 오산면,경상사고,0,0,1,0,차량단독 - 기타,안전운전불이행,서리/결빙,맑음,단일로 - 교량,화물,남,50세,경상,,,,
2023012600100216,2023년 1월 26일 16시,목요일,전라남도 여수시 웅천동,경상사고,0,0,1,0,차대사람 - 횡단중,보행자보호의무위반,건조,맑음,교차로 - 교차로횡단보도내,승용,여,49세,상해없음,보행자,남,9세,경상
2023012600100257,2023년 1월 26일 18시,목요일,전라남도 순천시 조례동,경상사고,0,0,5,0,차대차 - 측면충돌,안전거리미확보,건조,맑음,교차로 - 교차로안,승용,여,32세,상해없음,승용,여,41세,경상
2023012700100004,2023년 1월 27일 00시,금요일,전라남도 장성군 북이면,중상사고,0,1,0,0,차량단독 - 공작물충돌,안전운전불이행,서리/결빙,맑음,단일로 - 기타,화물,남,29세,상해없음,,,,
2023012700100084,2023년 1월 27일 08시,금요일,전라남도 장성군 남면,경상사고,0,0,1,0,차대차 - 정면충돌,안전운전불이행,적설,눈,단일로 - 기타,승용,남,30세,상해없음,승용,남,38세,경상
2023012700100114,2023년 1월 27일 09시,금요일,전라남도 화순군 화순읍,중상사고,0,1,0,0,차대차 - 측면충돌,안전운전불이행,건조,맑음,교차로 - 교차로안,이륜,여,33세,중상,승용,남,63세,상해없음
2023012700100115,2023년 1월 27일 09시,금요일,전라남도 광양시 광양읍,경상사고,0,0,1,0,차대차 - 측면충돌,안전운전불이행,건조,맑음,교차로 - 교차로안,승용,남,21세,상해없음,승용,남,27세,경상
2023012700100116,2023년 1월 27일 09시,금요일,전라남도 함평군 손불면,중상사고,0,1,1,0,차대차 - 측면충돌,기타,적설,눈,단일로 - 기타,승용,남,52세,상해없음,승용,남,41세,경상
2023012700100137,2023년 1월 27일 10시,금요일,전라남도 목포시 산정동,중상사고,0,1,0,0,차대사람 - 횡단중,안전운전불이행,젖음/습기,눈,교차로 - 교차로부근,승용,남,77세,상해없음,보행자,남,68세,중상
2023012700100138,2023년 1월 27일 10시,금요일,전라남도 여수시 학동,중상사고,0,1,0,0,차대차 - 정면충돌,교차로운행방법위반,건조,맑음,교차로 - 교차로안,승용,남,38세,상해없음,승용,여,37세,중상
2023012700100139,2023년 1월 27일 10시,금요일,전라남도 순천시 덕암동,경상사고,0,0,1,0,차대차 - 기타,안전운전불이행,건조,맑음,교차로 - 교차로안,화물,남,66세,상해없음,승용,여,56세,경상
2023012700100140,2023년 1월 27일 10시,금요일,전라남도 장흥군 장흥읍,경상사고,0,0,1,0,차대차 - 측면충돌,안전운전불이행,건조,맑음,단일로 - 기타,승합,남,61세,상해없음,자전거,여,81세,상해없음
2023012700100173,2023년 1월 27일 11시,금요일,전라남도 목포시 용해동,경상사고,0,0,3,0,차대차 - 기타,안전운전불이행,서리/결빙,눈,교차로 - 교차로안,화물,남,56세,경상,승용,여,49세,경상
2023012700100174,2023년 1월 27일 11시,금요일,전라남도 진도군 진도읍,경상사고,0,0,2,0,차대차 - 측면충돌,안전거리미확보,젖음/습기,흐림,교차로 - 교차로부근,승용,남,31세,경상,화물,남,60세,경상
2023012700100202,2023년 1월 27일 12시,금요일,전라남도 강진군 신전면,부상신고사고,0,0,0,1,차량단독 - 공작물충돌,안전운전불이행,서리/결빙,맑음,단일로 - 기타,승용,여,40세,부상신고,,,,
2023012700100233,2023년 1월 27일 13시,금요일,전라남도 순천시 연향동,경상사고,0,0,1,0,차대차 - 기타,안전운전불이행,건조,맑음,교차로 - 교차로횡단보도내,승용,남,63세,상해없음,개인형이동수단(PM),남,15세,경상
2023012700100298,2023년 1월 27일 15시,금요일,전라남도 목포시 산정동,경상사고,0,0,2,0,차대차 - 추돌,안전운전불이행,적설,흐림,단일로 - 기타,승용,남,18세,상해없음,승용,남,65세,경상
2023012700100375,2023년 1월 27일 17시,금요일,전라남도 신안군 자은면,경상사고,0,0,1,0,차대차 - 측면충돌,안전운전불이행,서리/결빙,눈,교차로 - 교차로안,화물,기타불명,미분류,기타불명,승용,여,61세,경상
2023012700100376,2023년 1월 27일 17시,금요일,전라남도 나주시 금천면,경상사고,0,0,1,0,차대차 - 추돌,안전거리미확보,건조,맑음,단일로 - 기타,승용,여,40세,상해없음,승용,여,66세,경상
2023012700100428,2023년 1월 27일 18시,금요일,전라남도 목포시 상동,경상사고,0,0,1,0,차대차 - 측면충돌,신호위반,건조,맑음,교차로 - 교차로안,승용,남,50세,상해없음,승용,남,31세,경상
2023012700100429,2023년 1월 27일 18시,금요일,전라남도 완도군 완도읍,중상사고,0,1,0,0,차대차 - 측면충돌,직진우회전진행방해,건조,맑음,교차로 - 교차로안,승용,여,63세,상해없음,승용,남,38세,중상
2023012700100460,2023년 1월 27일 19시,금요일,전라남도 목포시 상동,경상사고,0,0,2,0,차대차 - 측면충돌,안전운전불이행,적설,눈,교차로 - 교차로부근,승용,여,60세,경상,승용,남,32세,경상
2023012700100461,2023년 1월 27일 19시,금요일,전라남도 여수시 안산동,경상사고,0,0,1,0,차대차 - 측면충돌,교차로운행방법위반,건조,맑음,교차로 - 교차로안,승용,여,73세,상해없음,승용,여,31세,경상
2023012700100521,2023년 1월 27일 21시,금요일,전라남도 영암군 영암읍,경상사고,0,0,1,0,차대차 - 추돌,안전거리미확보,적설,눈,단일로 - 기타,승용,남,38세,상해없음,승용,여,38세,경상
2023012700100547,2023년 1월 27일 22시,금요일,전라남도 순천시 연향동,경상사고,0,0,3,0,차대차 - 기타,교차로운행방법위반,건조,맑음,교차로 - 교차로안,승용,남,60세,경상,승용,여,25세,경상
2023012800100013,2023년 1월 28일 00시,토요일,전라남도 영암군 영암읍,중상사고,0,1,0,0,차대차 - 측면충돌,안전운전불이행,적설,눈,단일로 - 기타,승용,남,54세,상해없음,화물,남,69세,중상
2023012800100067,2023년 1월 28일 07시,토요일,전라남도 보성군 벌교읍,경상사고,0,0,1,0,차대차 - 정면충돌,안전운전불이행,건조,맑음,교차로 - 교차로안,화물,남,47세,상해없음,화물,남,55세,경상
2023012800100078,2023년 1월 28일 08시,토요일,전라남도 담양군 담양읍,경상사고,0,0,1,0,차대차 - 측면충돌,안전운전불이행,건조,맑음,교차로 - 교차로안,화물,남,35세,상해없음,승용,남,28세,경상
2023012800100092,2023년 1월 28일 09시,토요일,전라남도 목포시 상동,경상사고,0,0,1,0,차대사람 - 기타,안전운전불이행,건조,맑음,단일로 - 기타,승용,남,62세,상해없음,보행자,남,70세,경상
2023012800100093,2023년 1월 28일 09시,토요일,전라남도 여수시 학동,경상사고,0,0,4,0,차대차 - 측면충돌,교차로운행방법위반,건조,맑음,교차로 - 교차로안,승용,남,25세,상해없음,승용,남,38세,경상
2023012800100172,2023년 1월 28일 12시,토요일,전라남도 여수시 상암동,중상사고,0,1,1,0,차대차 - 측면충돌,중앙선침범,건조,맑음,단일로 - 기타,승용,남,61세,기타불명,승용,남,66세,중상
2023012800100173,2023년 1월 28일 12시,토요일,전라남도 여수시 학동,경상사고,0,0,1,0,차대사람 - 기타,안전운전불이행,건조,맑음,교차로 - 교차로부근,승용,남,62세,상해없음,보행자,남,60세,경상
2023012800100206,2023년 1월 28일 13시,토요일,전라남도 목포시 산정동,경상사고,0,0,1,0,차대차 - 기타,중앙선침범,서리/결빙,눈,단일로 - 기타,승용,남,51세,상해없음,화물,남,59세,경상
2023012800100229,2023년 1월 28일 14시,토요일,전라남도 여수시 돌산읍,사망사고,1,0,0,0,차량단독 - 기타,안전운전불이행,건조,맑음,단일로 - 기타,사륜오토바이(ATV),여,70세,사망,,,,
2023012800100351,2023년 1월 28일 18시,토요일,전라남도 화순군 화순읍,중상사고,0,1,1,0,차대차 - 정면충돌,중앙선침범,건조,흐림,단일로 - 기타,승용,남,60세,중상,화물,여,62세,경상
2023012800100352,2023년 1월 28일 18시,토요일,전라남도 영암군 삼호읍,사망사고,1,0,0,0,차대사람 - 차도통행중,안전운전불이행,건조,맑음,단일로 - 기타,승용,남,49세,상해없음,보행자,남,59세,사망