사고번호,사고일시,요일,시군구,사고내용,사망자수,중상자수,경상자수,부상신고자수,사고유형,법규위반,노면상태,기상상태,도로형태,가해운전자 차종,가해운전자 성별,가해운전자 연령,가해운전자 상해정도,피해운전자 차종,피해운전자 성별,피해운전자 연령,피해운전자 상해정도
2023012800100353,2023년 1월 28일 18시,토요일,전라남도 장성군 장성읍,중상사고,0,1,2,1,차대차 - 측면충돌,안전운전불이행,서리/결빙,맑음,단일로 - 기타,화물,남,67세,부상신고,승용,남,23세,경상
2023012800100391,2023년 1월 28일 19시,토요일,전라남도 강진군 신전면,중상사고,0,1,0,0,차대사람 - 기타,안전운전불이행,건조,흐림,단일로 - 기타,승용,남,31세,상해없음,보행자,여,17세,중상
2023012800100392,2023년 1월 28일 19시,토요일,전라남도 영광군 영광읍,경상사고,0,0,1,0,차대차 - 추돌,안전운전불이행,젖음/습기,흐림,단일로 - 기타,화물,남,65세,상해없음,특수,남,43세,경상
2023012800100466,2023년 1월 28일 23시,토요일,전라남도 목포시 상동,경상사고,0,0,2,0,차대차 - 추돌,안전운전불이행,건조,맑음,교차로 - 교차로부근,승용,남,45세,상해없음,승용,남,65세,경상
2023012900100009,2023년 1월 29일 00시,일요일,전라남도 순천시 연향동,경상사고,0,0,1,0,차대사람 - 차도통행중,안전운전불이행,건조,맑음,교차로 - 교차로안,화물,남,23세,상해없음,보행자,남,27세,경상
2023012900100038,2023년 1월 29일 04시,일요일,전라남도 여수시 신기동,경상사고,0,0,1,0,차량단독 - 공작물충돌,안전운전불이행,건조,맑음,교차로 - 교차로부근,승용,남,24세,상해없음,,,,
2023012900100157,2023년 1월 29일 13시,일요일,전라남도 장성군 황룡면,경상사고,0,0,1,0,차대사람 - 기타,안전운전불이행,건조,맑음,교차로 - 교차로부근,승용,남,61세,상해없음,보행자,여,62세,경상
2023012900100158,2023년 1월 29일 13시,일요일,전라남도 광양시 중동,경상사고,0,0,1,0,차량단독 - 공작물충돌,안전운전불이행,건조,맑음,교차로 - 교차로안,승용,남,66세,상해없음,,,,
2023012900100223,2023년 1월 29일 16시,일요일,전라남도 여수시 돌산읍,경상사고,0,0,1,0,차대사람 - 차도통행중,안전운전불이행,건조,맑음,단일로 - 기타,승용,남,28세,상해없음,보행자,여,61세,경상
2023012900100296,2023년 1월 29일 19시,일요일,전라남도 목포시 산정동,경상사고,0,0,3,0,차대차 - 측면충돌,안전운전불이행,건조,맑음,교차로 - 교차로안,화물,남,50세,상해없음,승용,남,21세,경상
2023012900100297,2023년 1월 29일 19시,일요일,전라남도 무안군 무안읍,경상사고,0,0,1,0,차대차 - 측면충돌,안전운전불이행,젖음/습기,맑음,교차로 - 교차로안,승용,기타불명,미분류,기타불명,승용,남,27세,경상
2023012900100317,2023년 1월 29일 20시,일요일,전라남도 순천시 왕지동,경상사고,0,0,1,0,차대차 - 측면충돌,안전운전불이행,건조,맑음,교차로 - 교차로부근,화물,남,51세,상해없음,승용,남,32세,경상
2023012900100359,2023년 1월 29일 23시,일요일,전라남도 여수시 덕충동,경상사고,0,0,1,0,차대차 - 측면충돌,안전운전불이행,건조,맑음,교차로 - 교차로안,승용,여,51세,상해없음,승용,여,45세,경상
2023013000100042,2023년 1월 30일 06시,월요일,전라남도 목포시 대양동,중상사고,0,1,0,0,차대차 - 측면충돌,안전운전불이행,건조,맑음,교차로 - 교차로안,승용,남,60세,상해없음,화물,남,63세,중상
2023013000100043,2023년 1월 30일 06시,월요일,전라남도 순천시 오천동,중상사고,0,1,0,0,차대차 - 정면충돌,중앙선침범,건조,맑음,단일로 - 기타,화물,남,77세,상해없음,승용,남,35세,중상
2023013000100091,2023년 1월 30일 08시,월요일,전라남도 해남군 해남읍,경상사고,0,0,1,0,차대차 - 측면충돌,신호위반,건조,맑음,교차로 - 교차로안,원동기,남,85세,경상,승용,남,65세,상해없음
2023013000100092,2023년 1월 30일 08시,월요일,전라남도 함평군 해보면,경상사고,0,0,2,0,차대차 - 기타,안전거리미확보,건조,맑음,단일로 - 기타,승용,남,38세,상해없음,승용,남,44세,경상
2023013000100133,2023년 1월 30일 09시,월요일,전라남도 순천시 황전면,경상사고,0,0,1,0,차량단독 - 기타,안전운전불이행,건조,맑음,교차로 - 교차로부근,승합,남,32세,상해없음,,,,
2023013000100134,2023년 1월 30일 09시,월요일,전라남도 광양시 마동,경상사고,0,0,1,0,차대차 - 측면충돌,안전운전불이행,건조,맑음,단일로 - 기타,화물,남,39세,상해없음,승용,여,32세,경상
2023013000100159,2023년 1월 30일 10시,월요일,전라남도 여수시 교동,경상사고,0,0,1,0,차대사람 - 차도통행중,안전운전불이행,건조,맑음,교차로 - 교차로안,화물,남,74세,상해없음,보행자,남,77세,경상
2023013000100288,2023년 1월 30일 14시,월요일,전라남도 목포시 보광동3가,경상사고,0,0,1,0,차대차 - 기타,직진우회전진행방해,건조,맑음,교차로 - 교차로안,승용,여,57세,상해없음,승용,여,60세,경상
2023013000100289,2023년 1월 30일 14시,월요일,전라남도 순천시 덕암동,경상사고,0,0,1,0,차대차 - 측면충돌,안전운전불이행,건조,맑음,교차로 - 교차로안,건설기계,남,58세,상해없음,승용,여,59세,경상
2023013000100328,2023년 1월 30일 15시,월요일,전라남도 영암군 삼호읍,경상사고,0,0,1,0,차대차 - 기타,안전운전불이행,건조,맑음,단일로 - 기타,화물,남,33세,상해없음,승용,남,61세,경상
2023013000100329,2023년 1월 30일 15시,월요일,전라남도 광양시 중동,경상사고,0,0,1,0,차대차 - 측면충돌,안전거리미확보,건조,맑음,단일로 - 기타,특수,남,40세,상해없음,승용,여,36세,경상
2023013000100396,2023년 1월 30일 17시,월요일,전라남도 광양시 광양읍,중상사고,0,1,0,0,차대차 - 측면충돌,안전운전불이행,건조,맑음,단일로 - 기타,자전거,남,68세,중상,승용,남,60세,상해없음
2023013000100397,2023년 1월 30일 17시,월요일,전라남도 광양시 도이동,중상사고,0,1,1,0,차대차 - 측면충돌,직진우회전진행방해,건조,맑음,교차로 - 교차로안,승용,남,64세,중상,특수,남,63세,경상
2023013000100440,2023년 1월 30일 18시,월요일,전라남도 광양시 광양읍,경상사고,0,0,2,0,차대차 - 추돌,안전운전불이행,건조,맑음,교차로 - 교차로부근,승합,여,40세,상해없음,승용,남,45세,경상
2023013100100011,2023년 1월 31일 00시,화요일,전라남도 목포시 연산동,경상사고,0,0,1,0,차대차 - 기타,신호위반,건조,맑음,교차로 - 교차로안,승용,남,19세,상해없음,승용,남,49세,상해없음
2023013100100012,2023년 1월 31일 00시,화요일,전라남도 목포시 산정동,경상사고,0,0,1,0,차대차 - 추돌,안전운전불이행,건조,맑음,단일로 - 기타,승용,남,23세,상해없음,승용,남,47세,경상
2023013100100024,2023년 1월 31일 01시,화요일,전라남도 목포시 용해동,중상사고,0,1,2,0,차대차 - 정면충돌,중앙선침범,건조,맑음,단일로 - 기타,승용,남,31세,경상,승용,남,33세,경상
2023013100100075,2023년 1월 31일 07시,화요일,전라남도 해남군 해남읍,중상사고,0,1,0,0,차대차 - 측면충돌,안전운전불이행,건조,맑음,교차로 - 교차로안,승용,남,47세,상해없음,자전거,남,68세,중상
2023013100100076,2023년 1월 31일 07시,화요일,전라남도 함평군 대동면,부상신고사고,0,0,0,1,차대차 - 측면충돌,교차로운행방법위반,건조,맑음,교차로 - 교차로안,승용,여,56세,부상신고,건설기계,남,50세,상해없음
2023013100100101,2023년 1월 31일 08시,화요일,전라남도 나주시 남평읍,경상사고,0,0,1,0,차대차 - 측면충돌,신호위반,건조,맑음,교차로 - 교차로안,승용,여,61세,상해없음,승용,여,28세,경상
2023013100100102,2023년 1월 31일 08시,화요일,전라남도 강진군 군동면,경상사고,0,0,3,0,차대차 - 추돌,안전운전불이행,건조,맑음,단일로 - 기타,승용,여,66세,경상,화물,남,66세,상해없음
2023013100100103,2023년 1월 31일 08시,화요일,전라남도 진도군 진도읍,경상사고,0,0,1,0,차대차 - 측면충돌,안전거리미확보,건조,맑음,단일로 - 지하차도(도로)내,승용,남,65세,상해없음,승용,여,27세,경상
2023013100100104,2023년 1월 31일 08시,화요일,전라남도 구례군 구례읍,경상사고,0,0,1,0,차대차 - 기타,직진우회전진행방해,건조,맑음,교차로 - 교차로안,승용,여,55세,상해없음,승합,남,61세,경상
2023013100100135,2023년 1월 31일 09시,화요일,전라남도 여수시 봉산동,중상사고,0,1,0,0,차대사람 - 횡단중,안전운전불이행,건조,맑음,단일로 - 기타,승용,여,48세,상해없음,보행자,남,80세,중상
2023013100100136,2023년 1월 31일 09시,화요일,전라남도 광양시 중동,경상사고,0,0,1,0,차대차 - 측면충돌,안전운전불이행,건조,맑음,교차로 - 교차로안,승용,여,39세,상해없음,승용,여,56세,경상
2023013100100181,2023년 1월 31일 11시,화요일,전라남도 영암군 삼호읍,경상사고,0,0,2,0,차대차 - 추돌,안전거리미확보,건조,맑음,단일로 - 교량,승용,남,27세,상해없음,승용,여,21세,경상
2023013100100206,2023년 1월 31일 12시,화요일,전라남도 강진군 강진읍,중상사고,0,1,0,0,차대차 - 측면충돌,직진우회전진행방해,건조,맑음,교차로 - 교차로안,승용,여,48세,상해없음,이륜,남,29세,중상
2023013100100207,2023년 1월 31일 12시,화요일,전라남도 곡성군 옥과면,중상사고,0,1,0,0,차대차 - 측면충돌,직진우회전진행방해,건조,맑음,교차로 - 교차로안,원동기,남,66세,중상,승용,남,52세,상해없음
2023013100100235,2023년 1월 31일 13시,화요일,전라남도 여수시 남산동,경상사고,0,0,1,0,차대차 - 기타,교차로운행방법위반,건조,맑음,교차로 - 교차로안,승용,남,76세,상해없음,이륜,남,48세,경상
2023013100100236,2023년 1월 31일 13시,화요일,전라남도 여수시 여서동,경상사고,0,0,1,0,차대차 - 측면충돌,안전운전불이행,건조,맑음,단일로 - 기타,승용,남,53세,상해없음,승용,남,77세,경상
2023013100100279,2023년 1월 31일 14시,화요일,전라남도 목포시 연산동,경상사고,0,0,2,0,차대차 - 측면충돌,안전운전불이행,건조,맑음,교차로 - 교차로안,승용,남,59세,상해없음,승용,남,56세,경상
2023013100100304,2023년 1월 31일 15시,화요일,전라남도 해남군 황산면,중상사고,0,1,0,0,차대차 - 추돌,안전운전불이행,건조,맑음,단일로 - 교량,화물,남,34세,상해없음,승용,남,75세,중상
2023013100100305,2023년 1월 31일 15시,화요일,전라남도 구례군 산동면,경상사고,0,0,2,0,차대차 - 측면충돌,직진우회전진행방해,건조,맑음,교차로 - 교차로부근,화물,남,54세,경상,승용,남,29세,경상
2023013100100339,2023년 1월 31일 16시,화요일,전라남도 목포시 옥암동,경상사고,0,0,1,0,차대차 - 추돌,안전운전불이행,건조,맑음,교차로 - 교차로부근,승용,여,45세,상해없음,화물,남,47세,경상
2023013100100340,2023년 1월 31일 16시,화요일,전라남도 구례군 구례읍,중상사고,0,4,0,0,차대차 - 측면충돌,중앙선침범,건조,맑음,단일로 - 기타,화물,남,49세,중상,화물,여,60세,중상
2023013100100385,2023년 1월 31일 17시,화요일,전라남도 목포시 옥암동,경상사고,0,0,1,0,차대차 - 기타,안전운전불이행,건조,맑음,단일로 - 기타,승합,기타불명,미분류,기타불명,승용,여,41세,경상
2023013100100386,2023년 1월 31일 17시,화요일,전라남도 장성군 장성읍,경상사고,0,0,1,0,차대사람 - 횡단중,안전운전불이행,건조,맑음,단일로 - 기타,화물,남,69세,상해없음,보행자,남,53세,경상
2023013100100430,2023년 1월 31일 18시,화요일,전라남도 신안군 도초면,중상사고,0,1,0,0,차대차 - 추돌,안전운전불이행,기타,기타,단일로 - 기타,승용,남,52세,상해없음,농기계,남,79세,중상
2023013100100469,2023년 1월 31일 19시,화요일,전라남도 영암군 삼호읍,경상사고,0,0,2,0,차대차 - 측면충돌,안전거리미확보,건조,맑음,단일로 - 기타,승용,남,59세,상해없음,승용,남,34세,상해없음
2023013100100470,2023년 1월 31일 19시,화요일,전라남도 광양시 광양읍,경상사고,0,0,1,0,차대사람 - 횡단중,보행자보호의무위반,건조,맑음,교차로 - 교차로부근,이륜,남,45세,상해없음,보행자,여,21세,경상
2023013100100530,2023년 1월 31일 21시,화요일,전라남도 순천시 석현동,경상사고,0,0,1,0,차대차 - 기타,안전운전불이행,건조,맑음,단일로 - 기타,승용,여,40세,상해없음,이륜,남,48세,경상
2023013100100550,2023년 1월 31일 22시,화요일,전라남도 장성군 장성읍,중상사고,0,1,0,0,차대차 - 정면충돌,중앙선침범,건조,맑음,단일로 - 기타,화물,남,52세,상해없음,승용,여,60세,중상
2023020100100052,2023년 2월 1일 06시,수요일,전라남도 장흥군 장평면,중상사고,0,1,0,0,차대사람 - 기타,안전운전불이행,건조,맑음,단일로 - 기타,승용,여,53세,상해없음,보행자,남,69세,중상
2023020100100063,2023년 2월 1일 07시,수요일,전라남도 무안군 망운면,경상사고,0,0,2,0,차대차 - 측면충돌,신호위반,건조,맑음,교차로 - 교차로안,승용,남,68세,상해없음,승용,여,54세,경상
2023020100100064,2023년 2월 1일 07시,수요일,전라남도 광양시 광양읍,경상사고,0,0,2,0,차대차 - 측면충돌,교차로운행방법위반,건조,맑음,교차로 - 교차로안,승용,남,72세,경상,승용,남,33세,경상
2023020100100111,2023년 2월 1일 09시,수요일,전라남도 순천시 승주읍,중상사고,0,1,0,0,차량단독 - 전도전복 - 전도,안전운전불이행,건조,맑음,단일로 - 기타,농기계,여,80세,중상,,,,
2023020100100112,2023년 2월 1일 09시,수요일,전라남도 고흥군 도양읍,경상사고,0,0,2,0,차대차 - 기타,교차로운행방법위반,건조,맑음,교차로 - 교차로안,승용,여,23세,경상,승용,여,39세,경상
2023020100100175,2023년 2월 1일 11시,수요일,전라남도 여수시 오림동,중상사고,0,1,0,0,차대차 - 측면충돌,교차로운행방법위반,건조,맑음,교차로 - 교차로안,승용,남,48세,상해없음,승용,남,69세,중상
2023020100100205,2023년 2월 1일 12시,수요일,전라남도 목포시 산정동,경상사고,0,0,1,0,차대차 - 측면충돌,안전운전불이행,건조,맑음,단일로 - 기타,화물,남,60세,상해없음,특수,남,54세,경상
2023020100100206,2023년 2월 1일 12시,수요일,전라남도 장흥군 유치면,경상사고,0,0,1,0,차량단독 - 공작물충돌,안전운전불이행,서리/결빙,맑음,단일로 - 기타,승용,여,44세,경상,,,,
2023020100100207,2023년 2월 1일 12시,수요일,전라남도 장성군 장성읍,경상사고,0,0,1,0,차대차 - 측면충돌,안전운전불이행,건조,맑음,교차로 - 교차로안,승용,여,49세,상해없음,승용,남,63세,경상
2023020100100208,2023년 2월 1일 12시,수요일,전라남도 담양군 담양읍,중상사고,0,1,0,0,차대차 - 측면충돌,신호위반,건조,맑음,단일로 - 기타,원동기,남,65세,상해없음,자전거,남,70세,중상
2023020100100209,2023년 2월 1일 12시,수요일,전라남도 광양시 광양읍,경상사고,0,0,2,0,차대차 - 측면충돌,직진우회전진행방해,건조,맑음,교차로 - 교차로안,승용,남,42세,경상,특수,남,48세,경상
2023020100100230,2023년 2월 1일 13시,수요일,전라남도 목포시 상동,중상사고,0,1,0,0,차대차 - 측면충돌,안전거리미확보,건조,맑음,단일로 - 기타,승용,남,32세,상해없음,이륜,남,24세,중상
2023020100100231,2023년 2월 1일 13시,수요일,전라남도 영암군 삼호읍,경상사고,0,0,1,0,차대차 - 측면충돌,교차로운행방법위반,건조,맑음,교차로 - 교차로안,화물,남,64세,상해없음,승용,남,27세,경상
2023020100100254,2023년 2월 1일 14시,수요일,전라남도 목포시 산정동,경상사고,0,0,2,0,차대차 - 측면충돌,안전운전불이행,건조,맑음,교차로 - 교차로안,승용,여,47세,경상,승용,여,72세,경상
2023020100100255,2023년 2월 1일 14시,수요일,전라남도 구례군 마산면,경상사고,0,0,3,0,차대차 - 측면충돌,교차로운행방법위반,건조,맑음,교차로 - 교차로안,승용,여,63세,경상,승용,남,79세,경상
2023020100100310,2023년 2월 1일 16시,수요일,전라남도 보성군 득량면,중상사고,0,1,3,0,차대차 - 정면충돌,신호위반,건조,맑음,단일로 - 기타,승용,남,64세,상해없음,화물,남,47세,경상
2023020100100348,2023년 2월 1일 17시,수요일,전라남도 여수시 미평동,경상사고,0,0,1,0,차대차 - 측면충돌,안전운전불이행,건조,맑음,교차로 - 교차로안,화물,남,58세,상해없음,승용,남,28세,경상
2023020100100396,2023년 2월 1일 18시,수요일,전라남도 무안군 삼향읍,중상사고,0,1,0,0,차대차 - 측면충돌,신호위반,건조,맑음,교차로 - 교차로안,승용,여,62세,상해없음,이륜,남,30세,중상
2023020100100470,2023년 2월 1일 20시,수요일,전라남도 진도군 지산면,사망사고,1,0,0,0,차량단독 - 전도전복 - 전도,안전운전불이행,건조,맑음,단일로 - 기타,이륜,남,52세,사망,,,,
2023020200100016,2023년 2월 2일 01시,목요일,전라남도 해남군 북평면,사망사고,1,0,0,0,차량단독 - 공작물충돌,안전운전불이행,건조,맑음,단일로 - 기타,승용,남,51세,사망,,,,
2023020200100022,2023년 2월 2일 02시,목요일,전라남도 여수시 신기동,경상사고,0,0,3,0,차대차 - 측면충돌,안전운전불이행,건조,맑음,교차로 - 교차로안,승용,남,47세,상해없음,승용,남,18세,경상
2023020200100098,2023년 2월 2일 08시,목요일,전라남도 여수시 국동,경상사고,0,0,2,0,차대차 - 기타,안전운전불이행,건조,맑음,단일로 - 기타,승용,남,39세,상해없음,승용,남,64세,기타불명
2023020200100126,2023년 2월 2일 09시,목요일,전라남도 순천시 덕암동,경상사고,0,0,1,0,차대차 - 추돌,안전운전불이행,건조,맑음,단일로 - 기타,승용,남,60세,상해없음,승용,여,27세,경상
2023020200100169,2023년 2월 2일 11시,목요일,전라남도 여수시 미평동,경상사고,0,0,1,0,차대차 - 추돌,안전운전불이행,건조,맑음,주차장 - 주차장,승용,남,80세,상해없음,승용,여,29세,경상
2023020200100170,2023년 2월 2일 11시,목요일,전라남도 순천시 해룡면,경상사고,0,0,1,0,차대차 - 기타,직진우회전진행방해,건조,맑음,교차로 - 교차로안,화물,남,83세,상해없음,승용,남,69세,경상
2023020200100171,2023년 2월 2일 11시,목요일,전라남도 담양군 봉산면,중상사고,0,2,0,0,차대차 - 측면충돌,직진우회전진행방해,건조,맑음,교차로 - 교차로안,승용,남,50세,상해없음,사륜오토바이(ATV),남,81세,중상
2023020200100196,2023년 2월 2일 12시,목요일,전라남도 목포시 상동,경상사고,0,0,1,0,차대차 - 측면충돌,기타,건조,맑음,교차로 - 교차로부근,승용,여,62세,상해없음,승용,남,65세,경상
2023020200100197,2023년 2월 2일 12시,목요일,전라남도 보성군 벌교읍,경상사고,0,0,1,0,차대차 - 측면충돌,직진우회전진행방해,건조,맑음,교차로 - 교차로안,승용,여,58세,상해없음,승용,남,70세,상해없음
2023020200100198,2023년 2월 2일 12시,목요일,전라남도 함평군 함평읍,부상신고사고,0,0,0,3,차대차 - 측면충돌,직진우회전진행방해,건조,맑음,교차로 - 교차로안,승용,여,58세,부상신고,승용,남,73세,부상신고
2023020200100221,2023년 2월 2일 13시,목요일,전라남도 해남군 해남읍,중상사고,0,1,0,0,차대차 - 측면충돌,안전운전불이행,건조,맑음,교차로 - 교차로안,승용,여,38세,상해없음,이륜,남,19세,중상
2023020200100222,2023년 2월 2일 13시,목요일,전라남도 영암군 삼호읍,경상사고,0,0,2,0,차대차 - 추돌,안전운전불이행,건조,맑음,교차로 - 교차로부근,승용,남,80세,상해없음,승용,여,57세,경상
2023020200100223,2023년 2월 2일 13시,목요일,전라남도 무안군 삼향읍,경상사고,0,0,1,0,차대차 - 정면충돌,안전운전불이행,건조,맑음,교차로 - 교차로안,승용,남,55세,상해없음,승용,남,27세,경상
2023020200100247,2023년 2월 2일 14시,목요일,전라남도 순천시 풍덕동,중상사고,0,2,0,0,차대차 - 측면충돌,중앙선침범,건조,맑음,단일로 - 기타,원동기,남,78세,중상,이륜,남,42세,중상
2023020200100248,2023년 2월 2일 14시,목요일,전라남도 영암군 영암읍,경상사고,0,0,2,0,차대차 - 측면충돌,교차로운행방법위반,건조,맑음,교차로 - 교차로안,승용,남,77세,상해없음,승용,남,49세,경상
2023020200100275,2023년 2월 2일 15시,목요일,전라남도 순천시 해룡면,경상사고,0,0,1,0,차대차 - 기타,안전운전불이행,건조,맑음,기타 - 기타,화물,남,60세,상해없음,건설기계,남,65세,경상
2023020200100298,2023년 2월 2일 16시,목요일,전라남도 여수시 돌산읍,경상사고,0,0,1,0,차대차 - 측면충돌,신호위반,건조,맑음,교차로 - 교차로안,승용,여,64세,상해없음,승용,남,67세,경상
2023020200100320,2023년 2월 2일 17시,목요일,전라남도 화순군 화순읍,부상신고사고,0,0,0,1,차대차 - 측면충돌,안전운전불이행,건조,맑음,교차로 - 교차로횡단보도내,자전거,남,10세,부상신고,이륜,남,43세,상해없음
2023020200100321,2023년 2월 2일 17시,목요일,전라남도 영암군 삼호읍,경상사고,0,0,3,0,차대차 - 측면충돌,교차로운행방법위반,건조,맑음,교차로 - 교차로안,승용,남,61세,경상,승용,여,25세,경상
2023020200100361,2023년 2월 2일 18시,목요일,전라남도 영광군 영광읍,중상사고,0,1,0,0,차대사람 - 기타,안전운전불이행,건조,맑음,단일로 - 기타,승용,여,57세,상해없음,보행자,남,73세,중상
2023020200100400,2023년 2월 2일 19시,목요일,전라남도 여수시 학동,경상사고,0,0,1,0,차대차 - 측면충돌,신호위반,건조,맑음,교차로 - 교차로안,이륜,남,19세,상해없음,이륜,남,27세,경상
2023020200100401,2023년 2월 2일 19시,목요일,전라남도 여수시 선원동,경상사고,0,0,1,0,차대차 - 기타,교차로운행방법위반,건조,맑음,교차로 - 교차로안,승용,여,56세,상해없음,승용,남,49세,경상
2023020300100005,2023년 2월 3일 00시,금요일,전라남도 영암군 삼호읍,경상사고,0,0,1,0,차량단독 - 기타,안전운전불이행,건조,맑음,교차로 - 교차로안,승용,남,52세,상해없음,,,,
2023020300100092,2023년 2월 3일 08시,금요일,전라남도 목포시 산정동,경상사고,0,0,2,0,차대차 - 기타,직진우회전진행방해,건조,맑음,교차로 - 교차로안,승용,남,51세,상해없음,승용,남,65세,경상
2023020300100093,2023년 2월 3일 08시,금요일,전라남도 강진군 강진읍,경상사고,0,0,1,0,차량단독 - 공작물충돌,안전운전불이행,건조,맑음,단일로 - 기타,승용,여,45세,경상,,,,
2023020300100131,2023년 2월 3일 10시,금요일,전라남도 목포시 상동,경상사고,0,0,1,0,차대차 - 기타,안전거리미확보,건조,맑음,교차로 - 교차로부근,화물,남,70세,상해없음,승용,남,41세,상해없음
2023020300100132,2023년 2월 3일 10시,금요일,전라남도 여수시 학동,경상사고,0,0,2,0,차대차 - 기타,안전운전불이행,건조,맑음,교차로 - 교차로안,승용,여,60세,상해없음,승용,남,51세,경상
2023020300100133,2023년 2월 3일 10시,금요일,전라남도 강진군 작천면,경상사고,0,0,2,0,차대차 - 측면충돌,직진우회전진행방해,건조,맑음,교차로 - 교차로안,화물,남,54세,경상,승용,여,64세,경상
2023020300100134,2023년 2월 3일 10시,금요일,전라남도 장성군 북이면,경상사고,0,0,2,0,차대차 - 추돌,안전운전불이행,건조,맑음,단일로 - 터널,승용,남,53세,상해없음,승용,남,48세,경상
2023020300100162,2023년 2월 3일 11시,금요일,전라남도 해남군 황산면,경상사고,0,0,2,0,차대차 - 추돌,안전운전불이행,건조,맑음,단일로 - 기타,승용,남,43세,경상,승용,여,66세,경상
2023020300100210,2023년 2월 3일 13시,금요일,전라남도 목포시 산정동,경상사고,0,0,2,0,차대차 - 기타,안전운전불이행,건조,맑음,단일로 - 기타,이륜,남,29세,경상,승용,남,57세,경상
2023020300100239,2023년 2월 3일 14시,금요일,전라남도 나주시 중앙동,경상사고,0,0,1,0,차대사람 - 기타,안전운전불이행,건조,맑음,단일로 - 기타,승용,여,41세,상해없음,보행자,여,64세,경상
2023020300100240,2023년 2월 3일 14시,금요일,전라남도 광양시 중동,경상사고,0,0,1,0,차대차 - 측면충돌,안전거리미확보,건조,맑음,교차로 - 교차로부근,이륜,남,25세,경상,승용,남,28세,상해없음
2023020300100285,2023년 2월 3일 15시,금요일,전라남도 순천시 왕지동,경상사고,0,0,1,0,차대차 - 측면충돌,안전운전불이행,건조,맑음,교차로 - 교차로안,승용,여,37세,상해없음,승용,남,21세,경상
2023020300100314,2023년 2월 3일 16시,금요일,전라남도 장성군 동화면,중상사고,0,1,0,0,차대사람 - 기타,안전운전불이행,건조,맑음,주차장 - 주차장,기타불명,남,43세,상해없음,보행자,남,56세,중상
2023020300100315,2023년 2월 3일 16시,금요일,전라남도 담양군 수북면,중상사고,0,1,0,0,차대차 - 측면충돌,직진우회전진행방해,건조,맑음,교차로 - 교차로안,승용,여,57세,상해없음,이륜,남,78세,중상
2023020300100316,2023년 2월 3일 16시,금요일,전라남도 광양시 광양읍,중상사고,0,1,0,1,차대사람 - 보도통행중,기타,건조,맑음,단일로 - 기타,자전거,남,12세,부상신고,보행자,남,71세,중상
2023020300100354,2023년 2월 3일 17시,금요일,전라남도 순천시 중앙동,경상사고,0,0,1,0,차대차 - 측면충돌,직진우회전진행방해,건조,맑음,교차로 - 교차로안,승용,여,55세,상해없음,원동기,남,50세,경상
2023020300100355,2023년 2월 3일 17시,금요일,전라남도 담양군 담양읍,경상사고,0,0,2,0,차대차 - 측면충돌,안전운전불이행,건조,맑음,교차로 - 교차로안,승용,남,32세,기타불명,승용,남,27세,경상
2023020300100356,2023년 2월 3일 17시,금요일,전라남도 완도군 완도읍,경상사고,0,0,1,0,차대차 - 측면충돌,안전운전불이행,건조,맑음,기타 - 기타,승용,여,34세,상해없음,승용,여,27세,경상
2023020300100404,2023년 2월 3일 18시,금요일,전라남도 영암군 덕진면,경상사고,0,0,5,0,차대차 - 추돌,안전거리미확보,건조,맑음,교차로 - 교차로부근,승용,여,58세,경상,승용,남,66세,상해없음
2023020300100455,2023년 2월 3일 19시,금요일,전라남도 순천시 황전면,중상사고,0,1,0,0,차대차 - 측면충돌,안전운전불이행,건조,맑음,단일로 - 기타,승용,남,54세,상해없음,승용,남,52세,중상
2023020300100492,2023년 2월 3일 20시,금요일,전라남도 광양시 중동,경상사고,0,0,1,0,차대사람 - 횡단중,안전운전불이행,건조,맑음,단일로 - 기타,승용,남,65세,상해없음,보행자,남,10세,경상
2023020300100570,2023년 2월 3일 23시,금요일,전라남도 목포시 호남동,경상사고,0,0,1,0,차대차 - 후진중충돌,안전운전불이행,건조,맑음,단일로 - 기타,승용,남,74세,상해없음,승용,남,45세,경상
2023020300100571,2023년 2월 3일 23시,금요일,전라남도 장흥군 부산면,중상사고,0,1,1,0,차량단독 - 공작물충돌,안전운전불이행,건조,맑음,단일로 - 기타,승용,여,47세,경상,,,,
2023020400100021,2023년 2월 4일 00시,토요일,전라남도 나주시 죽림동,중상사고,0,1,0,0,차량단독 - 공작물충돌,안전운전불이행,건조,맑음,교차로 - 교차로안,승용,여,30세,중상,,,,
2023020400100091,2023년 2월 4일 08시,토요일,전라남도 여수시 광무동,경상사고,0,0,1,0,차대차 - 측면충돌,차로위반,건조,맑음,단일로 - 기타,화물,남,60세,상해없음,이륜,남,59세,경상
2023020400100092,2023년 2월 4일 08시,토요일,전라남도 무안군 일로읍,경상사고,0,0,5,0,차대차 - 기타,안전운전불이행,건조,맑음,교차로 - 교차로부근,승용,남,42세,상해없음,승합,남,66세,상해없음
2023020400100109,2023년 2월 4일 09시,토요일,전라남도 신안군 지도읍,중상사고,0,1,1,0,차대차 - 정면충돌,중앙선침범,건조,맑음,교차로 - 교차로부근,승용,여,33세,상해없음,승용,여,59세,경상
2023020400100110,2023년 2월 4일 09시,토요일,전라남도 목포시 연산동,경상사고,0,0,1,0,차대차 - 추돌,차로위반,건조,기타,단일로 - 기타,승용,남,45세,상해없음,화물,남,46세,경상