사고번호,사고일시,요일,시군구,사고내용,사망자수,중상자수,경상자수,부상신고자수,사고유형,법규위반,노면상태,기상상태,도로형태,가해운전자 차종,가해운전자 성별,가해운전자 연령,가해운전자 상해정도,피해운전자 차종,피해운전자 성별,피해운전자 연령,피해운전자 상해정도
2023020400100133,2023년 2월 4일 10시,토요일,전라남도 순천시 매곡동,경상사고,0,0,1,0,차대차 - 측면충돌,안전운전불이행,건조,맑음,교차로 - 교차로안,승용,남,23세,상해없음,승용,여,31세,경상
2023020400100159,2023년 2월 4일 11시,토요일,전라남도 목포시 석현동,경상사고,0,0,3,0,차대차 - 측면충돌,안전운전불이행,건조,맑음,교차로 - 교차로안,화물,남,63세,경상,승용,남,46세,경상
2023020400100160,2023년 2월 4일 11시,토요일,전라남도 목포시 용해동,경상사고,0,0,1,0,차대차 - 기타,안전운전불이행,건조,맑음,단일로 - 기타,화물,남,79세,상해없음,승용,남,60세,경상
2023020400100161,2023년 2월 4일 11시,토요일,전라남도 순천시 해룡면,경상사고,0,0,2,0,차대차 - 기타,직진우회전진행방해,건조,맑음,교차로 - 교차로안,승용,남,80세,상해없음,승용,여,49세,경상
2023020400100162,2023년 2월 4일 11시,토요일,전라남도 광양시 옥곡면,중상사고,0,1,0,0,차대사람 - 차도통행중,안전운전불이행,건조,맑음,단일로 - 기타,승용,여,65세,상해없음,보행자,남,76세,중상
2023020400100197,2023년 2월 4일 12시,토요일,전라남도 순천시 해룡면,경상사고,0,0,2,0,차대차 - 기타,안전운전불이행,건조,맑음,기타 - 기타,화물,남,26세,상해없음,승용,남,33세,경상
2023020400100198,2023년 2월 4일 12시,토요일,전라남도 화순군 도곡면,경상사고,0,0,1,0,차대차 - 측면충돌,안전운전불이행,건조,맑음,교차로 - 교차로안,승용,남,74세,상해없음,승용,여,71세,경상
2023020400100225,2023년 2월 4일 13시,토요일,전라남도 강진군 강진읍,경상사고,0,0,1,0,차대사람 - 차도통행중,안전운전불이행,건조,맑음,단일로 - 기타,승용,여,29세,상해없음,보행자,여,70세,경상
2023020400100226,2023년 2월 4일 13시,토요일,전라남도 곡성군 오곡면,경상사고,0,0,3,0,차대차 - 측면충돌,안전운전불이행,건조,맑음,주차장 - 주차장,승용,남,71세,상해없음,승용,남,18세,경상
2023020400100284,2023년 2월 4일 15시,토요일,전라남도 순천시 조례동,중상사고,0,1,0,0,차대차 - 측면충돌,직진우회전진행방해,건조,맑음,교차로 - 교차로안,승용,남,38세,상해없음,승용,여,43세,중상
2023020400100323,2023년 2월 4일 16시,토요일,전라남도 장흥군 대덕읍,경상사고,0,0,1,0,차대차 - 기타,중앙선침범,건조,맑음,단일로 - 기타,화물,남,47세,상해없음,승용,남,54세,경상
2023020400100324,2023년 2월 4일 16시,토요일,전라남도 고흥군 고흥읍,중상사고,0,1,1,0,차대차 - 기타,안전운전불이행,건조,맑음,기타 - 기타,화물,남,59세,상해없음,승용,남,82세,경상
2023020400100361,2023년 2월 4일 17시,토요일,전라남도 순천시 왕지동,경상사고,0,0,1,0,차대사람 - 횡단중,안전운전불이행,건조,맑음,단일로 - 기타,승용,여,27세,상해없음,보행자,남,64세,경상
2023020400100362,2023년 2월 4일 17시,토요일,전라남도 순천시 서면,경상사고,0,0,2,0,차대차 - 측면충돌,안전거리미확보,건조,맑음,단일로 - 기타,승용,남,60세,상해없음,승용,여,57세,경상
2023020400100363,2023년 2월 4일 17시,토요일,전라남도 구례군 용방면,부상신고사고,0,0,0,1,차대차 - 기타,안전운전불이행,건조,맑음,단일로 - 기타,승용,남,71세,부상신고,승용,남,52세,기타불명
2023020400100384,2023년 2월 4일 18시,토요일,전라남도 목포시 옥암동,경상사고,0,0,1,0,차대차 - 후진중충돌,안전운전불이행,건조,맑음,교차로 - 교차로부근,승용,남,50세,상해없음,승용,남,55세,경상
2023020400100385,2023년 2월 4일 18시,토요일,전라남도 순천시 연향동,중상사고,0,1,0,0,차대차 - 기타,안전운전불이행,건조,맑음,단일로 - 기타,승용,여,61세,상해없음,원동기,남,28세,중상
2023020400100413,2023년 2월 4일 19시,토요일,전라남도 고흥군 고흥읍,중상사고,0,1,0,0,차대차 - 기타,안전운전불이행,건조,맑음,교차로 - 교차로부근,승용,남,62세,상해없음,이륜,남,15세,중상
2023020400100446,2023년 2월 4일 20시,토요일,전라남도 순천시 해룡면,경상사고,0,0,1,0,차대차 - 기타,안전운전불이행,건조,맑음,기타 - 기타,화물,남,75세,경상,승용,남,64세,상해없음
2023020400100472,2023년 2월 4일 21시,토요일,전라남도 목포시 산정동,경상사고,0,0,1,0,차대사람 - 차도통행중,안전운전불이행,건조,흐림,교차로 - 교차로안,이륜,남,21세,상해없음,보행자,남,53세,경상
2023020400100473,2023년 2월 4일 21시,토요일,전라남도 여수시 종화동,경상사고,0,0,5,0,차대차 - 측면충돌,교차로운행방법위반,건조,맑음,단일로 - 기타,승용,남,23세,상해없음,승용,남,62세,경상
2023020500100011,2023년 2월 5일 00시,일요일,전라남도 나주시 금천면,중상사고,0,1,0,0,차대차 - 측면충돌,안전운전불이행,건조,맑음,단일로 - 기타,승용,남,58세,상해없음,개인형이동수단(PM),남,41세,중상
2023020500100030,2023년 2월 5일 02시,일요일,전라남도 장성군 남면,중상사고,0,1,0,0,차대차 - 정면충돌,안전운전불이행,건조,맑음,단일로 - 기타,승용,남,56세,상해없음,승용,남,33세,중상
2023020500100110,2023년 2월 5일 11시,일요일,전라남도 여수시 충무동,경상사고,0,0,1,0,차대차 - 측면충돌,안전운전불이행,건조,맑음,교차로 - 교차로안,승용,남,61세,상해없음,승용,남,22세,상해없음
2023020500100111,2023년 2월 5일 11시,일요일,전라남도 진도군 의신면,경상사고,0,0,1,0,차대차 - 측면충돌,교차로운행방법위반,건조,맑음,교차로 - 교차로안,화물,남,54세,상해없음,승용,남,73세,상해없음
2023020500100136,2023년 2월 5일 12시,일요일,전라남도 화순군 춘양면,경상사고,0,0,1,0,차대차 - 추돌,안전운전불이행,건조,맑음,단일로 - 교량,승용,남,39세,상해없음,이륜,남,54세,경상
2023020500100137,2023년 2월 5일 12시,일요일,전라남도 영암군 삼호읍,경상사고,0,0,1,0,차대차 - 측면충돌,중앙선침범,건조,맑음,단일로 - 기타,승용,남,74세,상해없음,화물,남,40세,경상
2023020500100161,2023년 2월 5일 13시,일요일,전라남도 나주시 세지면,경상사고,0,0,1,0,차대차 - 측면충돌,신호위반,건조,맑음,단일로 - 터널,승용,남,32세,상해없음,승용,여,29세,경상
2023020500100207,2023년 2월 5일 15시,일요일,전라남도 순천시 해룡면,경상사고,0,0,1,0,차량단독 - 공작물충돌,안전운전불이행,건조,맑음,단일로 - 기타,승용,여,45세,경상,,,,
2023020500100208,2023년 2월 5일 15시,일요일,전라남도 광양시 중동,중상사고,0,1,0,0,차대사람 - 횡단중,안전운전불이행,건조,맑음,교차로 - 교차로부근,승용,남,45세,상해없음,보행자,여,13세,중상
2023020500100228,2023년 2월 5일 16시,일요일,전라남도 목포시 옥암동,중상사고,0,1,0,0,차대차 - 추돌,안전운전불이행,건조,맑음,교차로 - 교차로부근,이륜,남,58세,중상,승용,남,42세,상해없음
2023020500100229,2023년 2월 5일 16시,일요일,전라남도 순천시 매곡동,경상사고,0,0,1,0,차대차 - 후진중충돌,안전운전불이행,건조,맑음,단일로 - 기타,승용,여,57세,상해없음,화물,남,61세,경상
2023020500100257,2023년 2월 5일 17시,일요일,전라남도 광양시 황금동,부상신고사고,0,0,0,1,차대차 - 추돌,안전운전불이행,건조,맑음,단일로 - 기타,승용,남,54세,부상신고,화물,남,32세,기타불명
2023020500100312,2023년 2월 5일 19시,일요일,전라남도 목포시 호남동,경상사고,0,0,8,0,차대차 - 측면충돌,안전운전불이행,건조,맑음,교차로 - 교차로안,승용,여,19세,경상,승용,남,19세,경상
2023020500100354,2023년 2월 5일 21시,일요일,전라남도 목포시 죽교동,경상사고,0,0,1,0,차대차 - 측면충돌,안전운전불이행,건조,맑음,교차로 - 교차로부근,승용,여,22세,상해없음,승용,남,53세,경상
2023020500100355,2023년 2월 5일 21시,일요일,전라남도 완도군 완도읍,경상사고,0,0,1,0,차대사람 - 기타,안전운전불이행,건조,맑음,단일로 - 기타,화물,남,74세,상해없음,보행자,남,17세,경상
2023020500100356,2023년 2월 5일 21시,일요일,전라남도 무안군 청계면,경상사고,0,0,1,0,차대차 - 측면충돌,안전운전불이행,건조,맑음,교차로 - 교차로안,승용,남,43세,상해없음,승용,여,24세,경상
2023020600100072,2023년 2월 6일 07시,월요일,전라남도 목포시 산정동,경상사고,0,0,3,0,차대차 - 기타,직진우회전진행방해,건조,맑음,교차로 - 교차로안,승용,남,27세,경상,승용,남,26세,경상
2023020600100109,2023년 2월 6일 08시,월요일,전라남도 함평군 해보면,경상사고,0,0,2,0,차대차 - 추돌,안전거리미확보,건조,맑음,단일로 - 기타,승용,남,35세,경상,승용,여,27세,경상
2023020600100142,2023년 2월 6일 09시,월요일,전라남도 순천시 해룡면,중상사고,0,1,0,0,차대차 - 측면충돌,차로위반,건조,맑음,단일로 - 기타,건설기계,남,58세,상해없음,승용,여,53세,중상
2023020600100143,2023년 2월 6일 09시,월요일,전라남도 진도군 진도읍,경상사고,0,0,1,0,차대차 - 측면충돌,안전운전불이행,건조,맑음,교차로 - 교차로안,화물,남,38세,상해없음,자전거,남,9세,경상
2023020600100177,2023년 2월 6일 10시,월요일,전라남도 목포시 달동,경상사고,0,0,1,0,차대차 - 측면충돌,교차로운행방법위반,건조,맑음,교차로 - 교차로안,화물,남,43세,상해없음,승용,남,36세,경상
2023020600100241,2023년 2월 6일 13시,월요일,전라남도 목포시 상동,경상사고,0,0,1,0,차대차 - 측면충돌,신호위반,건조,맑음,교차로 - 교차로안,승용,여,59세,상해없음,이륜,남,36세,경상
2023020600100242,2023년 2월 6일 13시,월요일,전라남도 순천시 연향동,경상사고,0,0,1,0,차대사람 - 기타,안전운전불이행,건조,맑음,교차로 - 교차로부근,화물,남,25세,상해없음,보행자,여,63세,경상
2023020600100263,2023년 2월 6일 14시,월요일,전라남도 여수시 공화동,사망사고,1,0,0,0,차대사람 - 횡단중,안전운전불이행,건조,맑음,교차로 - 교차로부근,승합,남,48세,상해없음,보행자,남,74세,사망
2023020600100311,2023년 2월 6일 16시,월요일,전라남도 완도군 완도읍,중상사고,0,1,0,0,차대사람 - 차도통행중,안전운전불이행,건조,맑음,교차로 - 교차로안,화물,남,55세,상해없음,보행자,여,69세,중상
2023020600100335,2023년 2월 6일 17시,월요일,전라남도 여수시 해산동,사망사고,1,0,0,0,차량단독 - 도로외이탈 - 추락,안전운전불이행,건조,맑음,기타 - 기타,이륜,남,79세,사망,,,,
2023020600100377,2023년 2월 6일 18시,월요일,전라남도 순천시 생목동,경상사고,0,0,1,0,차대사람 - 차도통행중,안전운전불이행,건조,맑음,단일로 - 기타,승용,남,42세,상해없음,보행자,여,84세,경상
2023020600100419,2023년 2월 6일 19시,월요일,전라남도 목포시 죽교동,경상사고,0,0,2,1,차대차 - 측면충돌,교차로운행방법위반,건조,맑음,교차로 - 교차로부근,승용,남,26세,경상,승용,남,50세,부상신고
2023020600100420,2023년 2월 6일 19시,월요일,전라남도 순천시 연향동,중상사고,0,1,0,0,차대차 - 측면충돌,신호위반,건조,맑음,교차로 - 교차로안,화물,남,51세,상해없음,이륜,남,22세,중상
2023020600100445,2023년 2월 6일 20시,월요일,전라남도 순천시 연향동,중상사고,0,1,1,0,차대차 - 기타,신호위반,건조,맑음,교차로 - 교차로부근,이륜,남,26세,중상,승용,여,55세,경상
2023020700100053,2023년 2월 7일 06시,화요일,전라남도 목포시 용해동,경상사고,0,0,1,0,차대차 - 측면충돌,안전운전불이행,건조,맑음,교차로 - 교차로안,화물,여,47세,상해없음,화물,남,73세,경상
2023020700100054,2023년 2월 7일 06시,화요일,전라남도 여수시 신월동,경상사고,0,0,1,0,차대차 - 기타,안전운전불이행,건조,맑음,교차로 - 교차로부근,승용,남,39세,상해없음,승용,남,71세,경상
2023020700100055,2023년 2월 7일 06시,화요일,전라남도 나주시 삼영동,사망사고,1,0,0,0,차대사람 - 차도통행중,안전운전불이행,건조,맑음,단일로 - 기타,승용,남,55세,상해없음,보행자,여,66세,사망
2023020700100068,2023년 2월 7일 07시,화요일,전라남도 목포시 상동,경상사고,0,0,1,0,차대차 - 추돌,안전운전불이행,건조,맑음,교차로 - 교차로안,승용,남,44세,상해없음,승용,남,31세,경상
2023020700100069,2023년 2월 7일 07시,화요일,전라남도 광양시 금호동,경상사고,0,0,2,0,차대차 - 추돌,안전운전불이행,건조,흐림,단일로 - 기타,승용,남,29세,경상,승용,남,25세,경상
2023020700100102,2023년 2월 7일 08시,화요일,전라남도 화순군 화순읍,경상사고,0,0,2,0,차대차 - 측면충돌,안전운전불이행,건조,맑음,교차로 - 교차로부근,개인형이동수단(PM),남,16세,경상,승용,여,38세,상해없음
2023020700100137,2023년 2월 7일 09시,화요일,전라남도 나주시 노안면,경상사고,0,0,1,0,차대차 - 측면충돌,교차로운행방법위반,건조,맑음,교차로 - 교차로안,화물,남,59세,기타불명,승용,남,73세,경상
2023020700100165,2023년 2월 7일 10시,화요일,전라남도 목포시 옥암동,경상사고,0,0,1,0,차대차 - 추돌,안전운전불이행,건조,맑음,교차로 - 교차로부근,승용,남,64세,상해없음,승용,여,52세,경상
2023020700100195,2023년 2월 7일 11시,화요일,전라남도 목포시 대양동,경상사고,0,0,4,0,차대차 - 정면충돌,신호위반,건조,맑음,교차로 - 교차로안,승용,남,23세,상해없음,승용,남,64세,경상
2023020700100196,2023년 2월 7일 11시,화요일,전라남도 고흥군 도양읍,부상신고사고,0,0,0,1,차대차 - 기타,안전운전불이행,건조,맑음,교차로 - 교차로안,승용,여,55세,부상신고,건설기계,남,34세,상해없음
2023020700100197,2023년 2월 7일 11시,화요일,전라남도 보성군 득량면,사망사고,1,0,1,0,차대사람 - 횡단중,안전운전불이행,건조,맑음,단일로 - 기타,승용,여,66세,경상,보행자,여,80세,사망
2023020700100198,2023년 2월 7일 11시,화요일,전라남도 담양군 고서면,경상사고,0,0,1,0,차대차 - 추돌,안전거리미확보,건조,맑음,단일로 - 기타,승용,여,57세,상해없음,승용,남,64세,상해없음
2023020700100281,2023년 2월 7일 14시,화요일,전라남도 목포시 용해동,경상사고,0,0,1,0,차대차 - 측면충돌,교차로운행방법위반,건조,맑음,교차로 - 교차로안,화물,남,60세,상해없음,이륜,남,43세,경상
2023020700100302,2023년 2월 7일 15시,화요일,전라남도 화순군 화순읍,중상사고,0,1,0,0,차대사람 - 횡단중,보행자보호의무위반,건조,맑음,교차로 - 교차로횡단보도내,승용,여,28세,상해없음,보행자,여,79세,중상
2023020700100303,2023년 2월 7일 15시,화요일,전라남도 영암군 삼호읍,경상사고,0,0,2,0,차대차 - 측면충돌,안전거리미확보,건조,맑음,교차로 - 교차로부근,화물,남,74세,상해없음,승용,남,48세,경상
2023020700100304,2023년 2월 7일 15시,화요일,전라남도 무안군 무안읍,중상사고,0,1,0,0,차대차 - 기타,안전운전불이행,건조,맑음,단일로 - 기타,화물,남,60세,상해없음,이륜,남,59세,중상
2023020700100331,2023년 2월 7일 16시,화요일,전라남도 장흥군 부산면,경상사고,0,0,1,0,차량단독 - 공작물충돌,안전운전불이행,건조,맑음,단일로 - 기타,승용,여,75세,경상,,,,
2023020700100332,2023년 2월 7일 16시,화요일,전라남도 해남군 북평면,중상사고,0,1,0,0,차대차 - 측면충돌,교차로운행방법위반,건조,맑음,교차로 - 교차로안,승합,남,56세,상해없음,사륜오토바이(ATV),여,70세,중상
2023020700100334,2023년 2월 7일 16시,화요일,전라남도 진도군 의신면,경상사고,0,0,1,0,차대차 - 측면충돌,기타,건조,맑음,교차로 - 교차로안,건설기계,남,53세,상해없음,화물,남,52세,경상
2023020700100361,2023년 2월 7일 17시,화요일,전라남도 여수시 선원동,경상사고,0,0,1,0,차대차 - 측면충돌,차로위반,건조,맑음,단일로 - 기타,승용,남,62세,상해없음,승용,남,22세,경상
2023020700100405,2023년 2월 7일 18시,화요일,전라남도 목포시 석현동,경상사고,0,0,3,0,차대차 - 추돌,안전운전불이행,건조,맑음,단일로 - 기타,승용,여,70세,상해없음,승용,남,70세,경상
2023020700100406,2023년 2월 7일 18시,화요일,전라남도 강진군 마량면,경상사고,0,0,1,0,차대차 - 측면충돌,중앙선침범,건조,맑음,단일로 - 기타,승용,여,64세,상해없음,승용,여,49세,경상
2023020700100407,2023년 2월 7일 18시,화요일,전라남도 무안군 해제면,경상사고,0,0,1,0,차대차 - 기타,안전운전불이행,건조,맑음,교차로 - 교차로안,승용,남,71세,상해없음,화물,남,62세,경상
2023020700100408,2023년 2월 7일 18시,화요일,전라남도 광양시 금호동,경상사고,0,0,1,0,차대차 - 기타,교차로운행방법위반,건조,맑음,교차로 - 교차로안,승용,남,50세,상해없음,승용,남,56세,경상
2023020700100474,2023년 2월 7일 20시,화요일,전라남도 화순군 화순읍,사망사고,1,0,1,0,차대차 - 추돌,안전운전불이행,건조,맑음,단일로 - 기타,승합,남,54세,경상,승용,여,22세,사망
2023020700100475,2023년 2월 7일 20시,화요일,전라남도 광양시 마동,경상사고,0,0,1,1,차대차 - 측면충돌,교차로운행방법위반,건조,맑음,교차로 - 교차로안,승용,남,61세,상해없음,승용,여,52세,경상
2023020800100033,2023년 2월 8일 03시,수요일,전라남도 화순군 동면,경상사고,0,0,1,0,차량단독 - 공작물충돌,안전운전불이행,건조,맑음,단일로 - 기타,승용,남,31세,경상,,,,
2023020800100109,2023년 2월 8일 08시,수요일,전라남도 순천시 석현동,부상신고사고,0,0,0,1,차대사람 - 횡단중,안전운전불이행,건조,맑음,교차로 - 교차로부근,화물,남,44세,상해없음,보행자,여,13세,부상신고
2023020800100110,2023년 2월 8일 08시,수요일,전라남도 화순군 화순읍,경상사고,0,0,2,0,차대차 - 추돌,안전운전불이행,건조,맑음,교차로 - 교차로부근,승용,남,74세,상해없음,이륜,남,53세,경상
2023020800100113,2023년 2월 8일 08시,수요일,전라남도 담양군 대덕면,경상사고,0,0,2,0,차대차 - 정면충돌,중앙선침범,건조,맑음,단일로 - 기타,승용,여,59세,경상,승용,여,46세,경상
2023020800100114,2023년 2월 8일 08시,수요일,전라남도 광양시 황금동,경상사고,0,0,3,0,차대차 - 기타,안전운전불이행,건조,맑음,교차로 - 교차로부근,화물,남,40세,상해없음,특수,남,36세,경상
2023020800100115,2023년 2월 8일 08시,수요일,전라남도 구례군 마산면,경상사고,0,0,2,0,차대차 - 추돌,안전운전불이행,건조,맑음,단일로 - 기타,화물,남,66세,상해없음,화물,남,47세,경상
2023020800100148,2023년 2월 8일 09시,수요일,전라남도 광양시 중동,경상사고,0,0,1,0,차대차 - 측면충돌,안전거리미확보,건조,맑음,기타 - 기타,승합,남,64세,상해없음,승용,남,42세,경상
2023020800100172,2023년 2월 8일 10시,수요일,전라남도 여수시 학동,경상사고,0,0,1,0,차대차 - 측면충돌,차로위반,건조,맑음,교차로 - 교차로안,승용,남,58세,상해없음,승용,남,38세,경상
2023020800100173,2023년 2월 8일 10시,수요일,전라남도 순천시 해룡면,경상사고,0,0,1,0,차대차 - 기타,신호위반,건조,맑음,교차로 - 교차로안,화물,남,64세,상해없음,승용,남,32세,경상
2023020800100174,2023년 2월 8일 10시,수요일,전라남도 장흥군 관산읍,중상사고,0,1,0,0,차대차 - 기타,안전운전불이행,건조,맑음,단일로 - 기타,승용,여,71세,상해없음,이륜,남,82세,중상
2023020800100175,2023년 2월 8일 10시,수요일,전라남도 광양시 성황동,경상사고,0,0,1,0,차대차 - 측면충돌,신호위반,건조,맑음,교차로 - 교차로안,승용,여,36세,상해없음,화물,남,46세,경상
2023020800100221,2023년 2월 8일 12시,수요일,전라남도 여수시 문수동,경상사고,0,0,1,0,차대차 - 측면충돌,안전거리미확보,건조,맑음,단일로 - 기타,승용,남,36세,상해없음,승용,남,40세,경상
2023020800100280,2023년 2월 8일 14시,수요일,전라남도 목포시 용해동,경상사고,0,0,1,0,차대차 - 측면충돌,안전거리미확보,건조,맑음,단일로 - 기타,승용,남,66세,상해없음,이륜,남,28세,경상
2023020800100281,2023년 2월 8일 14시,수요일,전라남도 순천시 인월동,중상사고,0,1,2,0,차대차 - 기타,기타,건조,맑음,교차로 - 교차로안,승용,남,18세,상해없음,화물,남,71세,중상
2023020800100282,2023년 2월 8일 14시,수요일,전라남도 순천시 조례동,중상사고,0,1,4,0,차대사람 - 기타,안전운전불이행,건조,맑음,주차장 - 주차장,승용,남,55세,상해없음,보행자,남,52세,중상
2023020800100283,2023년 2월 8일 14시,수요일,전라남도 나주시 영산동,경상사고,0,0,1,0,차대차 - 측면충돌,교차로운행방법위반,건조,맑음,교차로 - 교차로안,화물,남,51세,상해없음,승용,남,50세,경상
2023020800100284,2023년 2월 8일 14시,수요일,전라남도 광양시 성황동,경상사고,0,0,1,0,차대차 - 추돌,안전거리미확보,건조,맑음,기타 - 기타,승용,남,59세,상해없음,승용,여,55세,경상
2023020800100311,2023년 2월 8일 15시,수요일,전라남도 여수시 선원동,경상사고,0,0,3,0,차대차 - 측면충돌,안전운전불이행,건조,맑음,교차로 - 교차로안,승용,남,85세,상해없음,승용,남,26세,경상
2023020800100343,2023년 2월 8일 16시,수요일,전라남도 광양시 광양읍,중상사고,0,1,0,0,차대차 - 측면충돌,직진우회전진행방해,건조,맑음,교차로 - 교차로안,승용,남,64세,상해없음,이륜,여,62세,중상
2023020800100344,2023년 2월 8일 16시,수요일,전라남도 광양시 태인동,경상사고,0,0,3,0,차대차 - 측면충돌,신호위반,건조,맑음,교차로 - 교차로안,화물,남,54세,경상,승용,여,50세,경상
2023020800100375,2023년 2월 8일 17시,수요일,전라남도 광양시 중동,경상사고,0,0,2,0,차대차 - 측면충돌,교차로운행방법위반,건조,맑음,교차로 - 교차로안,승용,남,58세,경상,승용,남,36세,경상
2023020800100411,2023년 2월 8일 18시,수요일,전라남도 화순군 이양면,중상사고,0,1,0,0,차대사람 - 길가장자리구역통행중,안전운전불이행,건조,맑음,단일로 - 기타,화물,남,57세,상해없음,보행자,여,77세,중상
2023020800100412,2023년 2월 8일 18시,수요일,전라남도 담양군 용면,중상사고,0,1,0,0,차량단독 - 전도전복 - 전도,안전운전불이행,건조,맑음,단일로 - 기타,이륜,남,73세,상해없음,,,,
2023020800100455,2023년 2월 8일 19시,수요일,전라남도 순천시 조례동,경상사고,0,0,1,0,차대사람 - 기타,안전운전불이행,건조,맑음,단일로 - 기타,기타불명,기타불명,미분류,기타불명,보행자,남,28세,경상
2023020800100456,2023년 2월 8일 19시,수요일,전라남도 순천시 조례동,경상사고,0,0,1,0,차대사람 - 기타,안전운전불이행,건조,맑음,교차로 - 교차로부근,승용,남,29세,상해없음,보행자,남,53세,경상
2023020800100501,2023년 2월 8일 21시,수요일,전라남도 보성군 보성읍,경상사고,0,0,1,0,차대차 - 측면충돌,중앙선침범,건조,맑음,단일로 - 기타,화물,남,66세,상해없음,승용,남,37세,경상
2023020800100502,2023년 2월 8일 21시,수요일,전라남도 장성군 동화면,중상사고,0,2,0,0,차량단독 - 기타,안전운전불이행,건조,맑음,단일로 - 기타,승용,여,29세,중상,,,,
2023020900100037,2023년 2월 9일 06시,목요일,전라남도 영암군 영암읍,경상사고,0,0,1,0,차대차 - 추돌,안전운전불이행,건조,맑음,단일로 - 기타,승용,남,36세,상해없음,승용,여,60세,경상
2023020900100058,2023년 2월 9일 07시,목요일,전라남도 화순군 화순읍,경상사고,0,0,1,0,차대차 - 기타,안전거리미확보,건조,맑음,단일로 - 기타,승용,남,31세,상해없음,승용,여,24세,경상
2023020900100059,2023년 2월 9일 07시,목요일,전라남도 강진군 강진읍,중상사고,0,1,0,0,차대사람 - 기타,안전운전불이행,건조,맑음,단일로 - 기타,승용,남,73세,상해없음,보행자,여,62세,중상
2023020900100151,2023년 2월 9일 11시,목요일,전라남도 여수시 율촌면,경상사고,0,0,1,0,차대차 - 기타,중앙선침범,건조,맑음,단일로 - 기타,승용,남,32세,상해없음,승용,여,48세,상해없음
2023020900100152,2023년 2월 9일 11시,목요일,전라남도 보성군 벌교읍,경상사고,0,0,5,0,차대차 - 추돌,안전운전불이행,건조,맑음,교차로 - 교차로부근,건설기계,남,68세,상해없음,화물,남,67세,경상
2023020900100183,2023년 2월 9일 12시,목요일,전라남도 목포시 옥암동,경상사고,0,0,1,0,차대차 - 기타,신호위반,건조,맑음,교차로 - 교차로안,승용,남,67세,상해없음,이륜,남,28세,경상
2023020900100184,2023년 2월 9일 12시,목요일,전라남도 화순군 화순읍,경상사고,0,0,1,0,차대차 - 정면충돌,안전운전불이행,건조,맑음,단일로 - 기타,승용,여,72세,상해없음,이륜,남,51세,경상
2023020900100211,2023년 2월 9일 13시,목요일,전라남도 고흥군 고흥읍,경상사고,0,0,1,0,차량단독 - 기타,기타,건조,맑음,단일로 - 기타,이륜,남,87세,경상,,,,
2023020900100212,2023년 2월 9일 13시,목요일,전라남도 강진군 강진읍,사망사고,1,0,0,0,차대사람 - 기타,안전운전불이행,건조,맑음,단일로 - 기타,승용,남,82세,상해없음,보행자,남,90세,사망
2023020900100315,2023년 2월 9일 17시,목요일,전라남도 여수시 웅천동,경상사고,0,0,1,0,차대차 - 측면충돌,안전운전불이행,건조,맑음,단일로 - 기타,승용,남,76세,상해없음,화물,남,73세,경상
2023020900100350,2023년 2월 9일 18시,목요일,전라남도 여수시 화치동,중상사고,0,1,0,0,차대차 - 측면충돌,안전운전불이행,건조,흐림,단일로 - 기타,승용,남,45세,상해없음,승용,남,31세,중상
2023020900100394,2023년 2월 9일 19시,목요일,전라남도 완도군 완도읍,경상사고,0,0,1,0,차대차 - 측면충돌,안전운전불이행,젖음/습기,비,교차로 - 교차로안,승용,남,52세,상해없음,자전거,여,71세,경상
2023020900100423,2023년 2월 9일 20시,목요일,전라남도 여수시 여서동,경상사고,0,0,1,0,차대차 - 측면충돌,안전운전불이행,건조,맑음,교차로 - 교차로부근,승용,남,20세,상해없음,이륜,남,42세,경상
2023020900100475,2023년 2월 9일 22시,목요일,전라남도 광양시 금호동,중상사고,0,1,0,0,차량단독 - 공작물충돌,안전운전불이행,젖음/습기,비,교차로 - 교차로안,승용,여,50세,상해없음,,,,
2023020900100497,2023년 2월 9일 23시,목요일,전라남도 해남군 해남읍,경상사고,0,0,1,0,차대차 - 측면충돌,신호위반,젖음/습기,비,교차로 - 교차로안,승용,남,71세,상해없음,승용,남,55세,경상
2023021000100036,2023년 2월 10일 04시,금요일,전라남도 순천시 남정동,경상사고,0,0,1,0,차대차 - 측면충돌,안전운전불이행,건조,맑음,단일로 - 기타,승용,남,68세,상해없음,화물,여,43세,경상
2023021000100063,2023년 2월 10일 06시,금요일,전라남도 순천시 해룡면,경상사고,0,0,1,0,차대사람 - 길가장자리구역통행중,안전운전불이행,젖음/습기,비,단일로 - 기타,승용,남,63세,상해없음,보행자,남,59세,경상
2023021000100064,2023년 2월 10일 06시,금요일,전라남도 함평군 엄다면,사망사고,1,0,0,0,차대차 - 추돌,기타,건조,맑음,단일로 - 기타,화물,여,64세,상해없음,화물,남,57세,사망
2023021000100118,2023년 2월 10일 08시,금요일,전라남도 영암군 삼호읍,경상사고,0,0,1,0,차대차 - 측면충돌,신호위반,젖음/습기,맑음,교차로 - 교차로안,승용,남,70세,상해없음,승용,남,28세,경상
2023021000100140,2023년 2월 10일 09시,금요일,전라남도 순천시 조례동,중상사고,0,1,0,0,차대차 - 측면충돌,안전운전불이행,건조,맑음,교차로 - 교차로안,승용,여,46세,상해없음,원동기,남,29세,중상
2023021000100141,2023년 2월 10일 09시,금요일,전라남도 광양시 진상면,중상사고,0,1,0,0,차대차 - 측면충돌,신호위반,건조,맑음,교차로 - 교차로안,화물,남,62세,상해없음,승용,남,84세,중상