사고번호,사고일시,요일,시군구,사고내용,사망자수,중상자수,경상자수,부상신고자수,사고유형,법규위반,노면상태,기상상태,도로형태,가해운전자 차종,가해운전자 성별,가해운전자 연령,가해운전자 상해정도,피해운전자 차종,피해운전자 성별,피해운전자 연령,피해운전자 상해정도
2023030100100327,2023년 3월 1일 20시,수요일,전라남도 장흥군 장흥읍,중상사고,0,1,0,0,차대차 - 측면충돌,안전운전불이행,건조,맑음,교차로 - 교차로안,승용,남,22세,상해없음,승용,남,57세,중상
2023030100100351,2023년 3월 1일 21시,수요일,전라남도 목포시 옥암동,경상사고,0,0,2,0,차대차 - 측면충돌,신호위반,건조,맑음,교차로 - 교차로안,승용,여,58세,경상,승용,남,39세,경상
2023030100100352,2023년 3월 1일 21시,수요일,전라남도 완도군 노화읍,경상사고,0,0,1,0,차대차 - 측면충돌,중앙선침범,건조,맑음,단일로 - 기타,화물,남,77세,기타불명,승용,남,36세,경상
2023030100100373,2023년 3월 1일 23시,수요일,전라남도 여수시 율촌면,경상사고,0,0,2,0,차대차 - 추돌,안전운전불이행,건조,맑음,단일로 - 기타,승용,남,31세,상해없음,화물,여,43세,경상
2023030100100374,2023년 3월 1일 23시,수요일,전라남도 화순군 화순읍,경상사고,0,0,1,0,차대차 - 측면충돌,안전운전불이행,건조,맑음,교차로 - 교차로안,승용,여,41세,상해없음,이륜,남,17세,경상
2023030200100007,2023년 3월 2일 00시,목요일,전라남도 여수시 서교동,경상사고,0,0,1,0,차대차 - 기타,교차로운행방법위반,건조,맑음,교차로 - 교차로안,승용,남,62세,상해없음,승용,남,37세,상해없음
2023030200100040,2023년 3월 2일 06시,목요일,전라남도 나주시 영산동,경상사고,0,0,1,0,차대차 - 기타,신호위반,건조,맑음,교차로 - 교차로안,승용,남,70세,상해없음,승용,남,68세,경상
2023030200100041,2023년 3월 2일 06시,목요일,전라남도 해남군 마산면,중상사고,0,1,0,0,차대차 - 측면충돌,안전운전불이행,건조,맑음,교차로 - 교차로안,원동기,남,44세,중상,화물,남,60세,기타불명
2023030200100059,2023년 3월 2일 07시,목요일,전라남도 광양시 금호동,중상사고,0,1,0,0,차대사람 - 횡단중,안전운전불이행,건조,맑음,주차장 - 주차장,승용,남,54세,상해없음,보행자,남,53세,중상
2023030200100100,2023년 3월 2일 08시,목요일,전라남도 여수시 월하동,경상사고,0,0,1,0,차대차 - 측면충돌,안전운전불이행,건조,맑음,단일로 - 기타,승용,여,50세,상해없음,승용,여,26세,경상
2023030200100101,2023년 3월 2일 08시,목요일,전라남도 장흥군 장흥읍,경상사고,0,0,2,0,차대차 - 측면충돌,직진우회전진행방해,건조,맑음,교차로 - 교차로안,승용,여,50세,경상,화물,남,47세,경상
2023030200100102,2023년 3월 2일 08시,목요일,전라남도 보성군 벌교읍,경상사고,0,0,2,0,차대차 - 정면충돌,안전운전불이행,건조,맑음,교차로 - 교차로안,승용,남,55세,경상,승용,남,54세,경상
2023030200100103,2023년 3월 2일 08시,목요일,전라남도 영광군 영광읍,경상사고,0,0,1,0,차대사람 - 횡단중,보행자보호의무위반,건조,맑음,단일로 - 기타,승용,남,76세,상해없음,보행자,남,28세,경상
2023030200100104,2023년 3월 2일 08시,목요일,전라남도 광양시 광양읍,경상사고,0,0,1,0,차대차 - 측면충돌,교차로운행방법위반,건조,맑음,교차로 - 교차로안,건설기계,남,69세,상해없음,승용,여,44세,경상
2023030200100105,2023년 3월 2일 08시,목요일,전라남도 광양시 광양읍,경상사고,0,0,1,0,차대차 - 측면충돌,직진우회전진행방해,건조,맑음,교차로 - 교차로안,승용,남,66세,상해없음,승용,여,50세,경상
2023030200100147,2023년 3월 2일 09시,목요일,전라남도 여수시 학동,중상사고,0,1,0,0,차대사람 - 기타,안전운전불이행,건조,맑음,단일로 - 기타,승합,남,57세,상해없음,보행자,여,83세,중상
2023030200100149,2023년 3월 2일 09시,목요일,전라남도 강진군 대구면,사망사고,1,0,0,0,차대차 - 추돌,기타,건조,맑음,단일로 - 기타,화물,남,52세,상해없음,농기계,남,74세,사망
2023030200100245,2023년 3월 2일 12시,목요일,전라남도 나주시 세지면,사망사고,1,0,0,0,차량단독 - 전도전복 - 전복,안전운전불이행,건조,맑음,단일로 - 기타,사륜오토바이(ATV),남,83세,사망,,,,
2023030200100246,2023년 3월 2일 12시,목요일,전라남도 광양시 광양읍,경상사고,0,0,1,0,차대차 - 측면충돌,직진우회전진행방해,건조,맑음,교차로 - 교차로안,승용,여,30세,상해없음,화물,남,56세,경상
2023030200100280,2023년 3월 2일 13시,목요일,전라남도 고흥군 고흥읍,중상사고,0,1,0,0,차대사람 - 횡단중,보행자보호의무위반,건조,맑음,교차로 - 교차로횡단보도내,화물,여,64세,상해없음,보행자,남,74세,중상
2023030200100281,2023년 3월 2일 13시,목요일,전라남도 보성군 문덕면,경상사고,0,0,1,0,차대차 - 측면충돌,교차로운행방법위반,건조,맑음,교차로 - 교차로안,승합,남,60세,상해없음,화물,남,54세,경상
2023030200100314,2023년 3월 2일 14시,목요일,전라남도 보성군 벌교읍,경상사고,0,0,3,0,차대차 - 측면충돌,불법유턴,건조,맑음,단일로 - 기타,승용,남,42세,상해없음,승용,남,45세,경상
2023030200100315,2023년 3월 2일 14시,목요일,전라남도 담양군 수북면,경상사고,0,0,1,0,차대차 - 후진중충돌,안전운전불이행,건조,맑음,교차로 - 교차로부근,화물,남,76세,상해없음,승용,남,31세,경상
2023030200100343,2023년 3월 2일 15시,목요일,전라남도 여수시 신기동,경상사고,0,0,1,0,차대차 - 측면충돌,교차로운행방법위반,건조,맑음,교차로 - 교차로안,승용,여,71세,상해없음,승용,여,58세,경상
2023030200100344,2023년 3월 2일 15시,목요일,전라남도 완도군 고금면,경상사고,0,0,1,0,차대차 - 기타,안전운전불이행,건조,맑음,교차로 - 교차로안,승용,여,38세,상해없음,농기계,남,75세,경상
2023030200100345,2023년 3월 2일 15시,목요일,전라남도 광양시 중동,경상사고,0,0,1,0,차대사람 - 차도통행중,안전운전불이행,건조,맑음,교차로 - 교차로부근,승용,남,36세,상해없음,보행자,남,14세,경상
2023030200100373,2023년 3월 2일 16시,목요일,전라남도 목포시 상동,중상사고,0,1,1,0,차대차 - 측면충돌,안전운전불이행,건조,맑음,교차로 - 교차로안,승용,남,58세,중상,승용,여,30세,경상
2023030200100374,2023년 3월 2일 16시,목요일,전라남도 담양군 봉산면,사망사고,1,0,0,0,차대차 - 측면충돌,직진우회전진행방해,건조,맑음,교차로 - 교차로안,화물,남,43세,상해없음,이륜,남,81세,사망
2023030200100410,2023년 3월 2일 17시,목요일,전라남도 목포시 용해동,경상사고,0,0,2,0,차대사람 - 횡단중,안전운전불이행,건조,맑음,단일로 - 기타,승용,남,63세,경상,보행자,여,6세,경상
2023030300100071,2023년 3월 3일 07시,금요일,전라남도 목포시 용해동,경상사고,0,0,1,0,차대차 - 추돌,안전운전불이행,건조,맑음,교차로 - 교차로안,승용,남,33세,상해없음,화물,남,54세,경상
2023030300100105,2023년 3월 3일 08시,금요일,전라남도 여수시 오림동,중상사고,0,1,0,0,차대차 - 측면충돌,안전운전불이행,건조,맑음,단일로 - 기타,승용,남,36세,상해없음,승용,여,59세,중상
2023030300100106,2023년 3월 3일 08시,금요일,전라남도 장성군 진원면,경상사고,0,0,1,0,차대차 - 측면충돌,직진우회전진행방해,건조,맑음,교차로 - 교차로안,화물,남,74세,상해없음,화물,남,55세,경상
2023030300100107,2023년 3월 3일 08시,금요일,전라남도 완도군 완도읍,경상사고,0,0,2,0,차대차 - 측면충돌,안전운전불이행,건조,맑음,교차로 - 교차로안,승용,남,26세,경상,승용,여,47세,경상
2023030300100143,2023년 3월 3일 09시,금요일,전라남도 완도군 약산면,경상사고,0,0,1,0,차대차 - 측면충돌,안전운전불이행,건조,맑음,주차장 - 주차장,승용,남,70세,상해없음,승용,남,35세,상해없음
2023030300100171,2023년 3월 3일 10시,금요일,전라남도 목포시 산정동,중상사고,0,1,0,0,차량단독 - 기타,안전운전불이행,건조,맑음,단일로 - 기타,승합,남,47세,상해없음,,,,
2023030300100172,2023년 3월 3일 10시,금요일,전라남도 영광군 영광읍,중상사고,0,1,0,0,차대사람 - 기타,안전운전불이행,건조,맑음,단일로 - 기타,승용,여,54세,상해없음,보행자,여,80세,중상
2023030300100196,2023년 3월 3일 11시,금요일,전라남도 여수시 화치동,경상사고,0,0,1,0,차대차 - 추돌,직진우회전진행방해,건조,맑음,교차로 - 교차로안,화물,남,31세,상해없음,특수,남,54세,경상
2023030300100197,2023년 3월 3일 11시,금요일,전라남도 순천시 왕지동,경상사고,0,0,1,0,차량단독 - 기타,안전운전불이행,건조,맑음,교차로 - 교차로안,승용,여,57세,경상,,,,
2023030300100220,2023년 3월 3일 12시,금요일,전라남도 광양시 마동,경상사고,0,0,1,0,차대차 - 측면충돌,직진우회전진행방해,건조,맑음,교차로 - 교차로안,승용,남,51세,상해없음,승용,여,63세,경상
2023030300100256,2023년 3월 3일 13시,금요일,전라남도 순천시 해룡면,경상사고,0,0,1,0,차대차 - 정면충돌,신호위반,건조,맑음,교차로 - 교차로안,승용,남,44세,상해없음,화물,남,29세,경상
2023030300100286,2023년 3월 3일 14시,금요일,전라남도 여수시 고소동,경상사고,0,0,1,0,차대차 - 측면충돌,안전운전불이행,건조,맑음,단일로 - 기타,승용,여,54세,상해없음,승용,여,46세,경상
2023030300100329,2023년 3월 3일 15시,금요일,전라남도 화순군 화순읍,경상사고,0,0,1,0,차대차 - 측면충돌,안전운전불이행,건조,맑음,단일로 - 기타,화물,남,64세,상해없음,승용,남,39세,경상
2023030300100364,2023년 3월 3일 16시,금요일,전라남도 담양군 대전면,경상사고,0,0,1,0,차대차 - 기타,안전거리미확보,건조,맑음,교차로 - 교차로부근,화물,남,89세,상해없음,승용,여,64세,경상
2023030300100395,2023년 3월 3일 17시,금요일,전라남도 여수시 공화동,중상사고,0,1,0,0,차대차 - 측면충돌,신호위반,건조,맑음,교차로 - 교차로안,이륜,남,29세,상해없음,이륜,남,62세,중상
2023030300100396,2023년 3월 3일 17시,금요일,전라남도 여수시 웅천동,경상사고,0,0,1,0,차대차 - 측면충돌,신호위반,건조,맑음,교차로 - 교차로안,승용,남,47세,상해없음,승용,남,45세,경상
2023030400100008,2023년 3월 4일 00시,토요일,전라남도 순천시 연향동,중상사고,0,1,0,0,차대차 - 측면충돌,신호위반,건조,맑음,교차로 - 교차로안,승용,남,42세,상해없음,개인형이동수단(PM),남,45세,중상
2023030400100028,2023년 3월 4일 01시,토요일,전라남도 해남군 화원면,중상사고,0,1,0,0,차량단독 - 공작물충돌,안전운전불이행,건조,맑음,단일로 - 기타,승합,남,54세,중상,,,,
2023030400100039,2023년 3월 4일 02시,토요일,전라남도 목포시 상동,경상사고,0,0,2,0,차대차 - 기타,교차로운행방법위반,건조,맑음,교차로 - 교차로안,승용,남,52세,경상,승용,남,58세,상해없음
2023030400100049,2023년 3월 4일 04시,토요일,전라남도 여수시 학동,경상사고,0,0,1,0,차대차 - 측면충돌,신호위반,건조,맑음,교차로 - 교차로안,승용,남,23세,상해없음,승용,남,51세,경상
2023030400100128,2023년 3월 4일 10시,토요일,전라남도 목포시 상동,부상신고사고,0,0,0,1,차대차 - 측면충돌,안전운전불이행,건조,맑음,단일로 - 기타,승용,남,72세,상해없음,승용,여,47세,부상신고
2023030400100129,2023년 3월 4일 10시,토요일,전라남도 곡성군 오곡면,경상사고,0,0,4,0,차대차 - 후진중충돌,안전운전불이행,건조,맑음,기타 - 기타,화물,남,32세,상해없음,승용,남,29세,경상
2023030400100160,2023년 3월 4일 11시,토요일,전라남도 화순군 이양면,경상사고,0,0,2,0,차대차 - 기타,안전거리미확보,건조,맑음,단일로 - 기타,승용,남,58세,상해없음,승용,남,77세,상해없음
2023030400100190,2023년 3월 4일 12시,토요일,전라남도 목포시 연산동,경상사고,0,0,1,0,차대차 - 기타,교차로운행방법위반,건조,맑음,교차로 - 교차로부근,승용,남,71세,상해없음,승용,남,37세,경상
2023030400100191,2023년 3월 4일 12시,토요일,전라남도 무안군 삼향읍,경상사고,0,0,1,0,차대차 - 후진중충돌,안전운전불이행,건조,맑음,단일로 - 기타,승용,여,27세,상해없음,승용,여,28세,경상
2023030400100227,2023년 3월 4일 13시,토요일,전라남도 순천시 해룡면,경상사고,0,0,1,0,차대사람 - 기타,안전운전불이행,건조,맑음,단일로 - 기타,승용,남,68세,상해없음,보행자,여,54세,경상
2023030400100228,2023년 3월 4일 13시,토요일,전라남도 나주시 남내동,경상사고,0,0,1,0,차대차 - 측면충돌,안전운전불이행,건조,맑음,단일로 - 기타,자전거,남,13세,경상,승용,남,58세,상해없음
2023030400100229,2023년 3월 4일 13시,토요일,전라남도 강진군 성전면,경상사고,0,0,2,0,차대차 - 추돌,안전운전불이행,건조,맑음,단일로 - 교량,화물,남,57세,상해없음,승용,남,32세,경상
2023030400100230,2023년 3월 4일 13시,토요일,전라남도 광양시 옥곡면,경상사고,0,0,1,0,차대차 - 후진중충돌,안전운전불이행,건조,맑음,기타 - 기타,화물,남,89세,상해없음,이륜,남,43세,경상
2023030400100255,2023년 3월 4일 14시,토요일,전라남도 목포시 상동,경상사고,0,0,1,0,차대차 - 측면충돌,교차로운행방법위반,건조,맑음,교차로 - 교차로안,화물,남,51세,상해없음,이륜,남,34세,경상
2023030400100290,2023년 3월 4일 15시,토요일,전라남도 영광군 법성면,경상사고,0,0,1,1,차대차 - 추돌,안전운전불이행,건조,맑음,교차로 - 교차로안,승용,남,28세,부상신고,이륜,남,49세,경상
2023030400100321,2023년 3월 4일 16시,토요일,전라남도 고흥군 고흥읍,경상사고,0,0,1,1,차대차 - 기타,안전운전불이행,건조,맑음,단일로 - 기타,승용,여,21세,부상신고,승용,남,63세,경상
2023030400100351,2023년 3월 4일 17시,토요일,전라남도 목포시 산정동,경상사고,0,0,3,0,차대차 - 측면충돌,교차로운행방법위반,건조,맑음,교차로 - 교차로안,승합,남,70세,경상,승용,여,27세,경상
2023030400100352,2023년 3월 4일 17시,토요일,전라남도 완도군 신지면,경상사고,0,0,1,0,차대차 - 측면충돌,안전운전불이행,건조,맑음,단일로 - 기타,승용,남,21세,기타불명,승용,남,51세,상해없음
2023030400100376,2023년 3월 4일 18시,토요일,전라남도 광양시 광양읍,경상사고,0,0,4,0,차대차 - 추돌,안전거리미확보,건조,맑음,단일로 - 기타,승용,여,41세,상해없음,승용,여,43세,경상
2023030400100405,2023년 3월 4일 19시,토요일,전라남도 곡성군 입면,경상사고,0,0,1,0,차량단독 - 공작물충돌,안전운전불이행,건조,맑음,단일로 - 기타,승용,남,68세,경상,,,,
2023030400100436,2023년 3월 4일 20시,토요일,전라남도 영암군 삼호읍,경상사고,0,0,1,0,차대차 - 측면충돌,중앙선침범,건조,맑음,단일로 - 기타,승용,여,53세,상해없음,승합,남,59세,경상
2023030500100020,2023년 3월 5일 01시,일요일,전라남도 순천시 조례동,중상사고,0,1,3,0,차대차 - 기타,안전운전불이행,건조,기타,교차로 - 교차로부근,승용,여,41세,상해없음,승용,남,63세,경상
2023030500100084,2023년 3월 5일 08시,일요일,전라남도 고흥군 도화면,중상사고,0,1,0,0,차량단독 - 전도전복 - 전복,안전운전불이행,건조,맑음,단일로 - 기타,사륜오토바이(ATV),남,72세,중상,,,,
2023030500100085,2023년 3월 5일 08시,일요일,전라남도 담양군 대전면,경상사고,0,0,1,0,차대사람 - 차도통행중,안전운전불이행,건조,맑음,단일로 - 기타,농기계,남,68세,상해없음,보행자,여,82세,경상
2023030500100162,2023년 3월 5일 12시,일요일,전라남도 여수시 신기동,경상사고,0,0,1,0,차량단독 - 전도전복 - 전도,안전운전불이행,건조,맑음,단일로 - 기타,이륜,남,26세,경상,,,,
2023030500100195,2023년 3월 5일 13시,일요일,전라남도 광양시 광양읍,경상사고,0,0,2,0,차대차 - 측면충돌,안전운전불이행,건조,맑음,단일로 - 기타,이륜,남,55세,경상,자전거,남,71세,경상
2023030500100228,2023년 3월 5일 14시,일요일,전라남도 목포시 상동,경상사고,0,0,2,0,차대차 - 측면충돌,교차로운행방법위반,건조,맑음,교차로 - 교차로안,승용,남,54세,경상,승용,남,27세,경상
2023030500100229,2023년 3월 5일 14시,일요일,전라남도 강진군 군동면,경상사고,0,0,2,0,차대차 - 측면충돌,직진우회전진행방해,건조,맑음,교차로 - 교차로안,승용,여,69세,경상,승용,여,70세,경상
2023030500100274,2023년 3월 5일 16시,일요일,전라남도 영암군 삼호읍,경상사고,0,0,2,0,차대차 - 측면충돌,안전운전불이행,건조,맑음,단일로 - 기타,승용,남,57세,상해없음,개인형이동수단(PM),여,12세,상해없음
2023030500100275,2023년 3월 5일 16시,일요일,전라남도 광양시 진상면,경상사고,0,0,1,0,차대차 - 측면충돌,차로위반,건조,맑음,단일로 - 기타,화물,남,79세,상해없음,이륜,남,32세,경상
2023030500100302,2023년 3월 5일 17시,일요일,전라남도 강진군 칠량면,경상사고,0,0,1,0,차대차 - 측면충돌,차로위반,건조,맑음,교차로 - 교차로안,화물,남,70세,상해없음,승용,여,35세,경상
2023030500100333,2023년 3월 5일 18시,일요일,전라남도 무안군 무안읍,경상사고,0,0,1,0,차대차 - 측면충돌,교차로운행방법위반,건조,맑음,교차로 - 교차로부근,승합,남,62세,상해없음,승용,남,57세,경상
2023030500100361,2023년 3월 5일 19시,일요일,전라남도 여수시 관문동,경상사고,0,0,1,0,차대차 - 추돌,안전운전불이행,건조,맑음,교차로 - 교차로부근,승용,남,34세,상해없음,이륜,남,38세,경상
2023030500100392,2023년 3월 5일 21시,일요일,전라남도 여수시 여서동,경상사고,0,0,1,0,차대차 - 측면충돌,신호위반,건조,맑음,교차로 - 교차로안,원동기,남,54세,상해없음,원동기,남,36세,경상
2023030500100402,2023년 3월 5일 22시,일요일,전라남도 강진군 강진읍,경상사고,0,0,1,0,차대사람 - 기타,안전운전불이행,건조,맑음,단일로 - 기타,승용,여,63세,상해없음,보행자,남,19세,경상
2023030600100031,2023년 3월 6일 06시,월요일,전라남도 해남군 마산면,중상사고,0,1,2,0,차대차 - 추돌,안전운전불이행,건조,맑음,단일로 - 기타,화물,남,68세,기타불명,건설기계,남,53세,경상
2023030600100080,2023년 3월 6일 08시,월요일,전라남도 순천시 석현동,경상사고,0,0,2,0,차대사람 - 기타,안전운전불이행,건조,맑음,단일로 - 기타,승합,남,31세,상해없음,보행자,여,28세,경상
2023030600100081,2023년 3월 6일 08시,월요일,전라남도 영암군 시종면,경상사고,0,0,1,0,차량단독 - 기타,안전운전불이행,건조,맑음,주차장 - 주차장,승용,남,67세,경상,,,,
2023030600100082,2023년 3월 6일 08시,월요일,전라남도 영암군 삼호읍,중상사고,0,2,1,0,차대차 - 추돌,안전운전불이행,건조,맑음,단일로 - 기타,승용,남,49세,중상,승용,남,59세,상해없음
2023030600100125,2023년 3월 6일 09시,월요일,전라남도 여수시 중앙동,경상사고,0,0,1,0,차대차 - 추돌,안전운전불이행,건조,맑음,교차로 - 교차로안,승용,남,39세,기타불명,승용,남,28세,경상
2023030600100150,2023년 3월 6일 10시,월요일,전라남도 장성군 삼서면,경상사고,0,0,1,0,차대차 - 기타,안전운전불이행,건조,맑음,교차로 - 교차로부근,화물,남,28세,상해없음,화물,남,56세,상해없음
2023030600100190,2023년 3월 6일 11시,월요일,전라남도 순천시 해룡면,중상사고,0,1,0,0,차대차 - 측면충돌,안전운전불이행,건조,맑음,교차로 - 교차로안,승용,여,55세,상해없음,이륜,남,34세,중상
2023030600100191,2023년 3월 6일 11시,월요일,전라남도 고흥군 도양읍,경상사고,0,0,1,0,차대사람 - 횡단중,안전운전불이행,건조,맑음,교차로 - 교차로안,화물,남,68세,상해없음,보행자,여,69세,경상
2023030600100192,2023년 3월 6일 11시,월요일,전라남도 광양시 옥곡면,부상신고사고,0,0,0,1,차대사람 - 기타,안전운전불이행,건조,맑음,기타 - 기타,이륜,남,84세,상해없음,보행자,남,28세,부상신고
2023030600100220,2023년 3월 6일 12시,월요일,전라남도 함평군 학교면,경상사고,0,0,2,0,차대차 - 추돌,안전거리미확보,건조,맑음,단일로 - 기타,화물,남,29세,상해없음,화물,남,69세,경상
2023030600100247,2023년 3월 6일 13시,월요일,전라남도 무안군 삼향읍,경상사고,0,0,1,0,차대차 - 정면충돌,신호위반,건조,맑음,교차로 - 교차로안,이륜,남,26세,기타불명,승용,여,45세,경상
2023030600100335,2023년 3월 6일 16시,월요일,전라남도 담양군 담양읍,경상사고,0,0,2,0,차대차 - 측면충돌,안전운전불이행,건조,맑음,교차로 - 교차로안,승합,여,61세,기타불명,승용,여,50세,경상
2023030600100366,2023년 3월 6일 17시,월요일,전라남도 순천시 장천동,중상사고,0,1,1,0,차대차 - 기타,직진우회전진행방해,건조,맑음,교차로 - 교차로안,승용,남,26세,경상,승용,남,65세,중상
2023030600100399,2023년 3월 6일 18시,월요일,전라남도 순천시 조곡동,경상사고,0,0,1,0,차대사람 - 횡단중,안전운전불이행,건조,맑음,단일로 - 기타,승용,여,40세,상해없음,보행자,남,63세,경상
2023030600100426,2023년 3월 6일 19시,월요일,전라남도 여수시 문수동,중상사고,0,1,0,0,차대사람 - 차도통행중,안전운전불이행,건조,맑음,단일로 - 기타,승용,남,58세,상해없음,보행자,여,67세,중상
2023030600100453,2023년 3월 6일 20시,월요일,전라남도 목포시 옥암동,경상사고,0,0,1,1,차대차 - 측면충돌,신호위반,건조,맑음,교차로 - 교차로안,이륜,남,41세,부상신고,승용,여,37세,경상
2023030600100454,2023년 3월 6일 20시,월요일,전라남도 목포시 산정동,경상사고,0,0,1,0,차대차 - 기타,기타,건조,맑음,주차장 - 주차장,승용,남,36세,상해없음,이륜,남,41세,경상
2023030700100034,2023년 3월 7일 06시,화요일,전라남도 순천시 생목동,경상사고,0,0,1,0,차대차 - 측면충돌,안전거리미확보,건조,맑음,단일로 - 터널,화물,남,53세,상해없음,승용,남,27세,경상
2023030700100080,2023년 3월 7일 08시,화요일,전라남도 여수시 율촌면,경상사고,0,0,3,1,차대차 - 추돌,안전운전불이행,건조,맑음,단일로 - 기타,화물,남,55세,상해없음,화물,남,52세,경상
2023030700100081,2023년 3월 7일 08시,화요일,전라남도 순천시 덕암동,중상사고,0,1,0,0,차대차 - 측면충돌,직진우회전진행방해,건조,맑음,교차로 - 교차로안,승용,여,56세,상해없음,자전거,여,53세,중상
2023030700100082,2023년 3월 7일 08시,화요일,전라남도 해남군 해남읍,경상사고,0,0,2,0,차대차 - 측면충돌,중앙선침범,건조,맑음,단일로 - 기타,승용,여,30세,상해없음,화물,남,42세,경상
2023030700100083,2023년 3월 7일 08시,화요일,전라남도 완도군 생일면,중상사고,0,1,0,0,차대차 - 기타,안전운전불이행,젖음/습기,안개,단일로 - 기타,화물,남,73세,상해없음,건설기계,남,68세,기타불명
2023030700100084,2023년 3월 7일 08시,화요일,전라남도 무안군 삼향읍,경상사고,0,0,1,0,차대차 - 추돌,안전운전불이행,건조,맑음,단일로 - 기타,승용,남,63세,상해없음,승용,여,31세,경상
2023030700100085,2023년 3월 7일 08시,화요일,전라남도 광양시 중동,경상사고,0,0,2,0,차대차 - 측면충돌,교차로운행방법위반,건조,맑음,교차로 - 교차로안,승합,남,60세,상해없음,승용,남,38세,상해없음
2023030700100106,2023년 3월 7일 09시,화요일,전라남도 담양군 대덕면,경상사고,0,0,1,0,차대차 - 측면충돌,안전운전불이행,건조,맑음,기타 - 기타,승용,남,15세,기타불명,승용,남,35세,경상
2023030700100134,2023년 3월 7일 10시,화요일,전라남도 영광군 불갑면,경상사고,0,0,1,0,차대차 - 측면충돌,안전운전불이행,건조,맑음,교차로 - 교차로부근,승용,여,71세,상해없음,화물,남,64세,경상
2023030700100184,2023년 3월 7일 12시,화요일,전라남도 담양군 담양읍,부상신고사고,0,0,0,1,차량단독 - 전도전복 - 전도,안전운전불이행,건조,맑음,교차로 - 교차로안,이륜,남,77세,부상신고,,,,
2023030700100239,2023년 3월 7일 14시,화요일,전라남도 순천시 덕월동,경상사고,0,0,1,0,차대차 - 기타,안전거리미확보,건조,맑음,단일로 - 기타,승용,남,80세,상해없음,승용,남,30세,경상
2023030700100240,2023년 3월 7일 14시,화요일,전라남도 담양군 담양읍,경상사고,0,0,1,0,차대차 - 기타,안전거리미확보,건조,맑음,교차로 - 교차로안,승용,남,31세,상해없음,승용,남,50세,경상
2023030700100241,2023년 3월 7일 14시,화요일,전라남도 광양시 황길동,경상사고,0,0,1,0,차대차 - 측면충돌,교차로운행방법위반,건조,맑음,교차로 - 교차로안,특수,남,67세,상해없음,특수,남,38세,경상
2023030700100274,2023년 3월 7일 15시,화요일,전라남도 장흥군 관산읍,경상사고,0,0,1,0,차대차 - 추돌,안전운전불이행,건조,맑음,단일로 - 기타,자전거,남,64세,경상,승용,남,57세,상해없음
2023030700100275,2023년 3월 7일 15시,화요일,전라남도 영광군 영광읍,경상사고,0,0,1,0,차대차 - 정면충돌,중앙선침범,건조,맑음,단일로 - 기타,승용,남,19세,상해없음,승용,남,33세,경상
2023030700100276,2023년 3월 7일 15시,화요일,전라남도 광양시 중동,경상사고,0,0,2,0,차대차 - 측면충돌,신호위반,건조,맑음,교차로 - 교차로안,승용,남,26세,경상,승용,여,42세,경상
2023030700100318,2023년 3월 7일 16시,화요일,전라남도 순천시 오천동,경상사고,0,0,1,0,차대사람 - 차도통행중,보행자보호의무위반,건조,맑음,교차로 - 교차로횡단보도내,승용,남,39세,상해없음,보행자,여,11세,경상
2023030700100319,2023년 3월 7일 16시,화요일,전라남도 화순군 화순읍,경상사고,0,0,1,0,차량단독 - 공작물충돌,안전운전불이행,건조,맑음,단일로 - 기타,승용,남,23세,기타불명,,,,
2023030700100353,2023년 3월 7일 17시,화요일,전라남도 영암군 학산면,경상사고,0,0,2,0,차대차 - 추돌,안전운전불이행,건조,맑음,단일로 - 기타,화물,남,26세,상해없음,화물,남,64세,경상
2023030700100421,2023년 3월 7일 19시,화요일,전라남도 목포시 옥암동,중상사고,0,1,1,0,차대차 - 기타,신호위반,건조,맑음,교차로 - 교차로안,승용,남,69세,상해없음,이륜,남,42세,중상
2023030700100422,2023년 3월 7일 19시,화요일,전라남도 여수시 둔덕동,경상사고,0,0,1,0,차대차 - 추돌,중앙선침범,건조,맑음,단일로 - 기타,승용,남,34세,상해없음,승용,남,57세,경상
2023030700100453,2023년 3월 7일 20시,화요일,전라남도 순천시 조례동,경상사고,0,0,1,0,차대차 - 측면충돌,안전운전불이행,건조,맑음,단일로 - 기타,승용,여,27세,상해없음,승용,여,23세,경상
2023030700100497,2023년 3월 7일 22시,화요일,전라남도 나주시 빛가람동,경상사고,0,0,1,0,차대차 - 기타,안전운전불이행,건조,맑음,교차로 - 교차로안,승용,남,35세,상해없음,승용,여,26세,경상
2023030800100053,2023년 3월 8일 06시,수요일,전라남도 화순군 화순읍,경상사고,0,0,1,0,차대차 - 측면충돌,신호위반,건조,맑음,교차로 - 교차로안,화물,남,72세,상해없음,승용,남,50세,경상
2023030800100140,2023년 3월 8일 09시,수요일,전라남도 광양시 광양읍,경상사고,0,0,6,0,차대차 - 측면충돌,기타,건조,맑음,교차로 - 교차로안,승용,남,32세,경상,승용,남,73세,경상
2023030800100166,2023년 3월 8일 10시,수요일,전라남도 목포시 용해동,경상사고,0,0,1,0,차대사람 - 횡단중,보행자보호의무위반,건조,맑음,교차로 - 교차로횡단보도내,승용,여,44세,상해없음,보행자,여,71세,경상
2023030800100167,2023년 3월 8일 10시,수요일,전라남도 순천시 연향동,중상사고,0,2,0,0,차대차 - 기타,안전거리미확보,건조,맑음,단일로 - 기타,승용,남,63세,상해없음,승용,남,75세,중상