사고번호,사고일시,요일,시군구,사고내용,사망자수,중상자수,경상자수,부상신고자수,사고유형,법규위반,노면상태,기상상태,도로형태,가해운전자 차종,가해운전자 성별,가해운전자 연령,가해운전자 상해정도,피해운전자 차종,피해운전자 성별,피해운전자 연령,피해운전자 상해정도
2023030800100168,2023년 3월 8일 10시,수요일,전라남도 광양시 중동,경상사고,0,0,1,0,차대차 - 측면충돌,안전거리미확보,건조,맑음,교차로 - 교차로부근,승용,여,54세,상해없음,이륜,남,30세,경상
2023030800100251,2023년 3월 8일 13시,수요일,전라남도 순천시 석현동,경상사고,0,0,1,0,차대차 - 기타,안전거리미확보,건조,맑음,단일로 - 기타,화물,남,59세,상해없음,화물,남,34세,경상
2023030800100274,2023년 3월 8일 14시,수요일,전라남도 순천시 용당동,경상사고,0,0,1,0,차대사람 - 기타,안전운전불이행,건조,맑음,단일로 - 기타,승용,여,61세,상해없음,보행자,남,68세,경상
2023030800100333,2023년 3월 8일 16시,수요일,전라남도 보성군 벌교읍,중상사고,0,1,0,0,차대사람 - 횡단중,안전운전불이행,건조,맑음,단일로 - 기타,승용,남,74세,상해없음,보행자,남,82세,중상
2023030800100406,2023년 3월 8일 18시,수요일,전라남도 목포시 석현동,경상사고,0,0,1,0,차대사람 - 차도통행중,안전운전불이행,건조,맑음,교차로 - 교차로부근,승용,남,55세,상해없음,보행자,남,48세,경상
2023030800100407,2023년 3월 8일 18시,수요일,전라남도 순천시 연향동,경상사고,0,0,2,0,차대차 - 추돌,안전운전불이행,건조,맑음,교차로 - 교차로부근,승용,남,54세,상해없음,승용,여,40세,경상
2023030800100408,2023년 3월 8일 18시,수요일,전라남도 나주시 왕곡면,경상사고,0,0,1,0,차대차 - 측면충돌,안전운전불이행,건조,맑음,교차로 - 교차로안,승용,남,32세,상해없음,승용,남,41세,경상
2023030800100458,2023년 3월 8일 19시,수요일,전라남도 광양시 마동,중상사고,0,1,0,0,차대사람 - 횡단중,보행자보호의무위반,건조,맑음,교차로 - 교차로횡단보도내,승용,남,34세,상해없음,보행자,여,48세,중상
2023030800100488,2023년 3월 8일 20시,수요일,전라남도 영암군 삼호읍,경상사고,0,0,1,0,차대사람 - 횡단중,안전운전불이행,건조,맑음,교차로 - 교차로안,승용,남,43세,상해없음,보행자,여,32세,경상
2023030800100489,2023년 3월 8일 20시,수요일,전라남도 광양시 광양읍,중상사고,0,1,0,0,차대차 - 추돌,안전운전불이행,건조,맑음,교차로 - 교차로부근,이륜,남,28세,중상,승용,여,32세,상해없음
2023030900100009,2023년 3월 9일 00시,목요일,전라남도 여수시 여서동,경상사고,0,0,1,0,차대차 - 기타,차로위반,건조,맑음,단일로 - 기타,승용,여,70세,상해없음,승용,남,70세,상해없음
2023030900100045,2023년 3월 9일 06시,목요일,전라남도 목포시 옥암동,경상사고,0,0,5,0,차대차 - 측면충돌,신호위반,건조,맑음,교차로 - 교차로안,승용,남,49세,경상,승용,남,27세,경상
2023030900100046,2023년 3월 9일 06시,목요일,전라남도 구례군 산동면,경상사고,0,0,3,2,차대차 - 기타,교차로운행방법위반,젖음/습기,비,교차로 - 교차로안,화물,남,66세,경상,승용,남,65세,경상
2023030900100066,2023년 3월 9일 07시,목요일,전라남도 고흥군 포두면,중상사고,0,1,0,0,차대차 - 추돌,안전운전불이행,건조,맑음,교차로 - 교차로부근,화물,남,52세,상해없음,화물,남,76세,중상
2023030900100094,2023년 3월 9일 08시,목요일,전라남도 여수시 화장동,경상사고,0,0,1,0,차대차 - 측면충돌,교차로운행방법위반,건조,맑음,교차로 - 교차로안,승용,여,58세,상해없음,승용,여,48세,경상
2023030900100095,2023년 3월 9일 08시,목요일,전라남도 여수시 소라면,경상사고,0,0,1,0,차대차 - 기타,안전운전불이행,젖음/습기,비,교차로 - 교차로부근,승용,남,68세,상해없음,승용,여,41세,경상
2023030900100096,2023년 3월 9일 08시,목요일,전라남도 순천시 해룡면,경상사고,0,0,3,0,차대차 - 기타,안전거리미확보,건조,맑음,단일로 - 기타,승용,남,40세,상해없음,승용,여,42세,경상
2023030900100097,2023년 3월 9일 08시,목요일,전라남도 광양시 옥곡면,경상사고,0,0,1,0,차대차 - 측면충돌,안전거리미확보,건조,맑음,교차로 - 교차로안,승용,여,51세,상해없음,승용,여,43세,경상
2023030900100129,2023년 3월 9일 09시,목요일,전라남도 해남군 해남읍,중상사고,0,1,0,0,차대사람 - 횡단중,보행자보호의무위반,건조,맑음,단일로 - 기타,화물,남,80세,상해없음,보행자,남,81세,중상
2023030900100163,2023년 3월 9일 10시,목요일,전라남도 고흥군 금산면,경상사고,0,0,1,0,차대차 - 기타,직진우회전진행방해,건조,맑음,교차로 - 교차로안,건설기계,남,66세,상해없음,화물,남,77세,경상
2023030900100164,2023년 3월 9일 10시,목요일,전라남도 해남군 마산면,중상사고,0,1,0,0,차대차 - 측면충돌,안전운전불이행,건조,흐림,단일로 - 기타,화물,남,35세,기타불명,사륜오토바이(ATV),남,79세,중상
2023030900100189,2023년 3월 9일 11시,목요일,전라남도 목포시 옥암동,경상사고,0,0,1,0,차대차 - 측면충돌,안전운전불이행,건조,맑음,교차로 - 교차로안,승용,여,49세,상해없음,승용,남,48세,상해없음
2023030900100190,2023년 3월 9일 11시,목요일,전라남도 나주시 공산면,중상사고,0,1,1,0,차대차 - 측면충돌,안전운전불이행,건조,맑음,기타 - 기타,승용,남,65세,중상,승용,여,57세,경상
2023030900100212,2023년 3월 9일 12시,목요일,전라남도 나주시 공산면,중상사고,0,1,0,0,차대차 - 측면충돌,안전운전불이행,건조,맑음,단일로 - 기타,화물,남,71세,상해없음,이륜,남,81세,중상
2023030900100245,2023년 3월 9일 13시,목요일,전라남도 신안군 압해읍,경상사고,0,0,1,0,차대차 - 측면충돌,중앙선침범,건조,맑음,단일로 - 기타,화물,남,58세,상해없음,승용,남,78세,경상
2023030900100271,2023년 3월 9일 14시,목요일,전라남도 영암군 군서면,중상사고,0,1,0,0,차량단독 - 공작물충돌,안전운전불이행,건조,맑음,단일로 - 기타,승용,여,57세,중상,,,,
2023030900100272,2023년 3월 9일 14시,목요일,전라남도 광양시 황길동,경상사고,0,0,1,0,차대차 - 측면충돌,안전운전불이행,건조,맑음,단일로 - 기타,화물,남,63세,상해없음,화물,남,65세,경상
2023030900100273,2023년 3월 9일 14시,목요일,전라남도 광양시 광양읍,경상사고,0,0,3,0,차대차 - 측면충돌,교차로운행방법위반,건조,맑음,교차로 - 교차로안,승용,남,40세,경상,승용,남,74세,경상
2023030900100297,2023년 3월 9일 15시,목요일,전라남도 고흥군 동강면,사망사고,1,0,0,0,차량단독 - 전도전복 - 전도,안전운전불이행,건조,맑음,단일로 - 기타,이륜,남,57세,사망,,,,
2023030900100298,2023년 3월 9일 15시,목요일,전라남도 화순군 화순읍,경상사고,0,0,1,0,차대사람 - 횡단중,보행자보호의무위반,건조,맑음,교차로 - 교차로횡단보도내,승용,남,65세,상해없음,보행자,여,43세,경상
2023030900100299,2023년 3월 9일 15시,목요일,전라남도 영암군 도포면,경상사고,0,0,1,0,차대사람 - 기타,안전운전불이행,건조,맑음,기타 - 기타,승합,남,57세,상해없음,보행자,여,75세,경상
2023030900100332,2023년 3월 9일 16시,목요일,전라남도 나주시 삼영동,경상사고,0,0,1,0,차대차 - 측면충돌,안전운전불이행,건조,맑음,교차로 - 교차로부근,화물,남,69세,상해없음,승합,남,55세,경상
2023030900100407,2023년 3월 9일 18시,목요일,전라남도 순천시 해룡면,경상사고,0,0,1,0,차대차 - 측면충돌,안전운전불이행,건조,맑음,단일로 - 기타,이륜,남,59세,경상,승용,여,31세,상해없음
2023030900100448,2023년 3월 9일 19시,목요일,전라남도 순천시 해룡면,경상사고,0,0,2,0,차대차 - 측면충돌,교차로운행방법위반,건조,맑음,교차로 - 교차로안,승합,남,57세,상해없음,승용,여,48세,경상
2023030900100449,2023년 3월 9일 19시,목요일,전라남도 무안군 삼향읍,경상사고,0,0,2,0,차대차 - 측면충돌,안전운전불이행,건조,맑음,교차로 - 교차로안,승용,남,40세,경상,승용,남,35세,경상
2023031000100033,2023년 3월 10일 03시,금요일,전라남도 영암군 영암읍,중상사고,0,1,0,0,차대사람 - 차도통행중,안전운전불이행,젖음/습기,안개,단일로 - 기타,승용,남,43세,상해없음,보행자,남,56세,중상
2023031000100081,2023년 3월 10일 07시,금요일,전라남도 진도군 지산면,사망사고,1,0,0,0,차량단독 - 공작물충돌,안전운전불이행,젖음/습기,안개,단일로 - 기타,화물,남,64세,사망,,,,
2023031000100111,2023년 3월 10일 08시,금요일,전라남도 나주시 용산동,중상사고,0,1,0,0,차대사람 - 횡단중,안전운전불이행,건조,맑음,교차로 - 교차로안,승용,여,48세,상해없음,보행자,남,60세,중상
2023031000100112,2023년 3월 10일 08시,금요일,전라남도 광양시 광양읍,경상사고,0,0,1,0,차대사람 - 차도통행중,안전운전불이행,건조,맑음,교차로 - 교차로안,승용,여,71세,상해없음,보행자,여,79세,경상
2023031000100150,2023년 3월 10일 09시,금요일,전라남도 광양시 중동,경상사고,0,0,1,0,차대차 - 측면충돌,직진우회전진행방해,건조,맑음,교차로 - 교차로안,화물,남,33세,상해없음,승용,여,38세,경상
2023031000100204,2023년 3월 10일 11시,금요일,전라남도 완도군 완도읍,중상사고,0,1,0,0,차대사람 - 길가장자리구역통행중,안전운전불이행,건조,맑음,단일로 - 기타,승용,여,37세,상해없음,보행자,남,61세,중상
2023031000100205,2023년 3월 10일 11시,금요일,전라남도 진도군 진도읍,중상사고,0,1,0,0,차대사람 - 횡단중,안전운전불이행,건조,맑음,교차로 - 교차로부근,승용,남,62세,상해없음,보행자,여,69세,중상
2023031000100229,2023년 3월 10일 12시,금요일,전라남도 순천시 용당동,중상사고,0,1,0,0,차대차 - 측면충돌,안전운전불이행,건조,맑음,교차로 - 교차로안,승용,여,34세,상해없음,이륜,남,43세,중상
2023031000100230,2023년 3월 10일 12시,금요일,전라남도 강진군 마량면,경상사고,0,0,1,0,차량단독 - 전도전복 - 전도,안전운전불이행,건조,맑음,단일로 - 기타,이륜,남,74세,경상,,,,
2023031000100231,2023년 3월 10일 12시,금요일,전라남도 담양군 대전면,경상사고,0,0,3,0,차대차 - 추돌,안전운전불이행,건조,맑음,교차로 - 교차로부근,화물,남,61세,상해없음,승용,여,23세,경상
2023031000100249,2023년 3월 10일 13시,금요일,전라남도 영암군 삼호읍,경상사고,0,0,3,0,차대차 - 측면충돌,안전운전불이행,건조,맑음,단일로 - 기타,승용,남,74세,상해없음,승용,여,33세,경상
2023031000100250,2023년 3월 10일 13시,금요일,전라남도 담양군 봉산면,경상사고,0,0,2,0,차대차 - 추돌,안전운전불이행,건조,맑음,단일로 - 기타,화물,남,50세,상해없음,승용,여,47세,경상
2023031000100288,2023년 3월 10일 14시,금요일,전라남도 목포시 상동,경상사고,0,0,1,0,차대차 - 기타,안전운전불이행,건조,맑음,교차로 - 교차로부근,승용,남,55세,상해없음,승합,남,52세,상해없음
2023031000100315,2023년 3월 10일 15시,금요일,전라남도 영암군 신북면,경상사고,0,0,1,0,차대차 - 추돌,안전운전불이행,건조,맑음,단일로 - 기타,승용,남,67세,상해없음,농기계,남,59세,경상
2023031000100316,2023년 3월 10일 15시,금요일,전라남도 담양군 창평면,중상사고,0,1,0,0,차량단독 - 도로외이탈 - 추락,안전운전불이행,건조,맑음,단일로 - 기타,화물,남,57세,중상,,,,
2023031000100317,2023년 3월 10일 15시,금요일,전라남도 곡성군 오곡면,경상사고,0,0,2,1,차대차 - 기타,안전운전불이행,건조,맑음,단일로 - 기타,건설기계,남,58세,상해없음,승용,여,61세,부상신고
2023031000100353,2023년 3월 10일 16시,금요일,전라남도 광양시 중동,경상사고,0,0,1,0,차대차 - 측면충돌,안전운전불이행,건조,맑음,단일로 - 기타,승합,남,71세,상해없음,승합,남,65세,경상
2023031000100354,2023년 3월 10일 16시,금요일,전라남도 구례군 구례읍,경상사고,0,0,2,0,차대차 - 측면충돌,안전운전불이행,건조,맑음,교차로 - 교차로안,승용,여,27세,경상,승합,남,50세,경상
2023031000100399,2023년 3월 10일 17시,금요일,전라남도 순천시 조례동,경상사고,0,0,1,0,차대차 - 추돌,안전운전불이행,건조,맑음,교차로 - 교차로부근,승용,남,49세,기타불명,승용,여,44세,경상
2023031000100400,2023년 3월 10일 17시,금요일,전라남도 나주시 과원동,중상사고,0,1,0,0,차대차 - 측면충돌,안전운전불이행,건조,맑음,교차로 - 교차로안,승용,남,59세,상해없음,승용,여,46세,중상
2023031000100444,2023년 3월 10일 18시,금요일,전라남도 목포시 산정동,경상사고,0,0,1,0,차대차 - 후진중충돌,안전운전불이행,건조,맑음,단일로 - 기타,승용,남,61세,상해없음,승용,남,73세,경상
2023031000100445,2023년 3월 10일 18시,금요일,전라남도 여수시 중흥동,경상사고,0,0,1,0,차대차 - 기타,안전운전불이행,건조,맑음,단일로 - 기타,특수,남,47세,상해없음,승용,여,26세,경상
2023031000100446,2023년 3월 10일 18시,금요일,전라남도 순천시 조례동,경상사고,0,0,1,0,차대차 - 추돌,안전운전불이행,건조,기타,단일로 - 기타,승용,남,52세,상해없음,승용,여,54세,경상
2023031000100500,2023년 3월 10일 19시,금요일,전라남도 나주시 노안면,중상사고,0,1,0,0,차량단독 - 도로외이탈 - 기타,안전운전불이행,건조,맑음,교차로 - 교차로부근,농기계,남,87세,중상,,,,
2023031000100501,2023년 3월 10일 19시,금요일,전라남도 화순군 화순읍,경상사고,0,0,1,1,차대차 - 추돌,안전운전불이행,건조,맑음,단일로 - 기타,승용,남,68세,상해없음,승용,남,45세,상해없음
2023031000100536,2023년 3월 10일 20시,금요일,전라남도 여수시 오림동,경상사고,0,0,1,0,차대차 - 기타,신호위반,건조,맑음,교차로 - 교차로안,승용,남,71세,상해없음,승용,여,66세,경상
2023031000100537,2023년 3월 10일 20시,금요일,전라남도 순천시 연향동,경상사고,0,0,1,0,차대사람 - 차도통행중,안전운전불이행,건조,맑음,교차로 - 교차로안,승용,여,41세,상해없음,보행자,여,47세,경상
2023031000100570,2023년 3월 10일 21시,금요일,전라남도 목포시 석현동,경상사고,0,0,1,0,차대차 - 측면충돌,신호위반,건조,맑음,교차로 - 교차로안,승용,남,23세,상해없음,승용,여,60세,경상
2023031000100571,2023년 3월 10일 21시,금요일,전라남도 순천시 풍덕동,경상사고,0,0,1,0,차대차 - 추돌,안전거리미확보,건조,맑음,단일로 - 기타,이륜,남,18세,경상,승용,남,38세,상해없음
2023031000100598,2023년 3월 10일 22시,금요일,전라남도 해남군 현산면,중상사고,0,1,2,0,차대차 - 측면충돌,기타,건조,맑음,단일로 - 기타,승용,남,18세,경상,승용,남,25세,경상
2023031000100622,2023년 3월 10일 23시,금요일,전라남도 화순군 사평면,중상사고,0,1,0,0,차대차 - 기타,안전운전불이행,건조,맑음,교차로 - 교차로부근,승용,여,71세,상해없음,자전거,남,83세,중상
2023031100100011,2023년 3월 11일 00시,토요일,전라남도 나주시 빛가람동,경상사고,0,0,1,0,차대차 - 추돌,안전운전불이행,건조,맑음,교차로 - 교차로안,승용,남,43세,상해없음,승용,남,36세,상해없음
2023031100100017,2023년 3월 11일 01시,토요일,전라남도 순천시 연향동,경상사고,0,0,4,0,차대차 - 측면충돌,신호위반,건조,맑음,교차로 - 교차로안,승용,여,30세,상해없음,승용,남,63세,경상
2023031100100042,2023년 3월 11일 04시,토요일,전라남도 강진군 도암면,경상사고,0,0,1,0,차량단독 - 공작물충돌,안전운전불이행,건조,맑음,단일로 - 기타,승용,남,24세,경상,,,,
2023031100100089,2023년 3월 11일 08시,토요일,전라남도 해남군 해남읍,경상사고,0,0,6,0,차대차 - 측면충돌,안전거리미확보,건조,맑음,단일로 - 기타,화물,남,73세,상해없음,승용,남,35세,경상
2023031100100108,2023년 3월 11일 09시,토요일,전라남도 순천시 연향동,경상사고,0,0,1,0,차대차 - 추돌,안전거리미확보,건조,맑음,교차로 - 교차로부근,승용,남,47세,상해없음,승용,남,54세,경상
2023031100100126,2023년 3월 11일 10시,토요일,전라남도 신안군 압해읍,경상사고,0,0,1,0,차대사람 - 기타,안전운전불이행,건조,맑음,단일로 - 기타,승용,남,64세,상해없음,보행자,남,78세,경상
2023031100100154,2023년 3월 11일 11시,토요일,전라남도 해남군 화원면,경상사고,0,0,1,0,차대차 - 측면충돌,교차로운행방법위반,건조,맑음,교차로 - 교차로안,승용,남,56세,기타불명,승용,남,28세,경상
2023031100100155,2023년 3월 11일 11시,토요일,전라남도 영암군 금정면,경상사고,0,0,4,0,차대차 - 측면충돌,신호위반,건조,맑음,교차로 - 교차로안,화물,남,68세,경상,승용,남,66세,경상
2023031100100196,2023년 3월 11일 12시,토요일,전라남도 광양시 중동,중상사고,0,1,0,0,차대차 - 측면충돌,직진우회전진행방해,건조,맑음,교차로 - 교차로안,승용,여,55세,상해없음,이륜,남,25세,중상
2023031100100230,2023년 3월 11일 13시,토요일,전라남도 여수시 둔덕동,경상사고,0,0,1,0,차대차 - 측면충돌,안전운전불이행,건조,맑음,단일로 - 기타,승용,남,49세,상해없음,이륜,남,46세,경상
2023031100100231,2023년 3월 11일 13시,토요일,전라남도 여수시 웅천동,경상사고,0,0,1,0,차대차 - 측면충돌,교차로운행방법위반,건조,맑음,교차로 - 교차로안,승용,남,43세,상해없음,승용,남,34세,경상
2023031100100232,2023년 3월 11일 13시,토요일,전라남도 함평군 함평읍,경상사고,0,0,1,0,차대차 - 정면충돌,중앙선침범,건조,맑음,단일로 - 기타,승용,남,68세,상해없음,승용,남,63세,경상
2023031100100233,2023년 3월 11일 13시,토요일,전라남도 영암군 삼호읍,경상사고,0,0,1,0,차대차 - 측면충돌,신호위반,건조,맑음,교차로 - 교차로안,승용,남,24세,상해없음,화물,여,60세,경상
2023031100100276,2023년 3월 11일 14시,토요일,전라남도 구례군 용방면,경상사고,0,0,1,0,차대차 - 추돌,안전거리미확보,건조,맑음,단일로 - 기타,승합,남,63세,상해없음,화물,남,50세,경상
2023031100100320,2023년 3월 11일 15시,토요일,전라남도 목포시 상동,경상사고,0,0,2,0,차대차 - 정면충돌,직진우회전진행방해,건조,맑음,교차로 - 교차로안,승용,여,49세,경상,승용,남,20세,경상
2023031100100321,2023년 3월 11일 15시,토요일,전라남도 해남군 송지면,경상사고,0,0,2,0,차대차 - 정면충돌,중앙선침범,건조,맑음,단일로 - 기타,화물,남,71세,상해없음,승용,남,33세,경상
2023031100100381,2023년 3월 11일 17시,토요일,전라남도 광양시 다압면,경상사고,0,0,2,0,차대차 - 측면충돌,안전운전불이행,건조,맑음,단일로 - 기타,승합,남,75세,상해없음,승용,남,52세,경상
2023031100100409,2023년 3월 11일 18시,토요일,전라남도 담양군 대전면,경상사고,0,0,1,0,차대차 - 추돌,안전운전불이행,건조,맑음,단일로 - 기타,승용,여,28세,상해없음,승용,남,47세,경상
2023031100100442,2023년 3월 11일 19시,토요일,전라남도 장흥군 장흥읍,중상사고,0,1,2,0,차량단독 - 공작물충돌,안전운전불이행,건조,맑음,단일로 - 기타,승용,여,47세,경상,,,,
2023031100100494,2023년 3월 11일 21시,토요일,전라남도 순천시 해룡면,경상사고,0,0,1,0,차대사람 - 차도통행중,안전운전불이행,건조,맑음,단일로 - 기타,승용,남,33세,상해없음,보행자,남,19세,경상
2023031100100532,2023년 3월 11일 23시,토요일,전라남도 나주시 경현동,중상사고,0,2,0,0,차대차 - 기타,안전운전불이행,건조,맑음,교차로 - 교차로안,화물,남,60세,중상,화물,남,47세,기타불명
2023031200100058,2023년 3월 12일 07시,일요일,전라남도 여수시 소라면,경상사고,0,0,2,0,차대차 - 추돌,안전운전불이행,건조,흐림,교차로 - 교차로부근,승용,남,50세,상해없음,승용,남,34세,경상
2023031200100073,2023년 3월 12일 09시,일요일,전라남도 영암군 미암면,경상사고,0,0,1,0,차량단독 - 공작물충돌,안전운전불이행,젖음/습기,비,단일로 - 기타,화물,남,64세,경상,,,,
2023031200100074,2023년 3월 12일 09시,일요일,전라남도 무안군 삼향읍,경상사고,0,0,1,0,차대차 - 기타,신호위반,젖음/습기,비,교차로 - 교차로안,승용,남,75세,상해없음,승용,여,38세,경상
2023031200100114,2023년 3월 12일 11시,일요일,전라남도 장흥군 안양면,경상사고,0,0,6,0,차대차 - 측면충돌,직진우회전진행방해,젖음/습기,비,교차로 - 교차로안,승용,남,48세,경상,승용,여,40세,경상
2023031200100115,2023년 3월 12일 11시,일요일,전라남도 해남군 해남읍,경상사고,0,0,1,0,차대차 - 기타,안전운전불이행,젖음/습기,흐림,단일로 - 기타,승용,남,49세,상해없음,화물,남,46세,경상
2023031200100140,2023년 3월 12일 12시,일요일,전라남도 여수시 봉강동,경상사고,0,0,2,0,차대차 - 정면충돌,중앙선침범,건조,맑음,단일로 - 고가도로위,승용,여,60세,기타불명,승용,남,53세,경상
2023031200100164,2023년 3월 12일 13시,일요일,전라남도 곡성군 오곡면,경상사고,0,0,1,0,철길건널목 - 철길건널목,기타,건조,맑음,단일로 - 철길건널목,승용,여,57세,경상,기타불명,남,69세,상해없음
2023031200100214,2023년 3월 12일 15시,일요일,전라남도 여수시 소라면,중상사고,0,1,1,0,차대차 - 추돌,안전운전불이행,젖음/습기,비,단일로 - 기타,승용,남,57세,상해없음,승용,남,61세,중상
2023031200100241,2023년 3월 12일 16시,일요일,전라남도 장성군 장성읍,경상사고,0,0,3,0,차대차 - 정면충돌,안전운전불이행,건조,맑음,단일로 - 기타,화물,남,50세,상해없음,화물,여,50세,경상
2023031200100270,2023년 3월 12일 17시,일요일,전라남도 여수시 월내동,경상사고,0,0,1,0,차대차 - 측면충돌,신호위반,건조,맑음,교차로 - 교차로안,승용,남,52세,상해없음,승용,남,30세,경상
2023031200100271,2023년 3월 12일 17시,일요일,전라남도 나주시 빛가람동,경상사고,0,0,1,0,차대사람 - 보도통행중,안전운전불이행,건조,맑음,단일로 - 기타,자전거,남,14세,상해없음,보행자,여,8세,경상
2023031200100272,2023년 3월 12일 17시,일요일,전라남도 나주시 교동,경상사고,0,0,1,0,차대차 - 측면충돌,안전운전불이행,건조,맑음,단일로 - 기타,승용,남,65세,상해없음,이륜,남,21세,경상
2023031200100286,2023년 3월 12일 18시,일요일,전라남도 목포시 상동,경상사고,0,0,2,0,차대차 - 측면충돌,안전운전불이행,건조,맑음,교차로 - 교차로부근,승용,남,23세,경상,이륜,남,39세,경상
2023031200100309,2023년 3월 12일 19시,일요일,전라남도 화순군 화순읍,경상사고,0,0,1,0,차대차 - 추돌,기타,건조,맑음,교차로 - 교차로안,승용,여,62세,상해없음,이륜,남,40세,경상
2023031200100326,2023년 3월 12일 20시,일요일,전라남도 무안군 삼향읍,경상사고,0,0,4,0,차대차 - 기타,기타,건조,맑음,교차로 - 교차로안,승용,남,21세,상해없음,승용,남,26세,경상
2023031200100358,2023년 3월 12일 22시,일요일,전라남도 장성군 황룡면,경상사고,0,0,1,0,차량단독 - 기타,안전운전불이행,건조,기타,단일로 - 기타,승용,남,48세,상해없음,,,,
2023031300100142,2023년 3월 13일 09시,월요일,전라남도 여수시 신기동,경상사고,0,0,1,0,차대차 - 기타,중앙선침범,건조,맑음,교차로 - 교차로안,승용,여,38세,상해없음,승용,여,42세,경상
2023031300100143,2023년 3월 13일 09시,월요일,전라남도 장성군 장성읍,경상사고,0,0,1,0,차대사람 - 차도통행중,안전운전불이행,건조,맑음,단일로 - 기타,승용,여,66세,상해없음,보행자,여,46세,경상
2023031300100173,2023년 3월 13일 10시,월요일,전라남도 목포시 용해동,부상신고사고,0,0,0,1,차대사람 - 차도통행중,보행자보호의무위반,건조,맑음,교차로 - 교차로안,승용,남,30세,상해없음,보행자,남,74세,부상신고
2023031300100174,2023년 3월 13일 10시,월요일,전라남도 순천시 황전면,경상사고,0,0,2,0,차대차 - 추돌,안전운전불이행,건조,맑음,단일로 - 기타,화물,남,60세,상해없음,특수,남,55세,상해없음
2023031300100205,2023년 3월 13일 11시,월요일,전라남도 순천시 덕월동,경상사고,0,0,1,0,차량단독 - 기타,안전운전불이행,건조,맑음,단일로 - 기타,이륜,남,87세,경상,,,,
2023031300100206,2023년 3월 13일 11시,월요일,전라남도 광양시 다압면,경상사고,0,0,1,0,차대사람 - 기타,안전운전불이행,건조,맑음,기타 - 기타,승용,남,62세,상해없음,보행자,남,70세,경상
2023031300100236,2023년 3월 13일 12시,월요일,전라남도 나주시 봉황면,경상사고,0,0,1,0,차대사람 - 기타,안전운전불이행,건조,맑음,단일로 - 기타,화물,남,43세,상해없음,보행자,남,38세,경상
2023031300100268,2023년 3월 13일 13시,월요일,전라남도 목포시 석현동,경상사고,0,0,2,0,차대차 - 기타,안전운전불이행,건조,맑음,단일로 - 기타,승용,여,28세,경상,승용,남,81세,경상
2023031300100269,2023년 3월 13일 13시,월요일,전라남도 담양군 담양읍,경상사고,0,0,1,0,차대차 - 측면충돌,안전운전불이행,건조,맑음,교차로 - 교차로안,승용,남,61세,상해없음,자전거,여,79세,경상
2023031300100300,2023년 3월 13일 14시,월요일,전라남도 목포시 산정동,경상사고,0,0,1,0,차대차 - 측면충돌,안전운전불이행,건조,맑음,교차로 - 교차로안,승용,남,72세,기타불명,승용,남,24세,경상
2023031300100301,2023년 3월 13일 14시,월요일,전라남도 순천시 석현동,경상사고,0,0,1,0,차대차 - 기타,교차로운행방법위반,건조,맑음,교차로 - 교차로부근,승용,여,67세,상해없음,승용,남,52세,경상
2023031300100302,2023년 3월 13일 14시,월요일,전라남도 순천시 연향동,경상사고,0,0,1,0,차대차 - 기타,교차로운행방법위반,건조,맑음,교차로 - 교차로안,승용,남,64세,상해없음,승용,남,73세,경상
2023031300100344,2023년 3월 13일 15시,월요일,전라남도 여수시 관문동,경상사고,0,0,2,0,차대차 - 추돌,안전거리미확보,기타,맑음,기타 - 기타,승용,남,35세,상해없음,승용,여,61세,경상
2023031300100345,2023년 3월 13일 15시,월요일,전라남도 해남군 해남읍,경상사고,0,0,1,0,차대사람 - 기타,안전운전불이행,건조,맑음,단일로 - 기타,승용,남,68세,상해없음,보행자,여,80세,경상
2023031300100346,2023년 3월 13일 15시,월요일,전라남도 화순군 한천면,경상사고,0,0,1,0,차대차 - 기타,직진우회전진행방해,건조,맑음,교차로 - 교차로안,승용,여,54세,상해없음,승합,남,64세,경상
2023031300100347,2023년 3월 13일 15시,월요일,전라남도 구례군 구례읍,중상사고,0,1,0,0,차대차 - 측면충돌,직진우회전진행방해,건조,맑음,교차로 - 교차로안,화물,여,46세,상해없음,이륜,남,88세,중상
2023031300100394,2023년 3월 13일 16시,월요일,전라남도 목포시 옥암동,경상사고,0,0,1,0,차대차 - 측면충돌,안전운전불이행,건조,맑음,교차로 - 교차로부근,특수,남,67세,상해없음,승용,여,48세,경상
2023031300100423,2023년 3월 13일 17시,월요일,전라남도 목포시 상동,경상사고,0,0,2,0,차대차 - 기타,안전운전불이행,건조,맑음,교차로 - 교차로안,승용,남,29세,상해없음,승용,여,47세,경상
2023031300100424,2023년 3월 13일 17시,월요일,전라남도 목포시 옥암동,경상사고,0,0,3,0,차대차 - 측면충돌,안전거리미확보,건조,맑음,교차로 - 교차로안,화물,남,42세,경상,승용,남,41세,경상
2023031300100425,2023년 3월 13일 17시,월요일,전라남도 영암군 도포면,경상사고,0,0,1,0,차대차 - 측면충돌,안전운전불이행,건조,맑음,교차로 - 교차로부근,화물,남,39세,상해없음,이륜,남,67세,경상
2023031300100458,2023년 3월 13일 18시,월요일,전라남도 장흥군 회진면,경상사고,0,0,1,0,차대차 - 기타,안전운전불이행,건조,맑음,단일로 - 기타,승용,남,52세,상해없음,승용,남,59세,경상