사고번호,사고일시,요일,시군구,사고내용,사망자수,중상자수,경상자수,부상신고자수,사고유형,법규위반,노면상태,기상상태,도로형태,가해운전자 차종,가해운전자 성별,가해운전자 연령,가해운전자 상해정도,피해운전자 차종,피해운전자 성별,피해운전자 연령,피해운전자 상해정도
2023031800100225,2023년 3월 18일 13시,토요일,전라남도 여수시 봉산동,경상사고,0,0,1,0,차대사람 - 기타,기타,건조,맑음,단일로 - 기타,승용,여,63세,상해없음,보행자,여,29세,경상
2023031800100226,2023년 3월 18일 13시,토요일,전라남도 광양시 중동,중상사고,0,1,0,0,차대차 - 측면충돌,안전거리미확보,건조,맑음,교차로 - 교차로횡단보도내,승용,남,47세,상해없음,이륜,남,51세,중상
2023031800100227,2023년 3월 18일 13시,토요일,전라남도 구례군 마산면,경상사고,0,0,1,0,차대차 - 측면충돌,안전운전불이행,건조,맑음,교차로 - 교차로안,승용,남,54세,상해없음,승용,남,27세,경상
2023031800100262,2023년 3월 18일 14시,토요일,전라남도 여수시 소라면,경상사고,0,0,1,0,차대차 - 추돌,안전운전불이행,건조,맑음,교차로 - 교차로부근,승용,남,42세,상해없음,화물,남,44세,경상
2023031800100304,2023년 3월 18일 15시,토요일,전라남도 목포시 용해동,경상사고,0,0,2,0,차대차 - 기타,안전운전불이행,건조,맑음,교차로 - 교차로부근,승용,남,49세,상해없음,승용,여,38세,경상
2023031800100353,2023년 3월 18일 16시,토요일,전라남도 강진군 성전면,경상사고,0,0,2,1,차대차 - 측면충돌,안전거리미확보,건조,맑음,단일로 - 기타,승용,남,29세,부상신고,화물,남,51세,경상
2023031800100413,2023년 3월 18일 18시,토요일,전라남도 강진군 도암면,부상신고사고,0,0,0,1,차대차 - 측면충돌,중앙선침범,건조,맑음,단일로 - 기타,이륜,남,61세,부상신고,승용,남,34세,상해없음
2023031800100446,2023년 3월 18일 19시,토요일,전라남도 순천시 조례동,경상사고,0,0,1,0,차대차 - 기타,안전운전불이행,건조,맑음,단일로 - 기타,이륜,남,19세,경상,승용,여,47세,상해없음
2023031800100447,2023년 3월 18일 19시,토요일,전라남도 광양시 중동,경상사고,0,0,3,0,차대차 - 측면충돌,교차로운행방법위반,건조,맑음,교차로 - 교차로안,승용,남,63세,기타불명,승용,남,22세,상해없음
2023031800100522,2023년 3월 18일 22시,토요일,전라남도 순천시 덕암동,경상사고,0,0,1,0,차대차 - 측면충돌,신호위반,건조,맑음,교차로 - 교차로안,승용,남,61세,상해없음,이륜,남,45세,경상
2023031800100523,2023년 3월 18일 22시,토요일,전라남도 강진군 성전면,경상사고,0,0,1,0,차대차 - 추돌,안전운전불이행,건조,맑음,단일로 - 기타,승용,남,66세,상해없음,승용,남,60세,경상
2023031900100027,2023년 3월 19일 03시,일요일,전라남도 광양시 중동,경상사고,0,0,1,0,차대차 - 추돌,안전운전불이행,건조,맑음,교차로 - 교차로부근,승용,남,38세,상해없음,승용,남,55세,경상
2023031900100047,2023년 3월 19일 07시,일요일,전라남도 고흥군 도양읍,경상사고,0,0,1,0,차대사람 - 기타,안전운전불이행,건조,맑음,단일로 - 기타,화물,남,62세,상해없음,보행자,남,45세,경상
2023031900100065,2023년 3월 19일 09시,일요일,전라남도 해남군 화원면,중상사고,0,1,0,0,차대차 - 정면충돌,중앙선침범,건조,맑음,교차로 - 교차로부근,승용,남,53세,기타불명,이륜,남,58세,중상
2023031900100066,2023년 3월 19일 09시,일요일,전라남도 담양군 담양읍,경상사고,0,0,3,0,차대차 - 추돌,안전거리미확보,건조,맑음,단일로 - 기타,화물,남,49세,경상,승용,남,54세,경상
2023031900100079,2023년 3월 19일 10시,일요일,전라남도 진도군 지산면,중상사고,0,1,0,0,차대사람 - 기타,안전운전불이행,건조,맑음,단일로 - 기타,농기계,남,80세,상해없음,보행자,여,77세,중상
2023031900100080,2023년 3월 19일 10시,일요일,전라남도 광양시 진월면,중상사고,0,1,0,0,차량단독 - 전도전복 - 전도,안전운전불이행,건조,맑음,단일로 - 기타,이륜,남,87세,중상,,,,
2023031900100103,2023년 3월 19일 11시,일요일,전라남도 구례군 간전면,경상사고,0,0,2,0,차대차 - 추돌,중앙선침범,건조,맑음,단일로 - 기타,화물,남,61세,상해없음,승용,남,56세,경상
2023031900100152,2023년 3월 19일 13시,일요일,전라남도 순천시 용당동,경상사고,0,0,1,0,차대사람 - 횡단중,신호위반,건조,맑음,교차로 - 교차로횡단보도내,이륜,남,36세,상해없음,보행자,남,10세,경상
2023031900100210,2023년 3월 19일 15시,일요일,전라남도 여수시 화장동,경상사고,0,0,1,0,차대차 - 후진중충돌,안전운전불이행,건조,맑음,기타 - 기타,승용,남,57세,상해없음,원동기,남,26세,경상
2023031900100211,2023년 3월 19일 15시,일요일,전라남도 순천시 연향동,경상사고,0,0,1,0,차대차 - 측면충돌,신호위반,건조,맑음,교차로 - 교차로안,화물,남,31세,상해없음,승용,남,28세,경상
2023031900100212,2023년 3월 19일 15시,일요일,전라남도 강진군 성전면,경상사고,0,0,2,0,차대차 - 추돌,안전운전불이행,건조,맑음,단일로 - 기타,승용,여,50세,상해없음,승용,남,76세,경상
2023031900100246,2023년 3월 19일 16시,일요일,전라남도 나주시 왕곡면,경상사고,0,0,4,0,차대차 - 측면충돌,교차로운행방법위반,건조,맑음,교차로 - 교차로안,승용,남,61세,기타불명,승용,남,39세,경상
2023031900100247,2023년 3월 19일 16시,일요일,전라남도 장성군 장성읍,경상사고,0,0,2,0,차대차 - 후진중충돌,안전운전불이행,건조,맑음,교차로 - 교차로안,승용,여,65세,기타불명,승용,남,30세,경상
2023031900100248,2023년 3월 19일 16시,일요일,전라남도 구례군 용방면,경상사고,0,0,2,0,차대차 - 측면충돌,직진우회전진행방해,건조,맑음,교차로 - 교차로안,승합,남,70세,상해없음,화물,남,76세,경상
2023031900100274,2023년 3월 19일 17시,일요일,전라남도 목포시 산정동,중상사고,0,1,0,0,차대사람 - 기타,안전운전불이행,건조,맑음,단일로 - 기타,이륜,남,29세,상해없음,보행자,남,83세,중상
2023031900100275,2023년 3월 19일 17시,일요일,전라남도 담양군 담양읍,경상사고,0,0,1,0,차대사람 - 기타,안전운전불이행,건조,맑음,주차장 - 주차장,화물,남,73세,상해없음,보행자,남,26세,경상
2023031900100292,2023년 3월 19일 18시,일요일,전라남도 목포시 중앙동2가,경상사고,0,0,2,0,차대차 - 측면충돌,신호위반,건조,맑음,교차로 - 교차로안,승용,여,57세,상해없음,승용,여,39세,경상
2023031900100293,2023년 3월 19일 18시,일요일,전라남도 광양시 진월면,경상사고,0,0,2,0,차대차 - 측면충돌,안전운전불이행,건조,맑음,단일로 - 기타,승용,남,23세,상해없음,승용,여,34세,경상
2023031900100322,2023년 3월 19일 19시,일요일,전라남도 곡성군 삼기면,경상사고,0,0,2,0,차대차 - 측면충돌,안전운전불이행,건조,맑음,교차로 - 교차로안,승용,남,48세,상해없음,승용,여,43세,경상
2023031900100323,2023년 3월 19일 19시,일요일,전라남도 광양시 마동,경상사고,0,0,1,0,차대차 - 측면충돌,안전운전불이행,건조,맑음,단일로 - 기타,승용,여,61세,상해없음,승용,남,34세,경상
2023032000100062,2023년 3월 20일 07시,월요일,전라남도 목포시 옥암동,경상사고,0,0,1,0,차대차 - 측면충돌,안전거리미확보,건조,맑음,단일로 - 기타,이륜,남,26세,상해없음,승용,남,39세,경상
2023032000100104,2023년 3월 20일 08시,월요일,전라남도 여수시 국동,중상사고,0,3,0,0,차대차 - 기타,교차로운행방법위반,건조,맑음,교차로 - 교차로안,승용,여,41세,상해없음,화물,남,69세,중상
2023032000100105,2023년 3월 20일 08시,월요일,전라남도 담양군 담양읍,경상사고,0,0,1,0,차대차 - 기타,안전운전불이행,건조,맑음,단일로 - 기타,화물,남,68세,상해없음,승용,여,35세,경상
2023032000100106,2023년 3월 20일 08시,월요일,전라남도 담양군 창평면,경상사고,0,0,3,0,차대차 - 기타,안전운전불이행,건조,맑음,단일로 - 기타,승용,여,50세,기타불명,승용,남,26세,경상
2023032000100107,2023년 3월 20일 08시,월요일,전라남도 광양시 광양읍,경상사고,0,0,1,0,차대차 - 기타,직진우회전진행방해,건조,맑음,교차로 - 교차로안,승용,남,61세,상해없음,승용,남,67세,경상
2023032000100173,2023년 3월 20일 10시,월요일,전라남도 신안군 압해읍,중상사고,0,1,4,0,차대차 - 측면충돌,교차로운행방법위반,건조,맑음,교차로 - 교차로안,승용,남,83세,경상,승합,남,53세,상해없음
2023032000100174,2023년 3월 20일 10시,월요일,전라남도 나주시 빛가람동,중상사고,0,1,0,0,차대차 - 추돌,안전운전불이행,건조,맑음,단일로 - 기타,승용,남,30세,상해없음,농기계,남,80세,중상
2023032000100175,2023년 3월 20일 10시,월요일,전라남도 담양군 담양읍,경상사고,0,0,3,0,차대차 - 추돌,안전거리미확보,건조,맑음,교차로 - 교차로부근,승용,남,51세,상해없음,승용,남,61세,경상
2023032000100176,2023년 3월 20일 10시,월요일,전라남도 구례군 용방면,경상사고,0,0,2,0,차대차 - 추돌,안전운전불이행,건조,맑음,단일로 - 기타,화물,남,75세,상해없음,승용,남,53세,경상
2023032000100203,2023년 3월 20일 11시,월요일,전라남도 고흥군 고흥읍,경상사고,0,0,1,0,차대차 - 기타,안전운전불이행,건조,맑음,교차로 - 교차로부근,화물,남,67세,상해없음,화물,남,46세,경상
2023032000100237,2023년 3월 20일 12시,월요일,전라남도 영암군 영암읍,경상사고,0,0,1,0,차대차 - 측면충돌,직진우회전진행방해,건조,맑음,교차로 - 교차로안,승용,여,51세,상해없음,원동기,남,85세,경상
2023032000100273,2023년 3월 20일 13시,월요일,전라남도 순천시 조례동,경상사고,0,0,1,0,차대차 - 기타,신호위반,건조,맑음,교차로 - 교차로안,승용,여,46세,상해없음,승용,여,45세,경상
2023032000100275,2023년 3월 20일 13시,월요일,전라남도 화순군 화순읍,경상사고,0,0,1,0,차대차 - 측면충돌,신호위반,건조,맑음,교차로 - 교차로안,승용,남,83세,상해없음,승용,남,30세,경상
2023032000100276,2023년 3월 20일 13시,월요일,전라남도 구례군 산동면,경상사고,0,0,3,0,차대차 - 측면충돌,안전거리미확보,건조,맑음,단일로 - 기타,승용,남,66세,경상,화물,남,51세,경상
2023032000100338,2023년 3월 20일 15시,월요일,전라남도 목포시 옥암동,경상사고,0,0,3,0,차대차 - 측면충돌,안전운전불이행,건조,맑음,교차로 - 교차로부근,승용,남,61세,상해없음,승용,여,50세,경상
2023032000100374,2023년 3월 20일 16시,월요일,전라남도 목포시 상동,경상사고,0,0,1,0,차대차 - 측면충돌,안전운전불이행,건조,맑음,단일로 - 기타,승용,여,38세,상해없음,승합,남,50세,경상
2023032000100415,2023년 3월 20일 17시,월요일,전라남도 곡성군 겸면,경상사고,0,0,1,0,차대차 - 측면충돌,안전운전불이행,건조,맑음,주차장 - 주차장,특수,남,64세,상해없음,승용,여,56세,경상
2023032000100450,2023년 3월 20일 18시,월요일,전라남도 순천시 덕월동,경상사고,0,0,1,0,차대차 - 기타,신호위반,건조,맑음,교차로 - 교차로안,승용,여,44세,상해없음,승용,여,43세,경상
2023032000100483,2023년 3월 20일 19시,월요일,전라남도 광양시 광양읍,경상사고,0,0,1,0,차대차 - 기타,교차로운행방법위반,건조,맑음,교차로 - 교차로안,승용,여,52세,상해없음,승용,남,23세,경상
2023032000100516,2023년 3월 20일 20시,월요일,전라남도 순천시 해룡면,경상사고,0,0,1,0,차대차 - 기타,중앙선침범,건조,맑음,단일로 - 기타,승용,남,45세,상해없음,이륜,남,29세,경상
2023032100100060,2023년 3월 21일 07시,화요일,전라남도 목포시 용해동,경상사고,0,0,1,0,차대차 - 측면충돌,안전운전불이행,건조,맑음,교차로 - 교차로안,화물,남,60세,상해없음,승용,남,50세,경상
2023032100100061,2023년 3월 21일 07시,화요일,전라남도 목포시 옥암동,경상사고,0,0,3,0,차대차 - 측면충돌,안전운전불이행,건조,맑음,교차로 - 교차로안,승용,남,64세,상해없음,승용,남,25세,상해없음
2023032100100062,2023년 3월 21일 07시,화요일,전라남도 목포시 석현동,경상사고,0,0,2,0,차대차 - 기타,안전운전불이행,건조,맑음,교차로 - 교차로안,승용,남,37세,상해없음,승합,남,63세,상해없음
2023032100100063,2023년 3월 21일 07시,화요일,전라남도 고흥군 풍양면,중상사고,0,1,0,0,차량단독 - 기타,안전운전불이행,건조,맑음,단일로 - 기타,이륜,남,74세,중상,,,,
2023032100100064,2023년 3월 21일 07시,화요일,전라남도 광양시 마동,중상사고,0,1,0,0,차대차 - 정면충돌,신호위반,건조,맑음,교차로 - 교차로안,승용,남,29세,상해없음,승용,남,35세,중상
2023032100100098,2023년 3월 21일 08시,화요일,전라남도 목포시 상동,경상사고,0,0,3,0,차대차 - 기타,신호위반,건조,맑음,단일로 - 고가도로위,승용,여,56세,경상,승용,남,33세,경상
2023032100100099,2023년 3월 21일 08시,화요일,전라남도 순천시 덕암동,경상사고,0,0,2,0,차대차 - 기타,안전운전불이행,건조,맑음,교차로 - 교차로안,승용,남,32세,상해없음,승용,남,46세,경상
2023032100100193,2023년 3월 21일 11시,화요일,전라남도 목포시 옥암동,경상사고,0,0,2,0,차대차 - 기타,안전운전불이행,건조,맑음,교차로 - 교차로안,승용,남,88세,상해없음,승용,남,43세,경상
2023032100100194,2023년 3월 21일 11시,화요일,전라남도 담양군 담양읍,경상사고,0,0,1,0,차대차 - 측면충돌,직진우회전진행방해,건조,맑음,교차로 - 교차로안,화물,남,69세,상해없음,승용,여,58세,경상
2023032100100215,2023년 3월 21일 12시,화요일,전라남도 목포시 옥암동,중상사고,0,1,0,0,차대차 - 측면충돌,안전운전불이행,건조,맑음,기타 - 기타,자전거,기타불명,미분류,기타불명,자전거,남,47세,중상
2023032100100216,2023년 3월 21일 12시,화요일,전라남도 보성군 보성읍,경상사고,0,0,1,0,차대차 - 추돌,안전운전불이행,건조,맑음,단일로 - 기타,이륜,남,59세,경상,화물,남,62세,상해없음
2023032100100217,2023년 3월 21일 12시,화요일,전라남도 강진군 성전면,부상신고사고,0,0,0,1,차량단독 - 공작물충돌,안전운전불이행,건조,맑음,단일로 - 기타,승용,남,62세,부상신고,,,,
2023032100100218,2023년 3월 21일 12시,화요일,전라남도 진도군 진도읍,경상사고,0,0,1,0,차대차 - 측면충돌,교차로운행방법위반,건조,맑음,교차로 - 교차로안,승합,남,55세,상해없음,원동기,여,69세,경상
2023032100100244,2023년 3월 21일 13시,화요일,전라남도 나주시 평산동,경상사고,0,0,4,0,차대차 - 추돌,안전거리미확보,건조,맑음,기타 - 기타,화물,남,50세,상해없음,승용,여,45세,경상
2023032100100281,2023년 3월 21일 14시,화요일,전라남도 목포시 연산동,경상사고,0,0,2,0,차대차 - 추돌,신호위반,건조,맑음,단일로 - 기타,승용,남,71세,기타불명,화물,남,32세,경상
2023032100100282,2023년 3월 21일 14시,화요일,전라남도 순천시 해룡면,경상사고,0,0,1,0,차대사람 - 기타,안전운전불이행,건조,맑음,단일로 - 기타,승합,남,59세,상해없음,보행자,여,8세,경상
2023032100100283,2023년 3월 21일 14시,화요일,전라남도 나주시 금천면,경상사고,0,0,1,0,차대차 - 측면충돌,안전운전불이행,건조,맑음,교차로 - 교차로부근,승용,남,75세,상해없음,승용,남,64세,상해없음
2023032100100284,2023년 3월 21일 14시,화요일,전라남도 광양시 광양읍,경상사고,0,0,1,0,차대차 - 측면충돌,안전거리미확보,건조,맑음,단일로 - 기타,건설기계,남,54세,상해없음,승용,여,56세,경상
2023032100100322,2023년 3월 21일 15시,화요일,전라남도 여수시 화장동,경상사고,0,0,1,0,차대차 - 측면충돌,신호위반,건조,맑음,교차로 - 교차로부근,승용,여,43세,기타불명,승용,남,42세,경상
2023032100100323,2023년 3월 21일 15시,화요일,전라남도 고흥군 도양읍,경상사고,0,0,1,0,차대차 - 기타,직진우회전진행방해,건조,맑음,교차로 - 교차로안,승용,여,45세,경상,승용,남,37세,상해없음
2023032100100358,2023년 3월 21일 16시,화요일,전라남도 순천시 왕지동,중상사고,0,1,0,0,차대차 - 측면충돌,직진우회전진행방해,건조,맑음,교차로 - 교차로안,화물,남,56세,상해없음,자전거,남,81세,중상
2023032100100403,2023년 3월 21일 17시,화요일,전라남도 목포시 용해동,경상사고,0,0,1,0,차대차 - 기타,안전운전불이행,건조,맑음,기타 - 기타,이륜,남,16세,경상,화물,남,48세,상해없음
2023032100100404,2023년 3월 21일 17시,화요일,전라남도 목포시 용당동,경상사고,0,0,1,0,차대차 - 측면충돌,교차로운행방법위반,건조,맑음,교차로 - 교차로안,이륜,남,79세,경상,승용,여,20세,상해없음
2023032100100405,2023년 3월 21일 17시,화요일,전라남도 여수시 문수동,경상사고,0,0,2,0,차대차 - 기타,안전운전불이행,기타,흐림,교차로 - 교차로안,승합,남,72세,경상,승용,여,51세,경상
2023032100100406,2023년 3월 21일 17시,화요일,전라남도 보성군 회천면,경상사고,0,0,1,0,차량단독 - 전도전복 - 전도,안전운전불이행,건조,맑음,단일로 - 기타,이륜,남,87세,경상,,,,
2023032100100407,2023년 3월 21일 17시,화요일,전라남도 담양군 담양읍,경상사고,0,0,1,0,차대차 - 추돌,안전운전불이행,건조,맑음,교차로 - 교차로부근,승용,남,36세,상해없음,승용,남,68세,경상
2023032100100489,2023년 3월 21일 19시,화요일,전라남도 광양시 중동,경상사고,0,0,1,0,차대사람 - 횡단중,신호위반,건조,맑음,단일로 - 기타,승용,남,62세,상해없음,보행자,남,27세,경상
2023032100100519,2023년 3월 21일 20시,화요일,전라남도 여수시 관문동,경상사고,0,0,2,0,차대차 - 정면충돌,안전운전불이행,건조,맑음,기타 - 기타,승용,남,48세,상해없음,승용,남,26세,경상
2023032100100520,2023년 3월 21일 20시,화요일,전라남도 순천시 조례동,중상사고,0,1,0,0,차대차 - 측면충돌,교차로운행방법위반,건조,맑음,교차로 - 교차로안,승용,여,29세,상해없음,원동기,남,33세,중상
2023032100100544,2023년 3월 21일 21시,화요일,전라남도 광양시 중동,중상사고,0,1,0,0,차대사람 - 횡단중,보행자보호의무위반,건조,맑음,교차로 - 교차로횡단보도내,승용,남,29세,상해없음,보행자,남,61세,중상
2023032100100561,2023년 3월 21일 22시,화요일,전라남도 여수시 학동,경상사고,0,0,1,0,차대사람 - 횡단중,보행자보호의무위반,건조,맑음,교차로 - 교차로안,승용,여,48세,상해없음,보행자,여,14세,경상
2023032200100042,2023년 3월 22일 05시,수요일,전라남도 여수시 미평동,중상사고,0,1,0,0,차대사람 - 횡단중,안전운전불이행,건조,기타,기타 - 기타,승용,여,45세,상해없음,보행자,남,61세,중상
2023032200100043,2023년 3월 22일 05시,수요일,전라남도 순천시 남정동,경상사고,0,0,1,0,차대차 - 기타,교차로운행방법위반,건조,맑음,교차로 - 교차로안,승용,남,64세,상해없음,승용,남,63세,상해없음
2023032200100100,2023년 3월 22일 08시,수요일,전라남도 목포시 석현동,경상사고,0,0,1,0,차대차 - 측면충돌,안전운전불이행,건조,맑음,교차로 - 교차로부근,기타불명,기타불명,미분류,기타불명,승용,남,55세,경상
2023032200100101,2023년 3월 22일 08시,수요일,전라남도 해남군 삼산면,중상사고,0,1,0,0,차대차 - 기타,안전운전불이행,건조,맑음,단일로 - 기타,농기계,남,70세,상해없음,화물,여,58세,중상
2023032200100161,2023년 3월 22일 10시,수요일,전라남도 나주시 성북동,경상사고,0,0,1,0,차량단독 - 공작물충돌,안전운전불이행,건조,맑음,주차장 - 주차장,승용,남,66세,경상,,,,
2023032200100197,2023년 3월 22일 11시,수요일,전라남도 무안군 청계면,중상사고,0,1,0,0,차대차 - 기타,중앙선침범,건조,맑음,교차로 - 교차로부근,승용,남,44세,상해없음,이륜,남,31세,중상
2023032200100309,2023년 3월 22일 15시,수요일,전라남도 해남군 해남읍,경상사고,0,0,1,0,차대차 - 추돌,안전운전불이행,건조,맑음,단일로 - 기타,화물,남,19세,기타불명,승용,여,51세,경상
2023032200100340,2023년 3월 22일 16시,수요일,전라남도 영광군 영광읍,사망사고,1,1,0,0,차량단독 - 도로외이탈 - 추락,안전운전불이행,젖음/습기,비,단일로 - 기타,화물,남,75세,사망,,,,
2023032200100341,2023년 3월 22일 16시,수요일,전라남도 완도군 소안면,중상사고,0,1,2,0,차대차 - 정면충돌,안전운전불이행,젖음/습기,비,교차로 - 교차로부근,승용,남,39세,상해없음,승용,여,40세,경상
2023032200100415,2023년 3월 22일 18시,수요일,전라남도 순천시 해룡면,경상사고,0,0,1,0,차대차 - 측면충돌,안전운전불이행,젖음/습기,비,교차로 - 교차로안,승용,여,49세,기타불명,이륜,남,26세,경상
2023032200100416,2023년 3월 22일 18시,수요일,전라남도 광양시 중동,부상신고사고,0,0,0,1,차대차 - 정면충돌,신호위반,젖음/습기,기타,교차로 - 교차로안,이륜,남,62세,부상신고,승용,남,35세,상해없음
2023032200100469,2023년 3월 22일 20시,수요일,전라남도 목포시 죽교동,중상사고,0,1,0,0,차대사람 - 횡단중,안전운전불이행,건조,맑음,교차로 - 교차로부근,승용,남,51세,상해없음,보행자,남,50세,중상
2023032200100470,2023년 3월 22일 20시,수요일,전라남도 장흥군 관산읍,경상사고,0,0,1,0,차대차 - 기타,안전운전불이행,젖음/습기,비,단일로 - 기타,승용,여,59세,상해없음,자전거,남,21세,경상
2023032200100471,2023년 3월 22일 20시,수요일,전라남도 고흥군 동강면,중상사고,0,1,0,0,차량단독 - 기타,안전운전불이행,젖음/습기,비,단일로 - 기타,승용,남,72세,상해없음,,,,
2023032200100552,2023년 3월 22일 23시,수요일,전라남도 나주시 산포면,경상사고,0,0,2,0,차대차 - 후진중충돌,안전운전불이행,젖음/습기,비,단일로 - 기타,승용,여,45세,상해없음,승용,여,20세,경상
2023032300100005,2023년 3월 23일 00시,목요일,전라남도 나주시 남평읍,경상사고,0,0,1,0,차대사람 - 기타,안전운전불이행,젖음/습기,비,단일로 - 기타,승용,남,37세,상해없음,보행자,남,39세,경상
2023032300100043,2023년 3월 23일 05시,목요일,전라남도 화순군 동면,중상사고,0,1,1,0,차량단독 - 공작물충돌,안전운전불이행,젖음/습기,비,교차로 - 교차로부근,승용,여,33세,경상,,,,
2023032300100072,2023년 3월 23일 07시,목요일,전라남도 장흥군 용산면,중상사고,0,1,0,0,차대사람 - 기타,안전운전불이행,젖음/습기,비,단일로 - 기타,승용,남,73세,상해없음,보행자,여,75세,중상
2023032300100113,2023년 3월 23일 08시,목요일,전라남도 목포시 석현동,경상사고,0,0,1,0,차대사람 - 기타,안전운전불이행,건조,맑음,기타 - 기타,승용,여,46세,상해없음,보행자,여,16세,경상
2023032300100175,2023년 3월 23일 10시,목요일,전라남도 여수시 소라면,경상사고,0,0,2,0,차대차 - 추돌,안전운전불이행,건조,맑음,단일로 - 기타,화물,남,37세,상해없음,승용,남,73세,경상
2023032300100252,2023년 3월 23일 13시,목요일,전라남도 목포시 산정동,경상사고,0,0,1,0,차대차 - 후진중충돌,안전운전불이행,건조,맑음,단일로 - 기타,화물,남,27세,상해없음,이륜,남,49세,경상
2023032300100253,2023년 3월 23일 13시,목요일,전라남도 순천시 상사면,경상사고,0,0,1,0,차대차 - 측면충돌,직진우회전진행방해,건조,맑음,교차로 - 교차로안,승용,여,47세,경상,화물,남,51세,상해없음
2023032300100254,2023년 3월 23일 13시,목요일,전라남도 광양시 중동,경상사고,0,0,1,0,차대차 - 측면충돌,교차로운행방법위반,건조,맑음,교차로 - 교차로안,승용,여,37세,상해없음,승용,여,31세,경상
2023032300100304,2023년 3월 23일 15시,목요일,전라남도 나주시 금천면,경상사고,0,0,2,0,차대차 - 측면충돌,안전운전불이행,젖음/습기,비,교차로 - 교차로부근,화물,남,58세,경상,화물,여,48세,경상
2023032300100305,2023년 3월 23일 15시,목요일,전라남도 완도군 완도읍,중상사고,0,1,0,0,차대차 - 기타,직진우회전진행방해,건조,맑음,교차로 - 교차로안,화물,남,63세,중상,승용,남,25세,상해없음
2023032300100356,2023년 3월 23일 16시,목요일,전라남도 순천시 해룡면,경상사고,0,0,1,0,차대사람 - 차도통행중,안전운전불이행,건조,맑음,단일로 - 기타,승용,남,46세,상해없음,보행자,남,65세,경상
2023032300100440,2023년 3월 23일 18시,목요일,전라남도 여수시 소라면,경상사고,0,0,1,0,차대차 - 추돌,안전운전불이행,건조,맑음,교차로 - 교차로부근,승용,남,59세,상해없음,승용,여,44세,경상
2023032300100441,2023년 3월 23일 18시,목요일,전라남도 여수시 화장동,경상사고,0,0,2,0,차대차 - 기타,안전운전불이행,젖음/습기,기타,단일로 - 기타,승용,여,56세,상해없음,승용,여,50세,경상
2023032300100475,2023년 3월 23일 19시,목요일,전라남도 목포시 연산동,중상사고,0,1,0,0,차대사람 - 기타,안전운전불이행,건조,맑음,단일로 - 기타,승용,남,55세,상해없음,보행자,여,77세,중상
2023032300100476,2023년 3월 23일 19시,목요일,전라남도 순천시 조례동,경상사고,0,0,2,0,차대차 - 추돌,안전거리미확보,건조,맑음,교차로 - 교차로부근,화물,남,61세,상해없음,승용,여,42세,경상
2023032300100477,2023년 3월 23일 19시,목요일,전라남도 영암군 삼호읍,경상사고,0,0,1,0,차대차 - 측면충돌,안전운전불이행,건조,맑음,단일로 - 기타,승용,남,49세,상해없음,승용,남,39세,경상
2023032300100510,2023년 3월 23일 20시,목요일,전라남도 여수시 학동,중상사고,0,1,0,0,차대사람 - 횡단중,신호위반,젖음/습기,비,교차로 - 교차로횡단보도내,이륜,남,30세,상해없음,보행자,여,50세,중상
2023032300100536,2023년 3월 23일 21시,목요일,전라남도 여수시 신기동,경상사고,0,0,1,0,차대차 - 추돌,안전운전불이행,젖음/습기,비,교차로 - 교차로부근,승용,남,55세,상해없음,승용,여,49세,경상
2023032300100563,2023년 3월 23일 23시,목요일,전라남도 여수시 웅천동,경상사고,0,0,2,0,차대차 - 추돌,안전운전불이행,젖음/습기,흐림,교차로 - 교차로안,승용,여,58세,상해없음,승용,여,37세,경상
2023032400100003,2023년 3월 24일 00시,금요일,전라남도 순천시 조례동,경상사고,0,0,1,0,차대사람 - 횡단중,중앙선침범,젖음/습기,비,단일로 - 기타,승용,남,46세,상해없음,보행자,여,30세,경상
2023032400100020,2023년 3월 24일 03시,금요일,전라남도 여수시 신월동,경상사고,0,0,1,0,차대차 - 기타,안전거리미확보,젖음/습기,비,단일로 - 기타,승용,남,64세,상해없음,승용,남,48세,경상
2023032400100046,2023년 3월 24일 06시,금요일,전라남도 광양시 중동,경상사고,0,0,1,0,차대차 - 측면충돌,신호위반,젖음/습기,비,교차로 - 교차로안,승용,남,52세,상해없음,승용,남,54세,경상
2023032400100063,2023년 3월 24일 07시,금요일,전라남도 광양시 광양읍,경상사고,0,0,1,0,차대차 - 측면충돌,신호위반,젖음/습기,비,교차로 - 교차로안,화물,남,24세,상해없음,승용,남,50세,경상
2023032400100104,2023년 3월 24일 08시,금요일,전라남도 고흥군 도양읍,경상사고,0,0,1,0,차대차 - 기타,안전운전불이행,젖음/습기,비,단일로 - 기타,승용,남,64세,상해없음,승용,여,59세,상해없음
2023032400100168,2023년 3월 24일 10시,금요일,전라남도 영광군 영광읍,중상사고,0,1,2,0,차대차 - 기타,교차로운행방법위반,건조,맑음,교차로 - 교차로안,승용,남,67세,상해없음,승합,남,48세,상해없음
2023032400100169,2023년 3월 24일 10시,금요일,전라남도 광양시 중동,경상사고,0,0,1,0,차대차 - 기타,안전거리미확보,젖음/습기,비,교차로 - 교차로안,화물,남,57세,상해없음,승용,여,46세,경상
2023032400100206,2023년 3월 24일 11시,금요일,전라남도 여수시 국동,경상사고,0,0,1,0,차대차 - 측면충돌,안전운전불이행,건조,맑음,교차로 - 교차로안,승용,여,31세,상해없음,승용,남,29세,경상