사고번호,사고일시,요일,시군구,사고내용,사망자수,중상자수,경상자수,부상신고자수,사고유형,법규위반,노면상태,기상상태,도로형태,가해운전자 차종,가해운전자 성별,가해운전자 연령,가해운전자 상해정도,피해운전자 차종,피해운전자 성별,피해운전자 연령,피해운전자 상해정도
2023040400100009,2023년 4월 4일 01시,화요일,전라남도 목포시 용해동,경상사고,0,0,2,0,차대차 - 추돌,안전운전불이행,건조,맑음,교차로 - 교차로부근,승용,여,26세,상해없음,승용,남,50세,경상
2023040400100041,2023년 4월 4일 06시,화요일,전라남도 목포시 용해동,경상사고,0,0,1,0,차대차 - 측면충돌,신호위반,건조,맑음,교차로 - 교차로안,승용,여,51세,상해없음,승용,여,55세,경상
2023040400100161,2023년 4월 4일 10시,화요일,전라남도 진도군 진도읍,중상사고,0,2,0,0,차대차 - 측면충돌,신호위반,건조,흐림,교차로 - 교차로안,이륜,남,83세,중상,승용,남,44세,상해없음
2023040400100185,2023년 4월 4일 11시,화요일,전라남도 순천시 조례동,사망사고,1,0,0,0,차대차 - 측면충돌,안전운전불이행,건조,맑음,단일로 - 기타,이륜,남,20세,사망,승용,남,72세,상해없음
2023040400100186,2023년 4월 4일 11시,화요일,전라남도 해남군 송지면,경상사고,0,0,1,0,차대차 - 정면충돌,중앙선침범,건조,맑음,단일로 - 기타,화물,남,61세,상해없음,승용,남,40세,경상
2023040400100204,2023년 4월 4일 12시,화요일,전라남도 목포시 산정동,경상사고,0,0,1,1,차대차 - 기타,안전운전불이행,건조,맑음,단일로 - 기타,이륜,남,83세,부상신고,이륜,남,68세,경상
2023040400100205,2023년 4월 4일 12시,화요일,전라남도 보성군 보성읍,중상사고,0,1,1,0,차대차 - 정면충돌,중앙선침범,건조,맑음,단일로 - 기타,승용,여,67세,경상,승용,여,35세,중상
2023040400100232,2023년 4월 4일 13시,화요일,전라남도 순천시 오천동,중상사고,0,1,0,0,차대사람 - 기타,교차로운행방법위반,건조,맑음,교차로 - 교차로안,화물,남,73세,상해없음,보행자,남,65세,중상
2023040400100233,2023년 4월 4일 13시,화요일,전라남도 나주시 노안면,경상사고,0,0,1,0,차대차 - 측면충돌,안전운전불이행,건조,맑음,단일로 - 기타,원동기,남,46세,경상,화물,남,57세,상해없음
2023040400100234,2023년 4월 4일 13시,화요일,전라남도 해남군 옥천면,중상사고,0,2,0,0,차대차 - 측면충돌,직진우회전진행방해,건조,맑음,교차로 - 교차로안,건설기계,남,63세,상해없음,화물,여,64세,중상
2023040400100235,2023년 4월 4일 13시,화요일,전라남도 함평군 엄다면,중상사고,0,1,1,0,차대차 - 정면충돌,안전운전불이행,건조,맑음,교차로 - 교차로부근,화물,남,61세,상해없음,화물,남,27세,경상
2023040400100268,2023년 4월 4일 14시,화요일,전라남도 목포시 옥암동,경상사고,0,0,1,0,차대사람 - 기타,안전운전불이행,건조,맑음,단일로 - 기타,특수,남,64세,상해없음,보행자,남,43세,경상
2023040400100269,2023년 4월 4일 14시,화요일,전라남도 담양군 대덕면,중상사고,0,1,0,0,차량단독 - 전도전복 - 전도,안전운전불이행,건조,맑음,단일로 - 기타,이륜,남,52세,중상,,,,
2023040400100297,2023년 4월 4일 15시,화요일,전라남도 장흥군 장흥읍,경상사고,0,0,2,0,차대차 - 측면충돌,안전운전불이행,건조,맑음,단일로 - 기타,화물,여,55세,상해없음,화물,남,20세,상해없음
2023040400100298,2023년 4월 4일 15시,화요일,전라남도 강진군 군동면,중상사고,0,2,1,0,차대차 - 측면충돌,기타,건조,흐림,교차로 - 교차로안,승용,남,59세,경상,화물,남,61세,중상
2023040400100329,2023년 4월 4일 16시,화요일,전라남도 여수시 신기동,경상사고,0,0,1,0,차대차 - 기타,안전운전불이행,건조,맑음,교차로 - 교차로부근,승용,남,31세,상해없음,이륜,남,48세,경상
2023040400100363,2023년 4월 4일 17시,화요일,전라남도 순천시 해룡면,경상사고,0,0,1,0,차대차 - 기타,안전운전불이행,건조,맑음,단일로 - 기타,승용,남,66세,상해없음,승용,남,52세,경상
2023040400100452,2023년 4월 4일 19시,화요일,전라남도 목포시 연산동,경상사고,0,0,1,0,차대사람 - 횡단중,안전운전불이행,젖음/습기,흐림,단일로 - 기타,승용,여,63세,상해없음,보행자,남,66세,경상
2023040400100453,2023년 4월 4일 19시,화요일,전라남도 순천시 조례동,경상사고,0,0,1,0,차대차 - 측면충돌,신호위반,젖음/습기,비,교차로 - 교차로안,승용,여,47세,상해없음,승용,남,35세,경상
2023040400100454,2023년 4월 4일 19시,화요일,전라남도 고흥군 동일면,경상사고,0,0,1,0,차대사람 - 길가장자리구역통행중,안전운전불이행,건조,맑음,단일로 - 기타,승용,여,48세,상해없음,보행자,남,34세,경상
2023040400100511,2023년 4월 4일 20시,화요일,전라남도 목포시 옥암동,경상사고,0,0,1,0,차량단독 - 공작물충돌,안전운전불이행,젖음/습기,비,단일로 - 기타,이륜,남,39세,경상,,,,
2023040400100512,2023년 4월 4일 20시,화요일,전라남도 목포시 상동,경상사고,0,0,1,0,차대사람 - 기타,안전운전불이행,젖음/습기,비,단일로 - 기타,승용,남,34세,상해없음,보행자,남,45세,경상
2023040400100513,2023년 4월 4일 20시,화요일,전라남도 여수시 신덕동,경상사고,0,0,1,0,차대차 - 측면충돌,안전운전불이행,젖음/습기,비,교차로 - 교차로안,승용,남,20세,기타불명,승용,남,35세,경상
2023040400100514,2023년 4월 4일 20시,화요일,전라남도 장흥군 용산면,중상사고,0,1,0,0,차량단독 - 공작물충돌,안전운전불이행,젖음/습기,비,단일로 - 기타,화물,남,62세,중상,,,,
2023040400100515,2023년 4월 4일 20시,화요일,전라남도 장흥군 대덕읍,경상사고,0,0,1,0,차대사람 - 차도통행중,안전운전불이행,젖음/습기,비,단일로 - 기타,원동기,남,34세,상해없음,보행자,남,57세,경상
2023040400100570,2023년 4월 4일 21시,화요일,전라남도 목포시 호남동,경상사고,0,0,1,0,차대차 - 측면충돌,안전운전불이행,젖음/습기,비,교차로 - 교차로안,승용,여,52세,상해없음,승용,남,27세,경상
2023040400100571,2023년 4월 4일 21시,화요일,전라남도 영광군 영광읍,중상사고,0,1,0,0,차대사람 - 횡단중,보행자보호의무위반,젖음/습기,비,교차로 - 교차로안,승용,남,52세,상해없음,보행자,남,58세,중상
2023040500100015,2023년 4월 5일 00시,수요일,전라남도 나주시 산포면,중상사고,0,1,0,0,차량단독 - 공작물충돌,안전운전불이행,젖음/습기,비,단일로 - 기타,승용,여,28세,중상,,,,
2023040500100041,2023년 4월 5일 02시,수요일,전라남도 순천시 조례동,경상사고,0,0,1,0,차대사람 - 횡단중,안전운전불이행,젖음/습기,비,교차로 - 교차로부근,승용,남,28세,상해없음,보행자,여,59세,경상
2023040500100054,2023년 4월 5일 04시,수요일,전라남도 목포시 옥암동,경상사고,0,0,1,0,차량단독 - 공작물충돌,안전운전불이행,젖음/습기,맑음,단일로 - 기타,승용,여,38세,경상,,,,
2023040500100069,2023년 4월 5일 05시,수요일,전라남도 강진군 대구면,경상사고,0,0,1,0,차량단독 - 공작물충돌,안전운전불이행,젖음/습기,비,단일로 - 기타,화물,남,75세,경상,,,,
2023040500100070,2023년 4월 5일 05시,수요일,전라남도 광양시 옥곡면,중상사고,0,1,0,0,차대사람 - 기타,안전운전불이행,젖음/습기,비,단일로 - 기타,화물,남,75세,상해없음,보행자,남,35세,중상
2023040500100112,2023년 4월 5일 07시,수요일,전라남도 여수시 안산동,경상사고,0,0,1,0,차대차 - 기타,중앙선침범,젖음/습기,비,교차로 - 교차로부근,승용,여,56세,상해없음,승용,여,49세,경상
2023040500100113,2023년 4월 5일 07시,수요일,전라남도 화순군 도곡면,경상사고,0,0,2,0,차대차 - 측면충돌,신호위반,젖음/습기,비,교차로 - 교차로안,승용,남,51세,상해없음,승용,남,26세,경상
2023040500100137,2023년 4월 5일 08시,수요일,전라남도 여수시 여서동,경상사고,0,0,2,0,차대차 - 추돌,안전운전불이행,젖음/습기,비,교차로 - 교차로부근,승용,남,27세,기타불명,승합,남,57세,경상
2023040500100138,2023년 4월 5일 08시,수요일,전라남도 나주시 빛가람동,경상사고,0,0,1,0,차대차 - 추돌,안전운전불이행,젖음/습기,비,단일로 - 기타,승용,여,25세,상해없음,승용,남,25세,경상
2023040500100167,2023년 4월 5일 09시,수요일,전라남도 목포시 옥암동,중상사고,0,1,0,0,차대차 - 추돌,안전거리미확보,건조,맑음,교차로 - 교차로부근,건설기계,남,39세,상해없음,승용,여,50세,중상
2023040500100193,2023년 4월 5일 10시,수요일,전라남도 목포시 상동,경상사고,0,0,1,0,차대차 - 추돌,안전운전불이행,젖음/습기,비,교차로 - 교차로안,승용,남,42세,기타불명,승용,여,31세,경상
2023040500100194,2023년 4월 5일 10시,수요일,전라남도 순천시 조곡동,경상사고,0,0,1,0,차대차 - 측면충돌,안전운전불이행,젖음/습기,비,단일로 - 기타,승합,남,57세,상해없음,승용,여,26세,경상
2023040500100221,2023년 4월 5일 11시,수요일,전라남도 담양군 담양읍,경상사고,0,0,1,1,차량단독 - 도로외이탈 - 기타,안전운전불이행,젖음/습기,비,교차로 - 교차로안,승용,남,83세,부상신고,,,,
2023040500100252,2023년 4월 5일 12시,수요일,전라남도 화순군 이양면,경상사고,0,0,1,0,차대차 - 추돌,안전운전불이행,건조,맑음,단일로 - 터널,화물,남,61세,상해없음,특수,남,40세,경상
2023040500100379,2023년 4월 5일 16시,수요일,전라남도 목포시 상동,경상사고,0,0,2,0,차대차 - 측면충돌,교차로운행방법위반,건조,맑음,교차로 - 교차로안,승용,남,21세,상해없음,승용,여,33세,경상
2023040500100439,2023년 4월 5일 18시,수요일,전라남도 여수시 학동,경상사고,0,0,1,0,차대차 - 측면충돌,안전운전불이행,젖음/습기,비,교차로 - 교차로안,승용,여,43세,상해없음,승용,남,35세,경상
2023040500100440,2023년 4월 5일 18시,수요일,전라남도 순천시 조례동,중상사고,0,1,0,0,차대차 - 기타,안전운전불이행,젖음/습기,흐림,교차로 - 교차로부근,승용,여,38세,상해없음,이륜,남,28세,중상
2023040500100533,2023년 4월 5일 20시,수요일,전라남도 목포시 산정동,경상사고,0,0,3,0,차대차 - 측면충돌,안전운전불이행,건조,맑음,단일로 - 기타,화물,남,65세,상해없음,승용,남,20세,경상
2023040500100534,2023년 4월 5일 20시,수요일,전라남도 진도군 진도읍,경상사고,0,0,2,1,차대차 - 추돌,안전운전불이행,건조,맑음,교차로 - 교차로부근,화물,여,54세,부상신고,승용,여,54세,경상
2023040600100063,2023년 4월 6일 07시,목요일,전라남도 보성군 보성읍,경상사고,0,0,1,0,차량단독 - 도로외이탈 - 추락,안전운전불이행,건조,흐림,기타 - 기타,승용,남,61세,경상,,,,
2023040600100123,2023년 4월 6일 09시,목요일,전라남도 장흥군 장흥읍,경상사고,0,0,2,0,차대차 - 측면충돌,직진우회전진행방해,건조,흐림,교차로 - 교차로안,승용,남,39세,경상,승용,남,66세,상해없음
2023040600100124,2023년 4월 6일 09시,목요일,전라남도 함평군 함평읍,중상사고,0,2,0,0,차대차 - 추돌,안전운전불이행,젖음/습기,비,단일로 - 기타,승용,남,71세,중상,화물,남,63세,중상
2023040600100143,2023년 4월 6일 10시,목요일,전라남도 목포시 대양동,부상신고사고,0,0,0,1,차량단독 - 기타,안전운전불이행,건조,맑음,기타 - 기타,화물,여,48세,부상신고,,,,
2023040600100144,2023년 4월 6일 10시,목요일,전라남도 순천시 조례동,경상사고,0,0,3,0,차대차 - 측면충돌,교차로운행방법위반,건조,흐림,교차로 - 교차로안,승용,남,39세,경상,승합,남,56세,상해없음
2023040600100145,2023년 4월 6일 10시,목요일,전라남도 영광군 군남면,경상사고,0,0,2,0,차대차 - 정면충돌,안전운전불이행,젖음/습기,비,교차로 - 교차로안,승용,여,71세,경상,승용,남,55세,경상
2023040600100165,2023년 4월 6일 11시,목요일,전라남도 여수시 소호동,경상사고,0,0,3,0,차대차 - 추돌,안전운전불이행,건조,맑음,단일로 - 기타,화물,남,80세,경상,승합,남,57세,경상
2023040600100211,2023년 4월 6일 13시,목요일,전라남도 담양군 대전면,중상사고,0,1,0,0,차대차 - 측면충돌,안전운전불이행,건조,맑음,교차로 - 교차로부근,승용,남,35세,상해없음,이륜,남,73세,중상
2023040600100244,2023년 4월 6일 14시,목요일,전라남도 영광군 군서면,중상사고,0,1,0,0,차대차 - 측면충돌,직진우회전진행방해,젖음/습기,안개,교차로 - 교차로부근,이륜,남,81세,중상,화물,남,68세,상해없음
2023040600100275,2023년 4월 6일 15시,목요일,전라남도 나주시 운곡동,경상사고,0,0,1,0,차대차 - 측면충돌,신호위반,젖음/습기,비,단일로 - 기타,화물,남,60세,상해없음,승용,여,52세,경상
2023040600100276,2023년 4월 6일 15시,목요일,전라남도 진도군 진도읍,경상사고,0,0,1,0,차대차 - 측면충돌,안전운전불이행,건조,맑음,교차로 - 교차로부근,승용,남,79세,상해없음,승용,여,62세,경상
2023040600100307,2023년 4월 6일 16시,목요일,전라남도 여수시 여서동,중상사고,0,1,0,0,차대사람 - 횡단중,안전운전불이행,건조,맑음,단일로 - 기타,화물,여,26세,상해없음,보행자,여,75세,중상
2023040600100308,2023년 4월 6일 16시,목요일,전라남도 나주시 금천면,경상사고,0,0,1,0,차대차 - 기타,교차로운행방법위반,젖음/습기,비,교차로 - 교차로안,승용,남,28세,상해없음,승용,여,36세,경상
2023040600100309,2023년 4월 6일 16시,목요일,전라남도 나주시 이창동,경상사고,0,0,1,0,차대차 - 측면충돌,안전운전불이행,젖음/습기,비,단일로 - 기타,승용,남,55세,상해없음,승용,남,40세,경상
2023040600100341,2023년 4월 6일 17시,목요일,전라남도 장흥군 장흥읍,경상사고,0,0,1,0,차대사람 - 횡단중,안전운전불이행,건조,흐림,교차로 - 교차로안,승용,여,47세,상해없음,보행자,남,13세,경상
2023040600100389,2023년 4월 6일 18시,목요일,전라남도 순천시 장천동,경상사고,0,0,1,0,차대차 - 측면충돌,교차로운행방법위반,건조,맑음,교차로 - 교차로안,승용,여,31세,상해없음,승용,남,42세,경상
2023040600100430,2023년 4월 6일 19시,목요일,전라남도 화순군 화순읍,경상사고,0,0,1,0,차대차 - 추돌,교차로운행방법위반,젖음/습기,맑음,교차로 - 교차로안,승합,남,66세,상해없음,자전거,남,16세,경상
2023040600100477,2023년 4월 6일 20시,목요일,전라남도 목포시 용해동,중상사고,0,1,0,0,차대사람 - 차도통행중,안전운전불이행,젖음/습기,비,교차로 - 교차로안,승합,남,56세,상해없음,보행자,남,64세,중상
2023040600100478,2023년 4월 6일 20시,목요일,전라남도 순천시 매곡동,경상사고,0,0,1,0,차대차 - 측면충돌,안전운전불이행,건조,맑음,기타 - 기타,화물,남,30세,상해없음,승용,여,53세,경상
2023040600100505,2023년 4월 6일 21시,목요일,전라남도 목포시 달동,중상사고,0,1,5,0,차대차 - 기타,중앙선침범,젖음/습기,비,기타 - 기타,승용,남,22세,상해없음,승용,남,46세,중상
2023040700100038,2023년 4월 7일 04시,금요일,전라남도 완도군 완도읍,중상사고,0,1,0,0,차대사람 - 차도통행중,안전운전불이행,건조,맑음,교차로 - 교차로부근,승용,여,44세,기타불명,보행자,남,70세,중상
2023040700100075,2023년 4월 7일 07시,금요일,전라남도 광양시 마동,경상사고,0,0,1,0,차대차 - 기타,차로위반,건조,맑음,교차로 - 교차로부근,승용,남,51세,상해없음,승용,남,58세,상해없음
2023040700100118,2023년 4월 7일 08시,금요일,전라남도 나주시 송월동,경상사고,0,0,1,0,차대차 - 측면충돌,안전운전불이행,건조,맑음,교차로 - 교차로부근,특수,남,47세,기타불명,승용,여,41세,경상
2023040700100161,2023년 4월 7일 09시,금요일,전라남도 목포시 호남동,경상사고,0,0,1,0,차대차 - 측면충돌,안전운전불이행,건조,맑음,단일로 - 기타,승용,남,33세,상해없음,개인형이동수단(PM),남,78세,경상
2023040700100191,2023년 4월 7일 10시,금요일,전라남도 목포시 상동,중상사고,0,1,0,0,차대사람 - 횡단중,안전운전불이행,젖음/습기,맑음,단일로 - 기타,자전거,남,22세,상해없음,보행자,여,75세,중상
2023040700100192,2023년 4월 7일 10시,금요일,전라남도 목포시 용해동,경상사고,0,0,2,1,차대차 - 측면충돌,중앙선침범,건조,맑음,단일로 - 기타,승용,여,41세,부상신고,승용,남,55세,경상
2023040700100193,2023년 4월 7일 10시,금요일,전라남도 여수시 웅천동,경상사고,0,0,3,1,차대차 - 기타,교차로운행방법위반,건조,맑음,교차로 - 교차로안,승용,남,63세,부상신고,승합,남,59세,경상
2023040700100215,2023년 4월 7일 11시,금요일,전라남도 고흥군 고흥읍,경상사고,0,0,1,0,차대사람 - 횡단중,안전운전불이행,건조,맑음,교차로 - 교차로부근,승용,남,42세,상해없음,보행자,남,63세,경상
2023040700100239,2023년 4월 7일 12시,금요일,전라남도 순천시 석현동,중상사고,0,1,0,0,차대차 - 측면충돌,안전운전불이행,건조,맑음,교차로 - 교차로부근,승용,여,50세,상해없음,원동기,남,75세,중상
2023040700100240,2023년 4월 7일 12시,금요일,전라남도 광양시 중동,경상사고,0,0,1,0,차대차 - 정면충돌,안전운전불이행,건조,맑음,단일로 - 기타,승용,여,37세,경상,승용,남,61세,상해없음
2023040700100277,2023년 4월 7일 13시,금요일,전라남도 광양시 옥곡면,경상사고,0,0,2,0,차대차 - 추돌,안전운전불이행,건조,맑음,교차로 - 교차로부근,승용,남,69세,상해없음,승용,남,67세,경상
2023040700100313,2023년 4월 7일 14시,금요일,전라남도 나주시 남평읍,중상사고,0,1,0,0,차대차 - 측면충돌,교차로운행방법위반,건조,맑음,교차로 - 교차로안,화물,남,82세,상해없음,이륜,남,34세,중상
2023040700100348,2023년 4월 7일 15시,금요일,전라남도 순천시 연향동,경상사고,0,0,1,0,차대차 - 측면충돌,안전운전불이행,건조,맑음,교차로 - 교차로부근,승용,남,63세,상해없음,승용,남,28세,경상
2023040700100401,2023년 4월 7일 16시,금요일,전라남도 함평군 월야면,중상사고,0,1,0,0,차대차 - 기타,안전운전불이행,건조,맑음,단일로 - 기타,화물,남,55세,상해없음,자전거,여,70세,중상
2023040700100402,2023년 4월 7일 16시,금요일,전라남도 영암군 금정면,중상사고,0,1,0,2,차대차 - 정면충돌,중앙선침범,건조,맑음,교차로 - 교차로안,화물,남,47세,상해없음,승용,남,24세,중상
2023040700100403,2023년 4월 7일 16시,금요일,전라남도 담양군 고서면,경상사고,0,0,1,0,차대차 - 측면충돌,직진우회전진행방해,건조,맑음,교차로 - 교차로안,화물,남,65세,상해없음,승용,여,44세,경상
2023040700100461,2023년 4월 7일 17시,금요일,전라남도 순천시 매곡동,경상사고,0,0,1,0,차대차 - 측면충돌,직진우회전진행방해,건조,맑음,교차로 - 교차로안,승용,남,62세,상해없음,자전거,남,66세,경상
2023040700100462,2023년 4월 7일 17시,금요일,전라남도 순천시 연향동,경상사고,0,0,1,0,차대차 - 기타,안전운전불이행,건조,맑음,교차로 - 교차로안,승용,여,62세,상해없음,승용,여,66세,경상
2023040700100463,2023년 4월 7일 17시,금요일,전라남도 영암군 삼호읍,경상사고,0,0,1,0,차대차 - 추돌,안전운전불이행,건조,맑음,단일로 - 기타,승용,남,52세,상해없음,자전거,남,39세,경상
2023040700100464,2023년 4월 7일 17시,금요일,전라남도 담양군 담양읍,경상사고,0,0,1,0,차대차 - 측면충돌,차로위반,건조,맑음,단일로 - 기타,승용,여,50세,경상,화물,남,55세,상해없음
2023040700100514,2023년 4월 7일 18시,금요일,전라남도 해남군 북평면,사망사고,1,2,0,0,차대차 - 추돌,안전운전불이행,건조,맑음,교차로 - 교차로부근,화물,남,63세,중상,화물,남,52세,중상
2023040700100601,2023년 4월 7일 20시,금요일,전라남도 순천시 용당동,경상사고,0,0,1,0,차대차 - 기타,직진우회전진행방해,건조,맑음,교차로 - 교차로안,승용,여,44세,상해없음,자전거,여,37세,경상
2023040800100060,2023년 4월 8일 06시,토요일,전라남도 담양군 담양읍,중상사고,0,1,0,0,차대사람 - 기타,안전운전불이행,건조,맑음,단일로 - 기타,승용,여,72세,상해없음,보행자,여,88세,중상
2023040800100090,2023년 4월 8일 08시,토요일,전라남도 순천시 낙안면,중상사고,0,1,0,0,차량단독 - 기타,안전운전불이행,건조,맑음,단일로 - 기타,화물,남,68세,중상,,,,
2023040800100091,2023년 4월 8일 08시,토요일,전라남도 순천시 용당동,경상사고,0,0,1,0,차대차 - 후진중충돌,안전운전불이행,건조,맑음,기타 - 기타,승용,남,60세,상해없음,승용,여,44세,경상
2023040800100179,2023년 4월 8일 11시,토요일,전라남도 여수시 학동,경상사고,0,0,4,0,차대차 - 측면충돌,안전운전불이행,건조,맑음,교차로 - 교차로안,승용,남,50세,기타불명,승용,여,58세,경상
2023040800100180,2023년 4월 8일 11시,토요일,전라남도 장흥군 장흥읍,중상사고,0,1,0,0,차대사람 - 횡단중,안전운전불이행,건조,맑음,교차로 - 교차로안,원동기,여,68세,상해없음,보행자,남,56세,중상
2023040800100181,2023년 4월 8일 11시,토요일,전라남도 강진군 군동면,중상사고,0,1,4,1,차대차 - 추돌,안전거리미확보,건조,맑음,교차로 - 교차로안,화물,남,75세,경상,승용,남,46세,경상
2023040800100182,2023년 4월 8일 11시,토요일,전라남도 완도군 신지면,경상사고,0,0,4,0,차대차 - 기타,중앙선침범,건조,맑음,단일로 - 기타,승용,남,57세,상해없음,승용,남,32세,경상
2023040800100274,2023년 4월 8일 13시,토요일,전라남도 여수시 봉강동,경상사고,0,0,1,0,차대차 - 기타,안전운전불이행,건조,맑음,교차로 - 교차로안,화물,남,63세,상해없음,승용,남,70세,경상
2023040800100308,2023년 4월 8일 14시,토요일,전라남도 여수시 학동,경상사고,0,0,1,0,차대차 - 측면충돌,안전운전불이행,건조,맑음,단일로 - 기타,승용,남,48세,상해없음,이륜,남,39세,경상
2023040800100343,2023년 4월 8일 15시,토요일,전라남도 순천시 연향동,경상사고,0,0,1,0,차대사람 - 차도통행중,안전운전불이행,건조,맑음,교차로 - 교차로안,승용,남,34세,상해없음,보행자,여,91세,경상
2023040800100344,2023년 4월 8일 15시,토요일,전라남도 무안군 해제면,중상사고,0,4,0,0,차대차 - 정면충돌,중앙선침범,건조,맑음,단일로 - 기타,승용,남,68세,기타불명,화물,남,67세,중상
2023040800100386,2023년 4월 8일 16시,토요일,전라남도 광양시 중동,경상사고,0,0,1,0,차대차 - 측면충돌,안전운전불이행,건조,맑음,교차로 - 교차로안,승용,여,59세,상해없음,승용,남,25세,경상
2023040800100425,2023년 4월 8일 17시,토요일,전라남도 장흥군 장평면,경상사고,0,0,1,0,차대차 - 기타,기타,건조,맑음,단일로 - 기타,승용,남,29세,경상,화물,남,77세,상해없음
2023040800100426,2023년 4월 8일 17시,토요일,전라남도 진도군 의신면,중상사고,0,1,0,0,차대차 - 측면충돌,안전운전불이행,건조,맑음,교차로 - 교차로안,승용,남,65세,상해없음,원동기,남,62세,중상
2023040800100427,2023년 4월 8일 17시,토요일,전라남도 구례군 구례읍,중상사고,0,1,0,0,차량단독 - 공작물충돌,안전운전불이행,건조,맑음,단일로 - 기타,승용,남,62세,기타불명,,,,
2023040800100471,2023년 4월 8일 18시,토요일,전라남도 순천시 장천동,경상사고,0,0,1,0,차대차 - 측면충돌,안전운전불이행,건조,맑음,단일로 - 기타,승용,남,61세,상해없음,승용,남,36세,경상
2023040800100496,2023년 4월 8일 19시,토요일,전라남도 광양시 중동,중상사고,0,1,0,0,차대사람 - 차도통행중,안전운전불이행,건조,흐림,단일로 - 기타,이륜,남,55세,상해없음,보행자,여,75세,중상
2023040800100533,2023년 4월 8일 20시,토요일,전라남도 여수시 연등동,경상사고,0,0,1,0,차대사람 - 기타,안전운전불이행,건조,맑음,단일로 - 기타,승용,남,55세,상해없음,보행자,남,34세,경상
2023040800100534,2023년 4월 8일 20시,토요일,전라남도 화순군 화순읍,경상사고,0,0,1,0,차대사람 - 횡단중,보행자보호의무위반,건조,맑음,교차로 - 교차로횡단보도내,승용,남,55세,상해없음,보행자,남,61세,경상
2023040800100560,2023년 4월 8일 21시,토요일,전라남도 순천시 해룡면,경상사고,0,0,2,0,차대차 - 측면충돌,안전거리미확보,건조,맑음,단일로 - 기타,화물,남,45세,상해없음,승용,남,57세,경상
2023040900100007,2023년 4월 9일 00시,일요일,전라남도 목포시 상동,경상사고,0,0,1,0,차대차 - 추돌,안전운전불이행,건조,맑음,단일로 - 기타,기타불명,기타불명,미분류,기타불명,승용,남,55세,경상
2023040900100076,2023년 4월 9일 09시,일요일,전라남도 목포시 달동,경상사고,0,0,1,0,차대차 - 추돌,안전운전불이행,건조,맑음,교차로 - 교차로부근,승합,남,65세,상해없음,승용,남,54세,경상
2023040900100101,2023년 4월 9일 10시,일요일,전라남도 여수시 문수동,경상사고,0,0,1,0,차대차 - 추돌,직진우회전진행방해,건조,맑음,교차로 - 교차로안,승용,남,59세,상해없음,승용,여,55세,경상
2023040900100102,2023년 4월 9일 10시,일요일,전라남도 나주시 송월동,경상사고,0,0,4,0,차대차 - 측면충돌,안전운전불이행,건조,맑음,교차로 - 교차로안,승용,여,70세,경상,승용,남,51세,경상
2023040900100103,2023년 4월 9일 10시,일요일,전라남도 고흥군 풍양면,경상사고,0,0,1,0,차대사람 - 기타,안전운전불이행,건조,맑음,단일로 - 기타,승용,여,67세,상해없음,보행자,여,64세,경상
2023040900100120,2023년 4월 9일 11시,일요일,전라남도 목포시 옥암동,경상사고,0,0,2,0,차대차 - 측면충돌,중앙선침범,건조,맑음,단일로 - 기타,승용,여,23세,상해없음,승용,여,46세,경상
2023040900100220,2023년 4월 9일 14시,일요일,전라남도 여수시 서교동,경상사고,0,0,1,0,차대차 - 측면충돌,안전운전불이행,건조,맑음,교차로 - 교차로부근,승용,여,25세,상해없음,승용,남,48세,경상
2023040900100221,2023년 4월 9일 14시,일요일,전라남도 여수시 학동,경상사고,0,0,1,0,차대차 - 기타,중앙선침범,건조,맑음,단일로 - 기타,승용,남,47세,상해없음,이륜,남,34세,경상
2023040900100222,2023년 4월 9일 14시,일요일,전라남도 순천시 인월동,중상사고,0,1,2,0,차대차 - 기타,신호위반,건조,맑음,교차로 - 교차로부근,승용,여,51세,상해없음,승용,남,42세,중상
2023040900100223,2023년 4월 9일 14시,일요일,전라남도 영암군 삼호읍,경상사고,0,0,2,0,차대차 - 측면충돌,신호위반,건조,맑음,교차로 - 교차로안,특수,남,58세,상해없음,승용,남,39세,경상
2023040900100224,2023년 4월 9일 14시,일요일,전라남도 장성군 황룡면,경상사고,0,0,2,0,차대차 - 후진중충돌,안전운전불이행,건조,맑음,단일로 - 기타,승용,여,51세,상해없음,승용,남,62세,경상
2023040900100226,2023년 4월 9일 14시,일요일,전라남도 담양군 담양읍,경상사고,0,0,4,0,차대차 - 측면충돌,안전운전불이행,건조,맑음,단일로 - 기타,승용,남,18세,상해없음,승용,여,36세,경상
2023040900100256,2023년 4월 9일 15시,일요일,전라남도 여수시 신기동,경상사고,0,0,1,0,차대차 - 측면충돌,안전운전불이행,건조,맑음,교차로 - 교차로부근,승용,여,63세,상해없음,승용,남,34세,경상
2023040900100257,2023년 4월 9일 15시,일요일,전라남도 순천시 왕지동,경상사고,0,0,1,0,차대차 - 기타,안전운전불이행,건조,맑음,교차로 - 교차로부근,승용,남,59세,상해없음,승용,남,35세,경상
2023040900100258,2023년 4월 9일 15시,일요일,전라남도 광양시 광영동,경상사고,0,0,2,0,차대차 - 추돌,안전거리미확보,건조,맑음,단일로 - 기타,승용,여,44세,상해없음,승용,남,38세,경상
2023040900100296,2023년 4월 9일 16시,일요일,전라남도 장성군 남면,중상사고,0,1,1,0,차대차 - 추돌,안전거리미확보,건조,맑음,단일로 - 기타,승합,남,50세,상해없음,승용,여,23세,경상