사고번호,사고일시,요일,시군구,사고내용,사망자수,중상자수,경상자수,부상신고자수,사고유형,법규위반,노면상태,기상상태,도로형태,가해운전자 차종,가해운전자 성별,가해운전자 연령,가해운전자 상해정도,피해운전자 차종,피해운전자 성별,피해운전자 연령,피해운전자 상해정도
2023040900100322,2023년 4월 9일 17시,일요일,전라남도 목포시 죽교동,경상사고,0,0,3,0,차대차 - 측면충돌,교차로운행방법위반,건조,맑음,교차로 - 교차로안,승용,여,46세,경상,승용,남,53세,경상
2023040900100323,2023년 4월 9일 17시,일요일,전라남도 광양시 중동,경상사고,0,0,2,0,차대차 - 측면충돌,신호위반,건조,맑음,교차로 - 교차로안,이륜,남,41세,경상,이륜,남,33세,경상
2023040900100372,2023년 4월 9일 19시,일요일,전라남도 나주시 이창동,경상사고,0,0,1,0,차대차 - 측면충돌,안전운전불이행,건조,맑음,교차로 - 교차로부근,승합,남,57세,상해없음,승합,남,47세,경상
2023040900100373,2023년 4월 9일 19시,일요일,전라남도 장흥군 장흥읍,경상사고,0,0,1,0,차대차 - 기타,중앙선침범,건조,맑음,기타 - 기타,승합,남,72세,상해없음,승용,남,42세,경상
2023040900100395,2023년 4월 9일 20시,일요일,전라남도 목포시 산정동,경상사고,0,0,1,0,차대사람 - 기타,안전운전불이행,건조,맑음,교차로 - 교차로부근,승용,남,46세,상해없음,보행자,남,67세,경상
2023040900100416,2023년 4월 9일 21시,일요일,전라남도 순천시 승주읍,사망사고,1,0,0,0,차대차 - 기타,안전운전불이행,건조,맑음,기타 - 기타,승용,남,28세,기타불명,승용,여,31세,상해없음
2023040900100436,2023년 4월 9일 23시,일요일,전라남도 완도군 노화읍,사망사고,1,0,0,0,차량단독 - 공작물충돌,기타,건조,맑음,단일로 - 기타,승용,남,26세,사망,,,,
2023041000100023,2023년 4월 10일 05시,월요일,전라남도 순천시 조례동,경상사고,0,0,3,0,차대차 - 기타,직진우회전진행방해,건조,맑음,교차로 - 교차로안,승용,남,29세,상해없음,승용,남,57세,경상
2023041000100032,2023년 4월 10일 06시,월요일,전라남도 목포시 옥암동,경상사고,0,0,4,0,차대차 - 측면충돌,교차로운행방법위반,건조,맑음,교차로 - 교차로안,승합,남,63세,상해없음,승용,남,26세,경상
2023041000100079,2023년 4월 10일 08시,월요일,전라남도 장흥군 장흥읍,경상사고,0,0,1,0,차량단독 - 공작물충돌,안전운전불이행,건조,맑음,기타 - 기타,화물,남,62세,경상,,,,
2023041000100080,2023년 4월 10일 08시,월요일,전라남도 고흥군 대서면,중상사고,0,1,0,0,차대차 - 기타,교차로운행방법위반,건조,맑음,교차로 - 교차로안,화물,남,54세,상해없음,이륜,남,61세,중상
2023041000100081,2023년 4월 10일 08시,월요일,전라남도 무안군 현경면,중상사고,0,1,0,0,차대차 - 기타,안전운전불이행,건조,맑음,교차로 - 교차로안,승용,남,76세,상해없음,승용,남,43세,중상
2023041000100110,2023년 4월 10일 09시,월요일,전라남도 여수시 광무동,중상사고,0,1,1,0,차대차 - 측면충돌,안전운전불이행,건조,맑음,기타 - 기타,사륜오토바이(ATV),여,64세,중상,승용,남,64세,경상
2023041000100111,2023년 4월 10일 09시,월요일,전라남도 영암군 삼호읍,경상사고,0,0,1,0,차대차 - 측면충돌,안전운전불이행,건조,맑음,단일로 - 기타,승용,여,58세,상해없음,승용,여,66세,경상
2023041000100144,2023년 4월 10일 10시,월요일,전라남도 여수시 월하동,경상사고,0,0,2,0,차대차 - 측면충돌,안전운전불이행,건조,맑음,단일로 - 기타,화물,남,66세,상해없음,화물,남,33세,경상
2023041000100145,2023년 4월 10일 10시,월요일,전라남도 해남군 마산면,중상사고,0,1,1,0,차대차 - 측면충돌,기타,건조,맑음,교차로 - 교차로안,승용,여,56세,경상,화물,남,83세,중상
2023041000100146,2023년 4월 10일 10시,월요일,전라남도 진도군 진도읍,경상사고,0,0,1,0,차대차 - 기타,차로위반,건조,맑음,교차로 - 교차로안,화물,남,70세,상해없음,승합,남,41세,상해없음
2023041000100198,2023년 4월 10일 12시,월요일,전라남도 신안군 안좌면,중상사고,0,1,0,0,차대차 - 기타,중앙선침범,건조,맑음,기타 - 기타,승용,여,71세,상해없음,이륜,남,68세,중상
2023041000100199,2023년 4월 10일 12시,월요일,전라남도 목포시 상동,경상사고,0,0,1,0,차대차 - 추돌,안전운전불이행,건조,맑음,단일로 - 기타,이륜,남,32세,경상,승용,남,63세,상해없음
2023041000100200,2023년 4월 10일 12시,월요일,전라남도 여수시 학동,경상사고,0,0,1,0,차대차 - 측면충돌,차로위반,건조,맑음,단일로 - 기타,승용,남,72세,상해없음,화물,남,32세,경상
2023041000100231,2023년 4월 10일 13시,월요일,전라남도 영암군 삼호읍,중상사고,0,1,1,0,차대차 - 추돌,안전운전불이행,건조,맑음,교차로 - 교차로부근,화물,남,71세,중상,승용,남,51세,경상
2023041000100232,2023년 4월 10일 13시,월요일,전라남도 곡성군 겸면,중상사고,0,1,0,0,차대차 - 추돌,안전운전불이행,건조,맑음,단일로 - 기타,이륜,남,35세,중상,승용,남,25세,상해없음
2023041000100261,2023년 4월 10일 14시,월요일,전라남도 화순군 화순읍,중상사고,0,1,0,0,차대차 - 측면충돌,직진우회전진행방해,건조,맑음,교차로 - 교차로안,승용,남,55세,상해없음,화물,여,52세,중상
2023041000100303,2023년 4월 10일 15시,월요일,전라남도 목포시 용해동,경상사고,0,0,1,0,차대사람 - 기타,신호위반,건조,맑음,교차로 - 교차로안,승용,남,66세,상해없음,보행자,여,43세,경상
2023041000100490,2023년 4월 10일 20시,월요일,전라남도 장성군 장성읍,중상사고,0,1,1,0,차대차 - 정면충돌,중앙선침범,건조,맑음,단일로 - 지하차도(도로)내,승용,여,50세,경상,승용,여,55세,중상
2023041000100491,2023년 4월 10일 20시,월요일,전라남도 광양시 성황동,경상사고,0,0,1,0,차대차 - 측면충돌,교차로운행방법위반,건조,맑음,교차로 - 교차로안,승합,남,58세,상해없음,승용,여,29세,경상
2023041000100524,2023년 4월 10일 22시,월요일,전라남도 여수시 공화동,경상사고,0,0,1,0,차대차 - 측면충돌,신호위반,건조,맑음,교차로 - 교차로안,승용,남,27세,상해없음,승용,남,30세,경상
2023041000100525,2023년 4월 10일 22시,월요일,전라남도 여수시 학동,경상사고,0,0,1,0,차량단독 - 기타,기타,건조,맑음,단일로 - 기타,승합,남,49세,기타불명,,,,
2023041100100053,2023년 4월 11일 07시,화요일,전라남도 순천시 연향동,경상사고,0,0,2,0,차대차 - 기타,교차로운행방법위반,건조,맑음,교차로 - 교차로부근,건설기계,남,46세,상해없음,승합,남,72세,경상
2023041100100054,2023년 4월 11일 07시,화요일,전라남도 해남군 화원면,경상사고,0,0,2,0,차대차 - 정면충돌,중앙선침범,건조,맑음,단일로 - 기타,승용,남,34세,상해없음,화물,남,48세,경상
2023041100100083,2023년 4월 11일 08시,화요일,전라남도 여수시 문수동,경상사고,0,0,3,0,차대차 - 측면충돌,안전운전불이행,건조,맑음,단일로 - 기타,승용,남,47세,상해없음,승용,남,40세,경상
2023041100100084,2023년 4월 11일 08시,화요일,전라남도 순천시 장천동,경상사고,0,0,1,0,차대차 - 추돌,안전운전불이행,건조,맑음,단일로 - 기타,승용,남,39세,상해없음,화물,남,57세,경상
2023041100100085,2023년 4월 11일 08시,화요일,전라남도 완도군 고금면,중상사고,0,1,0,0,차대사람 - 차도통행중,안전운전불이행,건조,맑음,단일로 - 기타,승합,남,71세,상해없음,보행자,여,83세,중상
2023041100100114,2023년 4월 11일 09시,화요일,전라남도 장성군 삼계면,경상사고,0,0,1,0,차대차 - 기타,안전운전불이행,건조,맑음,단일로 - 기타,승용,남,81세,상해없음,승용,여,66세,경상
2023041100100165,2023년 4월 11일 11시,화요일,전라남도 목포시 죽교동,경상사고,0,0,1,0,차대차 - 정면충돌,중앙선침범,건조,맑음,단일로 - 기타,화물,남,80세,상해없음,승용,남,57세,경상
2023041100100166,2023년 4월 11일 11시,화요일,전라남도 순천시 조례동,경상사고,0,0,1,0,차대사람 - 횡단중,보행자보호의무위반,건조,맑음,교차로 - 교차로횡단보도내,승용,남,74세,상해없음,보행자,여,64세,경상
2023041100100193,2023년 4월 11일 12시,화요일,전라남도 순천시 석현동,경상사고,0,0,1,0,차대차 - 측면충돌,안전운전불이행,건조,맑음,단일로 - 기타,승용,남,64세,상해없음,자전거,남,59세,경상
2023041100100250,2023년 4월 11일 14시,화요일,전라남도 목포시 용당동,중상사고,0,1,0,0,차대차 - 측면충돌,안전운전불이행,건조,맑음,교차로 - 교차로부근,화물,남,49세,상해없음,자전거,남,82세,중상
2023041100100278,2023년 4월 11일 15시,화요일,전라남도 곡성군 석곡면,경상사고,0,0,1,0,차대사람 - 횡단중,안전운전불이행,건조,맑음,단일로 - 기타,화물,남,62세,상해없음,보행자,남,51세,경상
2023041100100336,2023년 4월 11일 17시,화요일,전라남도 목포시 연산동,경상사고,0,0,2,0,차대차 - 측면충돌,직진우회전진행방해,건조,맑음,교차로 - 교차로안,승용,여,43세,상해없음,승용,남,70세,경상
2023041100100337,2023년 4월 11일 17시,화요일,전라남도 강진군 강진읍,경상사고,0,0,3,0,차대차 - 측면충돌,직진우회전진행방해,건조,맑음,교차로 - 교차로안,승용,여,50세,경상,승용,여,73세,경상
2023041100100415,2023년 4월 11일 19시,화요일,전라남도 강진군 성전면,중상사고,0,1,5,0,차대차 - 측면충돌,신호위반,젖음/습기,비,교차로 - 교차로안,승용,남,67세,상해없음,화물,남,73세,경상
2023041100100442,2023년 4월 11일 20시,화요일,전라남도 순천시 왕지동,중상사고,0,2,1,0,차대차 - 측면충돌,안전운전불이행,젖음/습기,흐림,교차로 - 교차로안,승용,여,61세,경상,승용,남,24세,중상
2023041100100443,2023년 4월 11일 20시,화요일,전라남도 곡성군 삼기면,중상사고,0,1,1,0,차대차 - 추돌,안전운전불이행,젖음/습기,비,단일로 - 기타,승용,남,58세,경상,농기계,남,73세,중상
2023041100100472,2023년 4월 11일 21시,화요일,전라남도 순천시 조례동,경상사고,0,0,1,0,차대차 - 측면충돌,안전운전불이행,건조,맑음,교차로 - 교차로안,승용,남,30세,상해없음,이륜,남,37세,경상
2023041100100489,2023년 4월 11일 22시,화요일,전라남도 목포시 상동,부상신고사고,0,0,0,1,차대차 - 측면충돌,안전운전불이행,건조,맑음,단일로 - 기타,개인형이동수단(PM),남,45세,부상신고,승용,여,28세,기타불명
2023041100100490,2023년 4월 11일 22시,화요일,전라남도 목포시 옥암동,경상사고,0,0,1,0,차대차 - 기타,안전운전불이행,건조,맑음,단일로 - 기타,화물,남,62세,상해없음,승용,여,60세,경상
2023041100100491,2023년 4월 11일 22시,화요일,전라남도 순천시 해룡면,경상사고,0,0,1,0,차대차 - 기타,신호위반,젖음/습기,맑음,교차로 - 교차로안,승용,남,65세,상해없음,승용,여,29세,경상
2023041100100503,2023년 4월 11일 23시,화요일,전라남도 여수시 문수동,부상신고사고,0,0,0,1,차대사람 - 횡단중,교차로운행방법위반,건조,맑음,교차로 - 교차로안,승용,남,52세,상해없음,보행자,남,50세,부상신고
2023041100100504,2023년 4월 11일 23시,화요일,전라남도 나주시 빛가람동,경상사고,0,0,2,0,차대차 - 추돌,안전운전불이행,건조,맑음,교차로 - 교차로부근,승용,여,47세,상해없음,승용,여,59세,경상
2023041100100505,2023년 4월 11일 23시,화요일,전라남도 보성군 미력면,경상사고,0,0,2,0,차대차 - 측면충돌,직진우회전진행방해,건조,맑음,교차로 - 교차로안,승용,남,66세,경상,승용,남,64세,경상
2023041200100032,2023년 4월 12일 06시,수요일,전라남도 순천시 서면,중상사고,0,1,1,0,차대차 - 기타,안전거리미확보,건조,맑음,교차로 - 교차로안,건설기계,남,53세,상해없음,승용,남,43세,중상
2023041200100106,2023년 4월 12일 08시,수요일,전라남도 순천시 장천동,경상사고,0,0,1,0,차대차 - 측면충돌,신호위반,건조,맑음,교차로 - 교차로안,승용,남,63세,상해없음,승합,남,68세,경상
2023041200100107,2023년 4월 12일 08시,수요일,전라남도 영암군 영암읍,경상사고,0,0,1,0,차대차 - 추돌,안전운전불이행,건조,맑음,단일로 - 기타,화물,남,23세,상해없음,승용,여,61세,경상
2023041200100204,2023년 4월 12일 11시,수요일,전라남도 여수시 학동,경상사고,0,0,1,0,차대사람 - 보도통행중,기타,건조,맑음,단일로 - 기타,화물,남,54세,상해없음,보행자,여,61세,경상
2023041200100205,2023년 4월 12일 11시,수요일,전라남도 순천시 덕암동,경상사고,0,0,2,0,차대차 - 기타,안전운전불이행,건조,맑음,기타 - 기타,승용,여,45세,상해없음,승용,여,33세,경상
2023041200100206,2023년 4월 12일 11시,수요일,전라남도 강진군 작천면,경상사고,0,0,1,0,차량단독 - 전도전복 - 전도,안전운전불이행,건조,맑음,기타 - 기타,이륜,남,87세,경상,,,,
2023041200100207,2023년 4월 12일 11시,수요일,전라남도 담양군 담양읍,경상사고,0,0,2,0,차대차 - 측면충돌,교차로운행방법위반,건조,맑음,교차로 - 교차로안,승용,남,78세,상해없음,승용,여,37세,경상
2023041200100208,2023년 4월 12일 11시,수요일,전라남도 장성군 남면,경상사고,0,0,2,0,차대차 - 추돌,안전운전불이행,건조,맑음,기타 - 기타,승용,남,64세,상해없음,승용,남,34세,경상
2023041200100236,2023년 4월 12일 12시,수요일,전라남도 목포시 상동,경상사고,0,0,2,0,차대차 - 측면충돌,안전운전불이행,건조,맑음,교차로 - 교차로부근,승용,남,60세,경상,화물,남,60세,경상
2023041200100237,2023년 4월 12일 12시,수요일,전라남도 강진군 대구면,경상사고,0,0,3,0,차대차 - 추돌,기타,건조,맑음,교차로 - 교차로부근,승용,남,57세,경상,승용,남,53세,경상
2023041200100289,2023년 4월 12일 14시,수요일,전라남도 목포시 용당동,경상사고,0,0,1,0,차대사람 - 기타,안전운전불이행,건조,맑음,단일로 - 기타,승합,여,58세,상해없음,보행자,여,61세,경상
2023041200100290,2023년 4월 12일 14시,수요일,전라남도 목포시 산정동,경상사고,0,0,1,0,차대차 - 측면충돌,안전운전불이행,건조,맑음,단일로 - 기타,이륜,남,62세,경상,승용,여,56세,상해없음
2023041200100291,2023년 4월 12일 14시,수요일,전라남도 신안군 압해읍,경상사고,0,0,1,0,차대차 - 추돌,안전운전불이행,젖음/습기,흐림,기타 - 기타,승용,남,62세,상해없음,화물,남,30세,경상
2023041200100292,2023년 4월 12일 14시,수요일,전라남도 보성군 벌교읍,경상사고,0,0,1,0,차량단독 - 전도전복 - 전도,안전운전불이행,건조,맑음,단일로 - 기타,이륜,남,48세,경상,,,,
2023041200100293,2023년 4월 12일 14시,수요일,전라남도 장성군 삼계면,경상사고,0,0,2,0,차대차 - 측면충돌,안전운전불이행,건조,맑음,단일로 - 기타,승용,남,62세,상해없음,승합,남,21세,경상
2023041200100334,2023년 4월 12일 15시,수요일,전라남도 영암군 삼호읍,경상사고,0,0,1,0,차량단독 - 공작물충돌,안전운전불이행,건조,맑음,교차로 - 교차로부근,승용,여,59세,경상,,,,
2023041200100417,2023년 4월 12일 17시,수요일,전라남도 고흥군 도양읍,경상사고,0,0,1,0,차대차 - 측면충돌,안전운전불이행,건조,맑음,단일로 - 기타,이륜,남,42세,상해없음,승용,여,29세,경상
2023041200100454,2023년 4월 12일 18시,수요일,전라남도 목포시 용해동,경상사고,0,0,1,0,차대차 - 측면충돌,안전운전불이행,건조,맑음,교차로 - 교차로부근,승용,남,57세,상해없음,승용,남,54세,경상
2023041200100455,2023년 4월 12일 18시,수요일,전라남도 강진군 강진읍,경상사고,0,0,2,0,차대차 - 측면충돌,안전운전불이행,건조,맑음,교차로 - 교차로부근,승용,남,51세,상해없음,승용,여,42세,경상
2023041200100508,2023년 4월 12일 20시,수요일,전라남도 여수시 주삼동,경상사고,0,0,2,0,차대차 - 추돌,안전운전불이행,건조,맑음,단일로 - 기타,승용,여,61세,경상,승용,남,73세,경상
2023041200100561,2023년 4월 12일 22시,수요일,전라남도 순천시 덕암동,경상사고,0,0,4,0,차대차 - 추돌,안전운전불이행,건조,맑음,교차로 - 교차로부근,승용,남,40세,기타불명,승용,남,54세,상해없음
2023041300100028,2023년 4월 13일 05시,목요일,전라남도 강진군 대구면,중상사고,0,1,7,6,차대차 - 정면충돌,중앙선침범,건조,맑음,단일로 - 기타,건설기계,남,71세,상해없음,승합,여,60세,경상
2023041300100043,2023년 4월 13일 06시,목요일,전라남도 순천시 조례동,경상사고,0,0,2,0,차대차 - 측면충돌,중앙선침범,건조,맑음,교차로 - 교차로부근,승용,남,26세,경상,승용,남,55세,경상
2023041300100044,2023년 4월 13일 06시,목요일,전라남도 영암군 삼호읍,경상사고,0,0,1,0,차대차 - 추돌,안전거리미확보,건조,맑음,단일로 - 교량,승용,남,70세,상해없음,승용,남,33세,경상
2023041300100068,2023년 4월 13일 07시,목요일,전라남도 목포시 상동,경상사고,0,0,5,0,차대차 - 기타,교차로운행방법위반,건조,맑음,교차로 - 교차로안,승용,남,46세,상해없음,승합,남,53세,상해없음
2023041300100108,2023년 4월 13일 08시,목요일,전라남도 여수시 적량동,경상사고,0,0,1,0,차대차 - 측면충돌,중앙선침범,건조,맑음,교차로 - 교차로부근,승용,남,58세,상해없음,승용,여,21세,경상
2023041300100109,2023년 4월 13일 08시,목요일,전라남도 고흥군 금산면,사망사고,1,0,0,0,차량단독 - 기타,안전운전불이행,건조,맑음,교차로 - 교차로안,이륜,남,80세,상해없음,,,,
2023041300100170,2023년 4월 13일 10시,목요일,전라남도 목포시 옥암동,경상사고,0,0,1,0,차대차 - 기타,안전운전불이행,건조,맑음,단일로 - 기타,승용,남,58세,상해없음,자전거,남,41세,경상
2023041300100171,2023년 4월 13일 10시,목요일,전라남도 곡성군 오곡면,중상사고,0,1,0,0,차대사람 - 기타,안전운전불이행,건조,맑음,단일로 - 기타,화물,남,47세,상해없음,보행자,남,41세,중상
2023041300100205,2023년 4월 13일 11시,목요일,전라남도 순천시 풍덕동,경상사고,0,0,2,0,차대차 - 측면충돌,직진우회전진행방해,건조,맑음,교차로 - 교차로안,승용,남,62세,경상,승용,남,69세,경상
2023041300100225,2023년 4월 13일 12시,목요일,전라남도 목포시 산정동,경상사고,0,0,2,0,차대차 - 추돌,안전운전불이행,건조,맑음,교차로 - 교차로부근,승용,남,63세,상해없음,승용,남,44세,경상
2023041300100226,2023년 4월 13일 12시,목요일,전라남도 여수시 학동,중상사고,0,1,0,0,차대차 - 정면충돌,신호위반,건조,맑음,단일로 - 기타,화물,남,47세,상해없음,승용,남,55세,중상
2023041300100257,2023년 4월 13일 13시,목요일,전라남도 목포시 옥암동,경상사고,0,0,2,0,차대차 - 측면충돌,교차로운행방법위반,건조,맑음,교차로 - 교차로안,승용,남,19세,경상,승용,여,46세,경상
2023041300100258,2023년 4월 13일 13시,목요일,전라남도 장흥군 장흥읍,중상사고,0,1,0,0,차대사람 - 기타,안전운전불이행,건조,맑음,단일로 - 기타,승용,여,28세,상해없음,보행자,남,41세,중상
2023041300100259,2023년 4월 13일 13시,목요일,전라남도 완도군 완도읍,중상사고,0,1,0,0,차대사람 - 차도통행중,안전운전불이행,건조,맑음,교차로 - 교차로안,승용,여,41세,상해없음,보행자,여,81세,중상
2023041300100260,2023년 4월 13일 13시,목요일,전라남도 영광군 불갑면,중상사고,0,1,0,0,차량단독 - 공작물충돌,안전운전불이행,건조,맑음,기타 - 기타,승용,남,70세,기타불명,,,,
2023041300100320,2023년 4월 13일 15시,목요일,전라남도 해남군 황산면,경상사고,0,0,1,0,차대차 - 측면충돌,안전운전불이행,건조,맑음,단일로 - 기타,화물,남,64세,상해없음,승용,여,61세,경상
2023041300100352,2023년 4월 13일 16시,목요일,전라남도 여수시 관문동,경상사고,0,0,1,0,차대사람 - 횡단중,안전운전불이행,건조,맑음,교차로 - 교차로횡단보도내,승용,남,64세,상해없음,보행자,남,9세,경상
2023041300100353,2023년 4월 13일 16시,목요일,전라남도 순천시 낙안면,부상신고사고,0,0,0,1,차대차 - 기타,안전운전불이행,건조,맑음,단일로 - 기타,승용,남,81세,상해없음,승용,남,61세,부상신고
2023041300100354,2023년 4월 13일 16시,목요일,전라남도 영암군 삼호읍,경상사고,0,0,1,0,차대차 - 추돌,안전운전불이행,건조,맑음,단일로 - 기타,자전거,남,21세,경상,승용,남,34세,상해없음
2023041300100355,2023년 4월 13일 16시,목요일,전라남도 무안군 청계면,경상사고,0,0,1,0,차대차 - 측면충돌,기타,건조,맑음,단일로 - 기타,건설기계,남,59세,상해없음,승용,여,45세,경상
2023041300100433,2023년 4월 13일 18시,목요일,전라남도 목포시 용당동,경상사고,0,0,1,0,차대차 - 기타,안전운전불이행,건조,맑음,단일로 - 기타,승용,여,38세,상해없음,승용,남,42세,경상
2023041300100434,2023년 4월 13일 18시,목요일,전라남도 여수시 둔덕동,중상사고,0,1,0,0,차대사람 - 기타,안전운전불이행,건조,맑음,단일로 - 기타,자전거,남,63세,상해없음,보행자,여,59세,중상
2023041300100435,2023년 4월 13일 18시,목요일,전라남도 순천시 조곡동,경상사고,0,0,1,0,차대사람 - 기타,안전운전불이행,건조,맑음,단일로 - 기타,승용,남,37세,상해없음,보행자,남,41세,경상
2023041300100436,2023년 4월 13일 18시,목요일,전라남도 해남군 문내면,중상사고,0,1,0,0,차대사람 - 기타,안전운전불이행,건조,맑음,교차로 - 교차로안,화물,남,49세,상해없음,보행자,남,78세,중상
2023041300100472,2023년 4월 13일 19시,목요일,전라남도 목포시 호남동,경상사고,0,0,1,0,차대차 - 측면충돌,교차로운행방법위반,건조,맑음,교차로 - 교차로부근,승용,여,50세,상해없음,승용,남,25세,경상
2023041300100473,2023년 4월 13일 19시,목요일,전라남도 광양시 중동,경상사고,0,0,1,0,차대차 - 측면충돌,안전운전불이행,건조,맑음,교차로 - 교차로안,승용,남,20세,상해없음,승용,남,46세,경상
2023041300100506,2023년 4월 13일 20시,목요일,전라남도 광양시 중동,경상사고,0,0,1,0,차대차 - 측면충돌,안전운전불이행,건조,맑음,교차로 - 교차로부근,승용,여,61세,상해없음,승용,여,22세,경상
2023041300100551,2023년 4월 13일 22시,목요일,전라남도 장성군 장성읍,중상사고,0,1,0,0,차대차 - 추돌,안전운전불이행,건조,맑음,단일로 - 기타,화물,남,55세,중상,화물,남,72세,상해없음
2023041400100020,2023년 4월 14일 01시,금요일,전라남도 순천시 생목동,경상사고,0,0,2,0,차대차 - 기타,안전운전불이행,건조,맑음,기타 - 기타,승용,남,62세,상해없음,승용,남,32세,경상
2023041400100065,2023년 4월 14일 07시,금요일,전라남도 순천시 주암면,경상사고,0,0,7,0,차대차 - 기타,중앙선침범,건조,맑음,단일로 - 기타,승용,남,19세,경상,승합,남,69세,경상
2023041400100095,2023년 4월 14일 08시,금요일,전라남도 순천시 연향동,경상사고,0,0,2,0,차대차 - 측면충돌,교차로운행방법위반,건조,맑음,교차로 - 교차로안,승용,남,31세,상해없음,승용,남,40세,경상
2023041400100124,2023년 4월 14일 09시,금요일,전라남도 무안군 무안읍,경상사고,0,0,1,0,차대차 - 후진중충돌,안전운전불이행,젖음/습기,비,단일로 - 기타,승용,남,26세,상해없음,승용,여,33세,경상
2023041400100145,2023년 4월 14일 10시,금요일,전라남도 신안군 암태면,경상사고,0,0,1,0,차대차 - 기타,직진우회전진행방해,건조,맑음,교차로 - 교차로안,화물,남,30세,상해없음,화물,남,78세,경상
2023041400100166,2023년 4월 14일 11시,금요일,전라남도 여수시 소라면,경상사고,0,0,2,0,차대차 - 측면충돌,안전운전불이행,건조,맑음,단일로 - 기타,승용,남,51세,경상,승용,여,63세,경상
2023041400100167,2023년 4월 14일 11시,금요일,전라남도 고흥군 풍양면,중상사고,0,1,1,0,차대차 - 기타,안전운전불이행,건조,맑음,단일로 - 기타,승용,남,79세,상해없음,승용,남,69세,경상
2023041400100268,2023년 4월 14일 14시,금요일,전라남도 여수시 돌산읍,중상사고,0,1,0,0,차대사람 - 횡단중,안전운전불이행,건조,맑음,단일로 - 기타,승용,남,67세,상해없음,보행자,남,84세,중상
2023041400100269,2023년 4월 14일 14시,금요일,전라남도 여수시 소라면,경상사고,0,0,4,0,차대차 - 추돌,안전거리미확보,젖음/습기,비,단일로 - 고가도로위,화물,남,44세,상해없음,승용,남,36세,경상
2023041400100270,2023년 4월 14일 14시,금요일,전라남도 영암군 도포면,경상사고,0,0,1,0,차량단독 - 공작물충돌,안전운전불이행,젖음/습기,비,단일로 - 기타,승용,여,69세,경상,,,,
2023041400100271,2023년 4월 14일 14시,금요일,전라남도 영암군 영암읍,경상사고,0,0,2,0,차대차 - 측면충돌,안전운전불이행,젖음/습기,흐림,교차로 - 교차로부근,승용,남,76세,경상,승용,여,61세,경상
2023041400100309,2023년 4월 14일 15시,금요일,전라남도 순천시 가곡동,경상사고,0,0,1,0,차대차 - 측면충돌,신호위반,젖음/습기,비,교차로 - 교차로안,화물,남,75세,상해없음,승용,여,48세,경상
2023041400100310,2023년 4월 14일 15시,금요일,전라남도 고흥군 금산면,중상사고,0,1,0,0,차량단독 - 기타,안전운전불이행,젖음/습기,비,단일로 - 기타,사륜오토바이(ATV),여,73세,중상,,,,
2023041400100311,2023년 4월 14일 15시,금요일,전라남도 광양시 중동,경상사고,0,0,1,0,차대사람 - 횡단중,보행자보호의무위반,젖음/습기,비,단일로 - 기타,승용,여,57세,상해없음,보행자,여,13세,경상
2023041400100312,2023년 4월 14일 15시,금요일,전라남도 광양시 진월면,경상사고,0,0,4,0,차대차 - 추돌,안전운전불이행,건조,맑음,기타 - 기타,승용,남,53세,기타불명,화물,남,74세,경상
2023041400100349,2023년 4월 14일 16시,금요일,전라남도 여수시 둔덕동,경상사고,0,0,3,0,차대차 - 측면충돌,안전운전불이행,젖음/습기,비,교차로 - 교차로부근,화물,남,49세,경상,승용,남,33세,경상
2023041400100350,2023년 4월 14일 16시,금요일,전라남도 무안군 청계면,중상사고,0,1,0,0,차대차 - 측면충돌,안전운전불이행,건조,맑음,교차로 - 교차로안,이륜,남,72세,중상,승용,남,24세,상해없음
2023041400100398,2023년 4월 14일 17시,금요일,전라남도 목포시 연산동,경상사고,0,0,2,0,차대차 - 기타,안전운전불이행,젖음/습기,비,단일로 - 기타,화물,남,61세,상해없음,승용,남,64세,경상
2023041400100399,2023년 4월 14일 17시,금요일,전라남도 영광군 군서면,중상사고,0,1,1,0,차대차 - 측면충돌,신호위반,젖음/습기,흐림,교차로 - 교차로안,승용,여,73세,중상,승용,남,18세,경상
2023041400100440,2023년 4월 14일 18시,금요일,전라남도 여수시 둔덕동,중상사고,0,1,1,0,차대차 - 측면충돌,안전운전불이행,젖음/습기,비,교차로 - 교차로안,승용,여,59세,중상,승용,남,57세,경상
2023041400100543,2023년 4월 14일 20시,금요일,전라남도 여수시 봉산동,경상사고,0,0,1,0,차대차 - 측면충돌,안전운전불이행,젖음/습기,비,기타 - 기타,승용,남,66세,상해없음,승용,여,50세,경상
2023041400100568,2023년 4월 14일 21시,금요일,전라남도 여수시 여서동,경상사고,0,0,2,0,차대차 - 추돌,안전운전불이행,건조,맑음,교차로 - 교차로부근,승용,남,60세,상해없음,승용,남,45세,경상
2023041400100618,2023년 4월 14일 23시,금요일,전라남도 여수시 여서동,경상사고,0,0,1,0,차대차 - 추돌,안전운전불이행,건조,맑음,교차로 - 교차로안,승용,여,32세,상해없음,승용,남,64세,경상
2023041500100016,2023년 4월 15일 00시,토요일,전라남도 광양시 성황동,사망사고,1,0,0,0,차량단독 - 도로외이탈 - 기타,안전운전불이행,젖음/습기,비,단일로 - 기타,개인형이동수단(PM),남,34세,사망,,,,