사고번호,사고일시,요일,시군구,사고내용,사망자수,중상자수,경상자수,부상신고자수,사고유형,법규위반,노면상태,기상상태,도로형태,가해운전자 차종,가해운전자 성별,가해운전자 연령,가해운전자 상해정도,피해운전자 차종,피해운전자 성별,피해운전자 연령,피해운전자 상해정도
2023041500100034,2023년 4월 15일 01시,토요일,전라남도 나주시 빛가람동,경상사고,0,0,2,0,차대차 - 측면충돌,차로위반,젖음/습기,비,기타 - 기타,승용,남,28세,경상,승용,남,39세,상해없음
2023041500100091,2023년 4월 15일 08시,토요일,전라남도 목포시 대성동,경상사고,0,0,1,1,차대차 - 후진중충돌,안전운전불이행,건조,맑음,단일로 - 기타,승용,여,43세,부상신고,승용,남,30세,경상
2023041500100092,2023년 4월 15일 08시,토요일,전라남도 완도군 청산면,경상사고,0,0,1,0,차대사람 - 기타,안전운전불이행,건조,맑음,기타 - 기타,승용,남,69세,상해없음,보행자,남,78세,경상
2023041500100120,2023년 4월 15일 09시,토요일,전라남도 여수시 선원동,경상사고,0,0,1,0,차대차 - 기타,신호위반,건조,맑음,교차로 - 교차로안,승용,남,36세,상해없음,승용,남,39세,경상
2023041500100122,2023년 4월 15일 09시,토요일,전라남도 해남군 황산면,경상사고,0,0,1,0,차대차 - 후진중충돌,안전운전불이행,건조,맑음,단일로 - 기타,화물,남,46세,상해없음,원동기,남,56세,경상
2023041500100123,2023년 4월 15일 09시,토요일,전라남도 보성군 득량면,경상사고,0,0,1,0,차대사람 - 기타,안전운전불이행,건조,맑음,단일로 - 기타,화물,여,73세,상해없음,보행자,여,82세,경상
2023041500100150,2023년 4월 15일 10시,토요일,전라남도 순천시 왕지동,부상신고사고,0,0,0,1,차대사람 - 횡단중,안전운전불이행,건조,기타,단일로 - 기타,개인형이동수단(PM),남,24세,기타불명,보행자,여,28세,상해없음
2023041500100151,2023년 4월 15일 10시,토요일,전라남도 나주시 빛가람동,경상사고,0,0,1,0,차대차 - 측면충돌,안전거리미확보,건조,맑음,단일로 - 기타,승용,남,72세,상해없음,승용,여,53세,경상
2023041500100152,2023년 4월 15일 10시,토요일,전라남도 장흥군 장흥읍,경상사고,0,0,1,0,차대차 - 기타,안전운전불이행,젖음/습기,흐림,교차로 - 교차로부근,이륜,여,63세,경상,승용,여,62세,상해없음
2023041500100153,2023년 4월 15일 10시,토요일,전라남도 해남군 해남읍,사망사고,1,1,0,0,차대차 - 측면충돌,안전거리미확보,건조,맑음,단일로 - 기타,화물,남,75세,상해없음,이륜,남,73세,중상
2023041500100181,2023년 4월 15일 11시,토요일,전라남도 목포시 상동,경상사고,0,0,4,0,차대차 - 기타,교차로운행방법위반,건조,맑음,교차로 - 교차로안,승용,여,60세,상해없음,승용,남,18세,경상
2023041500100182,2023년 4월 15일 11시,토요일,전라남도 순천시 해룡면,경상사고,0,0,2,0,차대차 - 추돌,안전운전불이행,건조,맑음,단일로 - 기타,승용,남,24세,경상,승용,여,42세,경상
2023041500100183,2023년 4월 15일 11시,토요일,전라남도 순천시 해룡면,경상사고,0,0,2,0,차대차 - 기타,안전운전불이행,건조,맑음,단일로 - 기타,승용,여,60세,경상,승용,여,49세,경상
2023041500100184,2023년 4월 15일 11시,토요일,전라남도 광양시 중동,경상사고,0,0,3,0,차대차 - 측면충돌,안전운전불이행,건조,맑음,교차로 - 교차로안,화물,남,63세,상해없음,승용,남,34세,경상
2023041500100258,2023년 4월 15일 13시,토요일,전라남도 목포시 산정동,경상사고,0,0,1,0,차대차 - 측면충돌,안전운전불이행,건조,맑음,단일로 - 기타,승용,여,61세,경상,승용,남,28세,기타불명
2023041500100260,2023년 4월 15일 13시,토요일,전라남도 나주시 빛가람동,중상사고,0,1,0,0,차대사람 - 횡단중,신호위반,건조,맑음,단일로 - 기타,이륜,남,55세,상해없음,보행자,남,71세,중상
2023041500100302,2023년 4월 15일 14시,토요일,전라남도 목포시 상동,경상사고,0,0,2,0,차대차 - 측면충돌,안전운전불이행,건조,맑음,단일로 - 기타,화물,남,69세,상해없음,승용,남,27세,경상
2023041500100303,2023년 4월 15일 14시,토요일,전라남도 여수시 소호동,중상사고,0,1,0,0,차대사람 - 기타,안전운전불이행,건조,맑음,기타 - 기타,자전거,남,42세,상해없음,보행자,여,63세,중상
2023041500100329,2023년 4월 15일 15시,토요일,전라남도 목포시 용해동,경상사고,0,0,1,0,차대차 - 기타,교차로운행방법위반,건조,맑음,교차로 - 교차로안,승용,여,57세,상해없음,승용,남,51세,상해없음
2023041500100330,2023년 4월 15일 15시,토요일,전라남도 구례군 문척면,중상사고,0,2,0,0,차대차 - 측면충돌,직진우회전진행방해,건조,맑음,교차로 - 교차로부근,화물,남,62세,상해없음,승용,남,59세,중상
2023041500100351,2023년 4월 15일 16시,토요일,전라남도 완도군 청산면,경상사고,0,0,1,0,차대사람 - 기타,안전운전불이행,건조,맑음,기타 - 기타,승용,남,67세,상해없음,보행자,여,56세,경상
2023041500100437,2023년 4월 15일 19시,토요일,전라남도 목포시 달동,경상사고,0,0,1,0,차대차 - 추돌,안전운전불이행,건조,맑음,교차로 - 교차로부근,승용,남,43세,상해없음,승용,남,36세,경상
2023041500100438,2023년 4월 15일 19시,토요일,전라남도 여수시 봉산동,경상사고,0,0,1,0,차대사람 - 기타,안전운전불이행,건조,맑음,교차로 - 교차로안,승용,남,21세,상해없음,보행자,여,57세,경상
2023041500100457,2023년 4월 15일 20시,토요일,전라남도 장흥군 장흥읍,경상사고,0,0,1,0,차량단독 - 기타,안전운전불이행,젖음/습기,흐림,단일로 - 교량,승용,여,43세,경상,,,,
2023041500100482,2023년 4월 15일 21시,토요일,전라남도 광양시 중동,경상사고,0,0,1,0,차대차 - 측면충돌,안전운전불이행,건조,맑음,교차로 - 교차로안,승용,남,32세,상해없음,승용,여,66세,경상
2023041600100008,2023년 4월 16일 00시,일요일,전라남도 여수시 문수동,중상사고,0,1,0,0,차대차 - 측면충돌,신호위반,건조,맑음,교차로 - 교차로안,승용,여,70세,상해없음,이륜,남,46세,중상
2023041600100009,2023년 4월 16일 00시,일요일,전라남도 무안군 삼향읍,중상사고,0,1,4,0,차량단독 - 기타,안전운전불이행,건조,맑음,단일로 - 기타,승용,남,22세,상해없음,,,,
2023041600100010,2023년 4월 16일 00시,일요일,전라남도 무안군 삼향읍,중상사고,0,1,1,0,차대차 - 측면충돌,안전운전불이행,건조,맑음,단일로 - 기타,승용,남,53세,중상,승용,남,22세,기타불명
2023041600100011,2023년 4월 16일 00시,일요일,전라남도 무안군 삼향읍,중상사고,0,1,2,0,차대차 - 기타,안전운전불이행,건조,맑음,단일로 - 기타,승용,남,51세,경상,승용,남,22세,기타불명
2023041600100012,2023년 4월 16일 00시,일요일,전라남도 무안군 삼향읍,경상사고,0,0,2,0,차대차 - 기타,안전운전불이행,건조,맑음,단일로 - 기타,승용,남,38세,경상,승용,남,22세,기타불명
2023041600100013,2023년 4월 16일 00시,일요일,전라남도 무안군 삼향읍,경상사고,0,0,1,0,차대차 - 기타,안전운전불이행,건조,맑음,단일로 - 기타,승용,남,58세,경상,승용,남,22세,기타불명
2023041600100023,2023년 4월 16일 01시,일요일,전라남도 여수시 신기동,경상사고,0,0,1,0,차량단독 - 기타,안전운전불이행,건조,맑음,단일로 - 기타,이륜,남,28세,경상,,,,
2023041600100038,2023년 4월 16일 03시,일요일,전라남도 순천시 조례동,중상사고,0,1,0,0,차량단독 - 전도전복 - 전도,안전운전불이행,건조,맑음,단일로 - 기타,이륜,남,22세,중상,,,,
2023041600100046,2023년 4월 16일 05시,일요일,전라남도 목포시 상동,경상사고,0,0,4,0,차대차 - 정면충돌,신호위반,건조,맑음,교차로 - 교차로안,승용,여,43세,상해없음,승합,남,52세,경상
2023041600100097,2023년 4월 16일 10시,일요일,전라남도 순천시 해룡면,경상사고,0,0,1,0,차대차 - 측면충돌,안전거리미확보,건조,맑음,단일로 - 기타,승합,남,66세,상해없음,승용,여,36세,경상
2023041600100154,2023년 4월 16일 12시,일요일,전라남도 여수시 신월동,경상사고,0,0,1,0,차대차 - 기타,안전운전불이행,건조,맑음,교차로 - 교차로부근,승용,남,52세,상해없음,승용,남,40세,기타불명
2023041600100155,2023년 4월 16일 12시,일요일,전라남도 강진군 강진읍,경상사고,0,0,2,0,차대차 - 측면충돌,직진우회전진행방해,건조,맑음,교차로 - 교차로안,승용,남,34세,경상,승용,남,36세,경상
2023041600100178,2023년 4월 16일 13시,일요일,전라남도 목포시 상동,경상사고,0,0,1,0,차대사람 - 횡단중,보행자보호의무위반,건조,맑음,교차로 - 교차로횡단보도내,승용,여,28세,상해없음,보행자,남,39세,경상
2023041600100179,2023년 4월 16일 13시,일요일,전라남도 여수시 학동,경상사고,0,0,1,0,차대차 - 측면충돌,안전운전불이행,건조,맑음,교차로 - 교차로부근,승합,남,69세,상해없음,승용,남,37세,경상
2023041600100180,2023년 4월 16일 13시,일요일,전라남도 여수시 고소동,경상사고,0,0,1,0,차대차 - 추돌,안전거리미확보,건조,맑음,교차로 - 교차로부근,승용,남,28세,상해없음,승용,여,50세,경상
2023041600100181,2023년 4월 16일 13시,일요일,전라남도 순천시 장천동,중상사고,0,1,0,0,차대사람 - 횡단중,보행자보호의무위반,건조,맑음,교차로 - 교차로횡단보도내,승용,남,30세,상해없음,보행자,남,69세,중상
2023041600100213,2023년 4월 16일 14시,일요일,전라남도 순천시 서면,중상사고,0,1,0,0,차대차 - 기타,직진우회전진행방해,건조,맑음,교차로 - 교차로안,승용,남,45세,상해없음,승합,남,44세,상해없음
2023041600100238,2023년 4월 16일 15시,일요일,전라남도 목포시 옥암동,경상사고,0,0,3,0,차대차 - 측면충돌,교차로운행방법위반,건조,맑음,교차로 - 교차로안,승용,기타불명,미분류,기타불명,승용,여,51세,경상
2023041600100239,2023년 4월 16일 15시,일요일,전라남도 목포시 상동,경상사고,0,0,3,0,차대차 - 기타,안전운전불이행,건조,맑음,단일로 - 기타,승용,남,85세,상해없음,승용,여,45세,경상
2023041600100240,2023년 4월 16일 15시,일요일,전라남도 나주시 대호동,경상사고,0,0,1,0,차대차 - 후진중충돌,안전운전불이행,건조,맑음,교차로 - 교차로안,승용,남,62세,상해없음,승용,여,53세,경상
2023041600100241,2023년 4월 16일 15시,일요일,전라남도 광양시 황길동,경상사고,0,0,1,0,차대차 - 기타,안전운전불이행,건조,맑음,단일로 - 기타,승용,남,28세,상해없음,승용,남,28세,경상
2023041600100271,2023년 4월 16일 16시,일요일,전라남도 순천시 조곡동,중상사고,0,1,0,0,차대차 - 기타,직진우회전진행방해,젖음/습기,흐림,교차로 - 교차로안,이륜,남,32세,상해없음,자전거,남,73세,중상
2023041600100307,2023년 4월 16일 17시,일요일,전라남도 여수시 신기동,경상사고,0,0,1,0,차대사람 - 횡단중,안전운전불이행,건조,맑음,단일로 - 기타,이륜,남,31세,상해없음,보행자,여,14세,경상
2023041600100326,2023년 4월 16일 18시,일요일,전라남도 장성군 삼서면,경상사고,0,0,2,0,차대차 - 측면충돌,안전운전불이행,건조,맑음,단일로 - 기타,승합,여,51세,경상,승용,남,25세,경상
2023041600100353,2023년 4월 16일 19시,일요일,전라남도 목포시 산정동,경상사고,0,0,1,0,차대차 - 기타,중앙선침범,건조,맑음,교차로 - 교차로부근,화물,남,49세,상해없음,이륜,남,38세,경상
2023041600100354,2023년 4월 16일 19시,일요일,전라남도 여수시 돌산읍,경상사고,0,0,3,0,차대차 - 후진중충돌,안전운전불이행,건조,맑음,주차장 - 주차장,승용,남,42세,상해없음,승용,남,27세,경상
2023041600100384,2023년 4월 16일 20시,일요일,전라남도 광양시 광양읍,경상사고,0,0,1,0,차대차 - 측면충돌,안전거리미확보,건조,맑음,단일로 - 기타,승용,남,55세,상해없음,이륜,남,24세,경상
2023041600100414,2023년 4월 16일 22시,일요일,전라남도 영암군 삼호읍,경상사고,0,0,2,0,차대차 - 추돌,안전운전불이행,건조,맑음,교차로 - 교차로부근,화물,남,44세,기타불명,승용,남,64세,경상
2023041600100415,2023년 4월 16일 22시,일요일,전라남도 완도군 고금면,중상사고,0,1,0,0,차대사람 - 길가장자리구역통행중,안전운전불이행,건조,맑음,단일로 - 기타,화물,남,70세,기타불명,보행자,남,77세,중상
2023041700100033,2023년 4월 17일 05시,월요일,전라남도 순천시 가곡동,경상사고,0,0,2,0,차대차 - 측면충돌,안전거리미확보,건조,맑음,교차로 - 교차로안,승용,남,60세,상해없음,승용,남,79세,경상
2023041700100072,2023년 4월 17일 07시,월요일,전라남도 순천시 석현동,경상사고,0,0,1,0,차대차 - 정면충돌,안전운전불이행,건조,맑음,단일로 - 기타,승용,남,78세,상해없음,승용,남,63세,경상
2023041700100108,2023년 4월 17일 08시,월요일,전라남도 강진군 성전면,경상사고,0,0,1,0,차대차 - 추돌,안전거리미확보,건조,맑음,단일로 - 기타,승용,남,41세,경상,승용,남,49세,상해없음
2023041700100109,2023년 4월 17일 08시,월요일,전라남도 진도군 진도읍,중상사고,0,1,0,0,차대사람 - 차도통행중,안전운전불이행,건조,맑음,단일로 - 기타,승용,남,78세,상해없음,보행자,여,73세,중상
2023041700100147,2023년 4월 17일 09시,월요일,전라남도 무안군 무안읍,경상사고,0,0,1,0,차대차 - 기타,안전운전불이행,건조,맑음,교차로 - 교차로안,화물,남,41세,상해없음,이륜,남,30세,경상
2023041700100212,2023년 4월 17일 11시,월요일,전라남도 여수시 서교동,중상사고,0,1,0,0,차대사람 - 횡단중,보행자보호의무위반,건조,맑음,교차로 - 교차로횡단보도내,승용,여,41세,상해없음,보행자,남,69세,중상
2023041700100213,2023년 4월 17일 11시,월요일,전라남도 해남군 삼산면,경상사고,0,0,1,0,차대차 - 측면충돌,신호위반,건조,맑음,교차로 - 교차로안,승용,남,62세,상해없음,화물,남,67세,경상
2023041700100214,2023년 4월 17일 11시,월요일,전라남도 보성군 복내면,경상사고,0,0,2,0,차대차 - 후진중충돌,안전운전불이행,건조,맑음,단일로 - 기타,화물,남,67세,상해없음,화물,남,54세,경상
2023041700100215,2023년 4월 17일 11시,월요일,전라남도 화순군 한천면,경상사고,0,0,2,0,차대차 - 측면충돌,직진우회전진행방해,건조,맑음,교차로 - 교차로안,화물,남,47세,기타불명,승합,남,61세,경상
2023041700100253,2023년 4월 17일 12시,월요일,전라남도 여수시 돌산읍,중상사고,0,1,1,0,차대차 - 기타,교차로운행방법위반,건조,맑음,교차로 - 교차로안,승용,남,39세,상해없음,승용,남,36세,중상
2023041700100254,2023년 4월 17일 12시,월요일,전라남도 나주시 금계동,경상사고,0,0,1,0,차대사람 - 횡단중,안전운전불이행,건조,맑음,교차로 - 교차로안,승용,여,64세,상해없음,보행자,여,68세,경상
2023041700100255,2023년 4월 17일 12시,월요일,전라남도 담양군 창평면,중상사고,0,1,0,0,차대차 - 기타,직진우회전진행방해,건조,맑음,교차로 - 교차로안,승용,여,59세,상해없음,이륜,남,81세,중상
2023041700100256,2023년 4월 17일 12시,월요일,전라남도 광양시 황길동,경상사고,0,0,2,1,차대차 - 측면충돌,안전운전불이행,건조,맑음,교차로 - 교차로횡단보도내,승용,여,28세,부상신고,농기계,남,50세,경상
2023041700100286,2023년 4월 17일 13시,월요일,전라남도 영암군 삼호읍,경상사고,0,0,1,0,차대차 - 측면충돌,안전거리미확보,건조,맑음,교차로 - 교차로부근,화물,남,59세,상해없음,승용,남,43세,경상
2023041700100287,2023년 4월 17일 13시,월요일,전라남도 완도군 완도읍,경상사고,0,0,1,0,차대사람 - 기타,안전운전불이행,건조,맑음,단일로 - 기타,승용,남,67세,상해없음,보행자,남,27세,경상
2023041700100328,2023년 4월 17일 14시,월요일,전라남도 여수시 여서동,경상사고,0,0,1,0,차대사람 - 횡단중,보행자보호의무위반,건조,맑음,기타 - 기타,화물,남,44세,상해없음,보행자,남,84세,경상
2023041700100329,2023년 4월 17일 14시,월요일,전라남도 여수시 웅천동,경상사고,0,0,1,0,차대차 - 기타,신호위반,건조,맑음,교차로 - 교차로안,승합,남,24세,상해없음,화물,남,65세,경상
2023041700100405,2023년 4월 17일 16시,월요일,전라남도 목포시 남교동,중상사고,0,1,0,0,차대사람 - 기타,안전운전불이행,건조,맑음,교차로 - 교차로안,승용,여,59세,상해없음,보행자,남,64세,중상
2023041700100406,2023년 4월 17일 16시,월요일,전라남도 목포시 죽동,경상사고,0,0,1,0,차대차 - 추돌,직진우회전진행방해,건조,맑음,교차로 - 교차로부근,승합,남,54세,상해없음,승합,남,49세,상해없음
2023041700100407,2023년 4월 17일 16시,월요일,전라남도 목포시 연산동,경상사고,0,0,1,0,차대사람 - 횡단중,보행자보호의무위반,건조,맑음,교차로 - 교차로부근,화물,남,71세,상해없음,보행자,여,69세,경상
2023041700100408,2023년 4월 17일 16시,월요일,전라남도 순천시 동외동,경상사고,0,0,1,0,차대차 - 측면충돌,안전운전불이행,건조,맑음,교차로 - 교차로안,승합,남,74세,상해없음,승용,여,45세,경상
2023041700100409,2023년 4월 17일 16시,월요일,전라남도 광양시 중동,중상사고,0,1,0,0,차대사람 - 횡단중,보행자보호의무위반,건조,맑음,단일로 - 기타,승용,남,79세,상해없음,보행자,여,7세,중상
2023041700100447,2023년 4월 17일 17시,월요일,전라남도 목포시 산정동,경상사고,0,0,1,0,차대차 - 측면충돌,안전거리미확보,건조,맑음,교차로 - 교차로안,승합,남,70세,상해없음,이륜,남,47세,경상
2023041700100448,2023년 4월 17일 17시,월요일,전라남도 순천시 조례동,경상사고,0,0,1,0,차대차 - 정면충돌,교차로운행방법위반,건조,맑음,교차로 - 교차로안,승용,여,42세,기타불명,승용,남,50세,경상
2023041700100488,2023년 4월 17일 18시,월요일,전라남도 함평군 함평읍,경상사고,0,0,1,0,차대차 - 기타,중앙선침범,건조,맑음,단일로 - 기타,화물,남,59세,상해없음,승용,남,47세,경상
2023041700100489,2023년 4월 17일 18시,월요일,전라남도 광양시 중동,부상신고사고,0,0,0,1,차대차 - 추돌,안전거리미확보,건조,맑음,교차로 - 교차로안,승용,남,67세,상해없음,승용,여,39세,부상신고
2023041700100555,2023년 4월 17일 20시,월요일,전라남도 광양시 중동,경상사고,0,0,1,0,차대차 - 기타,안전운전불이행,건조,맑음,단일로 - 기타,승용,여,23세,경상,건설기계,남,53세,기타불명
2023041700100574,2023년 4월 17일 21시,월요일,전라남도 목포시 해안동3가,경상사고,0,0,4,0,차대차 - 측면충돌,직진우회전진행방해,건조,맑음,교차로 - 교차로안,화물,남,53세,상해없음,승용,남,19세,경상
2023041700100575,2023년 4월 17일 21시,월요일,전라남도 여수시 서교동,경상사고,0,0,2,0,차대차 - 추돌,안전운전불이행,건조,맑음,단일로 - 기타,승용,남,67세,상해없음,승용,남,59세,경상
2023041700100590,2023년 4월 17일 22시,월요일,전라남도 순천시 중앙동,경상사고,0,0,1,0,차대차 - 기타,교차로운행방법위반,건조,맑음,교차로 - 교차로안,화물,남,59세,상해없음,승용,여,32세,경상
2023041700100603,2023년 4월 17일 23시,월요일,전라남도 여수시 주삼동,경상사고,0,0,1,0,차대차 - 측면충돌,신호위반,건조,맑음,교차로 - 교차로안,승용,남,46세,상해없음,승용,남,34세,경상
2023041800100004,2023년 4월 18일 00시,화요일,전라남도 목포시 용해동,경상사고,0,0,3,0,차대차 - 측면충돌,교차로운행방법위반,건조,맑음,교차로 - 교차로안,승용,남,24세,경상,승용,남,22세,경상
2023041800100098,2023년 4월 18일 08시,화요일,전라남도 화순군 화순읍,경상사고,0,0,1,0,차대차 - 측면충돌,중앙선침범,건조,맑음,단일로 - 기타,승용,남,77세,상해없음,승용,남,29세,경상
2023041800100146,2023년 4월 18일 10시,화요일,전라남도 목포시 산정동,경상사고,0,0,1,0,차대차 - 기타,안전운전불이행,건조,맑음,교차로 - 교차로안,승용,남,64세,상해없음,승용,남,37세,경상
2023041800100193,2023년 4월 18일 12시,화요일,전라남도 나주시 이창동,경상사고,0,0,1,0,차대차 - 측면충돌,안전운전불이행,건조,흐림,단일로 - 기타,승용,여,65세,상해없음,승용,여,36세,기타불명
2023041800100225,2023년 4월 18일 13시,화요일,전라남도 여수시 신기동,경상사고,0,0,1,0,차대사람 - 길가장자리구역통행중,안전운전불이행,건조,맑음,단일로 - 기타,승용,남,68세,상해없음,보행자,여,63세,경상
2023041800100256,2023년 4월 18일 14시,화요일,전라남도 순천시 주암면,사망사고,2,1,1,0,차대차 - 추돌,안전운전불이행,건조,흐림,단일로 - 기타,화물,남,26세,중상,화물,남,66세,상해없음
2023041800100284,2023년 4월 18일 15시,화요일,전라남도 장흥군 대덕읍,경상사고,0,0,1,0,차대차 - 측면충돌,안전운전불이행,건조,맑음,단일로 - 기타,승합,여,43세,상해없음,원동기,여,68세,경상
2023041800100321,2023년 4월 18일 16시,화요일,전라남도 여수시 봉강동,경상사고,0,0,1,0,차대차 - 측면충돌,안전운전불이행,건조,맑음,교차로 - 교차로안,승용,남,28세,상해없음,승용,여,42세,경상
2023041800100322,2023년 4월 18일 16시,화요일,전라남도 장성군 장성읍,중상사고,0,1,0,0,차대차 - 정면충돌,직진우회전진행방해,건조,맑음,교차로 - 교차로안,승용,남,78세,상해없음,이륜,남,81세,중상
2023041800100323,2023년 4월 18일 16시,화요일,전라남도 강진군 강진읍,경상사고,0,0,3,2,차대차 - 측면충돌,직진우회전진행방해,건조,맑음,교차로 - 교차로안,화물,여,67세,부상신고,승용,남,64세,경상
2023041800100428,2023년 4월 18일 19시,화요일,전라남도 화순군 도암면,중상사고,0,1,1,0,차량단독 - 도로외이탈 - 추락,안전운전불이행,건조,맑음,교차로 - 교차로부근,화물,남,64세,경상,,,,
2023041800100429,2023년 4월 18일 19시,화요일,전라남도 무안군 삼향읍,경상사고,0,0,2,0,차대차 - 추돌,안전운전불이행,건조,맑음,교차로 - 교차로부근,승용,남,51세,상해없음,승용,여,46세,경상
2023041800100502,2023년 4월 18일 23시,화요일,전라남도 순천시 승주읍,사망사고,1,0,0,0,차량단독 - 공작물충돌,안전운전불이행,젖음/습기,비,교차로 - 교차로안,승용,남,53세,사망,,,,
2023041900100016,2023년 4월 19일 02시,수요일,전라남도 담양군 수북면,경상사고,0,0,2,0,차대차 - 추돌,안전운전불이행,건조,맑음,단일로 - 기타,화물,남,68세,경상,승용,남,21세,경상
2023041900100042,2023년 4월 19일 06시,수요일,전라남도 여수시 중흥동,경상사고,0,0,3,0,차대차 - 측면충돌,안전운전불이행,건조,맑음,교차로 - 교차로부근,승용,남,23세,경상,승용,남,33세,경상
2023041900100067,2023년 4월 19일 07시,수요일,전라남도 순천시 해룡면,경상사고,0,0,1,0,차대차 - 측면충돌,차로위반,건조,맑음,교차로 - 교차로부근,승용,여,63세,기타불명,승용,여,48세,경상
2023041900100103,2023년 4월 19일 08시,수요일,전라남도 목포시 용해동,경상사고,0,0,1,0,차대차 - 측면충돌,안전거리미확보,건조,맑음,단일로 - 기타,승용,남,76세,상해없음,승용,남,65세,경상
2023041900100104,2023년 4월 19일 08시,수요일,전라남도 나주시 삼영동,중상사고,0,1,0,0,차대차 - 추돌,안전운전불이행,건조,흐림,교차로 - 교차로부근,특수,남,63세,상해없음,화물,남,48세,중상
2023041900100105,2023년 4월 19일 08시,수요일,전라남도 장흥군 부산면,중상사고,0,1,0,0,차대사람 - 기타,안전운전불이행,건조,맑음,기타 - 기타,건설기계,남,56세,상해없음,보행자,남,85세,중상
2023041900100142,2023년 4월 19일 09시,수요일,전라남도 여수시 신기동,경상사고,0,0,1,0,차대차 - 기타,교차로운행방법위반,건조,맑음,교차로 - 교차로안,승용,남,54세,상해없음,승용,여,43세,경상
2023041900100207,2023년 4월 19일 11시,수요일,전라남도 목포시 용해동,경상사고,0,0,2,0,차대차 - 측면충돌,교차로운행방법위반,건조,맑음,교차로 - 교차로안,승용,여,25세,경상,승용,남,22세,경상
2023041900100296,2023년 4월 19일 14시,수요일,전라남도 영광군 영광읍,부상신고사고,0,0,0,1,차대사람 - 차도통행중,안전운전불이행,건조,맑음,단일로 - 기타,승용,여,60세,상해없음,보행자,남,56세,부상신고
2023041900100366,2023년 4월 19일 16시,수요일,전라남도 여수시 선원동,중상사고,0,1,0,1,차대차 - 추돌,안전운전불이행,건조,맑음,단일로 - 기타,승용,남,71세,중상,승합,남,61세,상해없음
2023041900100367,2023년 4월 19일 16시,수요일,전라남도 함평군 학교면,중상사고,0,1,0,0,차대사람 - 횡단중,안전운전불이행,건조,맑음,단일로 - 기타,승용,남,71세,상해없음,보행자,남,55세,중상
2023041900100368,2023년 4월 19일 16시,수요일,전라남도 장성군 장성읍,경상사고,0,0,1,0,차대차 - 기타,신호위반,건조,맑음,교차로 - 교차로안,승용,남,64세,상해없음,승용,여,38세,경상
2023041900100417,2023년 4월 19일 17시,수요일,전라남도 고흥군 도양읍,경상사고,0,0,1,0,차대차 - 기타,교차로운행방법위반,젖음/습기,비,교차로 - 교차로안,승용,남,58세,상해없음,승용,여,43세,경상
2023041900100457,2023년 4월 19일 18시,수요일,전라남도 목포시 옥암동,경상사고,0,0,1,0,차대차 - 측면충돌,안전운전불이행,건조,맑음,교차로 - 교차로안,승용,남,73세,상해없음,개인형이동수단(PM),남,32세,경상
2023041900100458,2023년 4월 19일 18시,수요일,전라남도 고흥군 도양읍,경상사고,0,0,2,0,차대차 - 기타,교차로운행방법위반,건조,맑음,교차로 - 교차로안,화물,남,51세,상해없음,승용,남,78세,경상
2023041900100459,2023년 4월 19일 18시,수요일,전라남도 화순군 화순읍,경상사고,0,0,1,0,차대사람 - 차도통행중,안전운전불이행,건조,맑음,교차로 - 교차로부근,승용,여,27세,상해없음,보행자,여,17세,경상
2023041900100500,2023년 4월 19일 19시,수요일,전라남도 목포시 상동,경상사고,0,0,1,0,차대차 - 측면충돌,안전운전불이행,건조,맑음,단일로 - 기타,승용,여,33세,기타불명,승용,남,33세,경상
2023041900100501,2023년 4월 19일 19시,수요일,전라남도 무안군 삼향읍,경상사고,0,0,1,0,차대차 - 정면충돌,안전운전불이행,건조,맑음,교차로 - 교차로안,승용,남,55세,상해없음,이륜,남,63세,경상
2023041900100530,2023년 4월 19일 20시,수요일,전라남도 목포시 옥암동,경상사고,0,0,1,0,차대사람 - 횡단중,보행자보호의무위반,건조,맑음,교차로 - 교차로횡단보도내,승용,여,31세,상해없음,보행자,남,53세,경상
2023042000100032,2023년 4월 20일 03시,목요일,전라남도 여수시 학동,경상사고,0,0,1,0,차대차 - 추돌,안전운전불이행,건조,맑음,교차로 - 교차로부근,승용,남,70세,상해없음,승용,남,57세,경상
2023042000100144,2023년 4월 20일 09시,목요일,전라남도 해남군 마산면,경상사고,0,0,3,0,차대차 - 추돌,안전운전불이행,건조,맑음,단일로 - 기타,화물,남,83세,경상,승용,남,80세,경상
2023042000100179,2023년 4월 20일 10시,목요일,전라남도 영암군 시종면,경상사고,0,0,3,0,차대차 - 측면충돌,기타,건조,맑음,교차로 - 교차로안,승용,남,34세,경상,승용,여,55세,경상
2023042000100180,2023년 4월 20일 10시,목요일,전라남도 강진군 군동면,경상사고,0,0,1,0,차대사람 - 차도통행중,안전운전불이행,건조,맑음,단일로 - 기타,승합,남,46세,상해없음,보행자,여,72세,경상
2023042000100237,2023년 4월 20일 12시,목요일,전라남도 영광군 영광읍,중상사고,0,2,0,0,차대차 - 정면충돌,중앙선침범,건조,맑음,단일로 - 기타,승용,남,60세,상해없음,이륜,남,73세,중상
2023042000100269,2023년 4월 20일 13시,목요일,전라남도 화순군 능주면,사망사고,1,0,0,0,차량단독 - 공작물충돌,안전운전불이행,건조,맑음,단일로 - 기타,화물,남,58세,사망,,,,