사고번호,사고일시,요일,시군구,사고내용,사망자수,중상자수,경상자수,부상신고자수,사고유형,법규위반,노면상태,기상상태,도로형태,가해운전자 차종,가해운전자 성별,가해운전자 연령,가해운전자 상해정도,피해운전자 차종,피해운전자 성별,피해운전자 연령,피해운전자 상해정도
2023043000100310,2023년 4월 30일 16시,일요일,전라남도 담양군 담양읍,중상사고,0,1,2,0,차대차 - 측면충돌,직진우회전진행방해,건조,맑음,교차로 - 교차로안,승용,남,63세,상해없음,승용,남,47세,상해없음
2023043000100350,2023년 4월 30일 17시,일요일,전라남도 여수시 소라면,경상사고,0,0,3,0,차대차 - 추돌,안전운전불이행,건조,맑음,교차로 - 교차로부근,승용,여,75세,상해없음,승용,남,42세,경상
2023043000100351,2023년 4월 30일 17시,일요일,전라남도 여수시 돌산읍,중상사고,0,1,1,0,차대차 - 측면충돌,직진우회전진행방해,건조,맑음,교차로 - 교차로안,승용,여,51세,상해없음,승용,남,73세,경상
2023043000100374,2023년 4월 30일 18시,일요일,전라남도 순천시 풍덕동,경상사고,0,0,1,0,차대사람 - 기타,안전운전불이행,건조,맑음,단일로 - 기타,승용,남,32세,상해없음,보행자,남,8세,경상
2023043000100375,2023년 4월 30일 18시,일요일,전라남도 영암군 삼호읍,경상사고,0,0,2,0,차대차 - 추돌,안전운전불이행,건조,맑음,단일로 - 기타,화물,남,44세,상해없음,사륜오토바이(ATV),남,41세,경상
2023043000100397,2023년 4월 30일 19시,일요일,전라남도 해남군 해남읍,경상사고,0,0,1,0,차대차 - 기타,기타,건조,맑음,교차로 - 교차로안,원동기,남,55세,경상,승용,남,39세,기타불명
2023043000100423,2023년 4월 30일 20시,일요일,전라남도 여수시 주삼동,경상사고,0,0,1,0,차대차 - 추돌,안전거리미확보,기타,기타,단일로 - 기타,승용,남,62세,기타불명,승용,남,61세,경상
2023043000100424,2023년 4월 30일 20시,일요일,전라남도 광양시 광영동,경상사고,0,0,2,0,차대차 - 후진중충돌,안전운전불이행,건조,맑음,단일로 - 기타,승용,여,48세,상해없음,승용,남,29세,경상
2023043000100471,2023년 4월 30일 23시,일요일,전라남도 순천시 송광면,중상사고,0,3,0,0,차량단독 - 기타,안전운전불이행,건조,맑음,단일로 - 기타,승용,여,21세,중상,,,,
2023050100100009,2023년 5월 1일 00시,월요일,전라남도 여수시 안산동,경상사고,0,0,1,0,차대차 - 추돌,안전운전불이행,건조,맑음,단일로 - 기타,승용,남,35세,상해없음,승용,여,47세,경상
2023050100100036,2023년 5월 1일 06시,월요일,전라남도 강진군 강진읍,경상사고,0,0,2,0,차대차 - 측면충돌,직진우회전진행방해,건조,맑음,교차로 - 교차로안,화물,남,63세,상해없음,승용,남,60세,경상
2023050100100052,2023년 5월 1일 07시,월요일,전라남도 강진군 도암면,경상사고,0,0,1,0,차량단독 - 도로외이탈 - 기타,안전운전불이행,건조,맑음,단일로 - 기타,사륜오토바이(ATV),여,74세,경상,,,,
2023050100100073,2023년 5월 1일 08시,월요일,전라남도 고흥군 대서면,중상사고,0,1,0,0,차대차 - 측면충돌,안전운전불이행,건조,맑음,교차로 - 교차로안,화물,남,70세,상해없음,이륜,여,64세,중상
2023050100100091,2023년 5월 1일 09시,월요일,전라남도 순천시 조례동,경상사고,0,0,1,0,차대차 - 기타,안전운전불이행,건조,맑음,교차로 - 교차로부근,이륜,남,23세,상해없음,승용,남,47세,경상
2023050100100092,2023년 5월 1일 09시,월요일,전라남도 장성군 북하면,중상사고,0,2,3,0,차대차 - 추돌,안전운전불이행,건조,맑음,교차로 - 교차로부근,승합,남,29세,상해없음,화물,남,67세,중상
2023050100100158,2023년 5월 1일 11시,월요일,전라남도 여수시 학동,경상사고,0,0,1,0,차대차 - 기타,안전운전불이행,건조,맑음,교차로 - 교차로부근,승용,여,63세,상해없음,승합,남,47세,경상
2023050100100159,2023년 5월 1일 11시,월요일,전라남도 순천시 덕월동,경상사고,0,0,1,0,차대차 - 측면충돌,안전운전불이행,건조,맑음,기타 - 기타,승용,남,66세,상해없음,원동기,남,24세,경상
2023050100100240,2023년 5월 1일 13시,월요일,전라남도 장흥군 장흥읍,경상사고,0,0,1,0,차대차 - 측면충돌,안전운전불이행,건조,맑음,단일로 - 기타,승용,여,62세,상해없음,승용,남,30세,경상
2023050100100241,2023년 5월 1일 13시,월요일,전라남도 광양시 광양읍,경상사고,0,0,1,0,차대사람 - 횡단중,안전운전불이행,건조,맑음,교차로 - 교차로안,화물,남,67세,상해없음,보행자,남,62세,경상
2023050100100280,2023년 5월 1일 14시,월요일,전라남도 고흥군 금산면,경상사고,0,0,1,0,차대차 - 기타,신호위반,건조,맑음,단일로 - 기타,승용,남,64세,상해없음,승용,남,56세,상해없음
2023050100100281,2023년 5월 1일 14시,월요일,전라남도 영암군 서호면,중상사고,0,1,1,0,차대차 - 측면충돌,직진우회전진행방해,건조,맑음,교차로 - 교차로안,이륜,남,66세,중상,승용,여,53세,경상
2023050100100318,2023년 5월 1일 15시,월요일,전라남도 목포시 상동,중상사고,0,1,0,0,차대사람 - 차도통행중,안전운전불이행,건조,맑음,단일로 - 기타,화물,남,45세,상해없음,보행자,여,40세,중상
2023050100100319,2023년 5월 1일 15시,월요일,전라남도 해남군 북평면,부상신고사고,0,0,0,1,차량단독 - 공작물충돌,안전운전불이행,건조,맑음,단일로 - 기타,승합,남,20세,부상신고,,,,
2023050100100417,2023년 5월 1일 17시,월요일,전라남도 목포시 상동,경상사고,0,0,1,0,차대차 - 측면충돌,교차로운행방법위반,건조,맑음,교차로 - 교차로안,승용,여,61세,상해없음,승용,여,58세,경상
2023050100100418,2023년 5월 1일 17시,월요일,전라남도 완도군 보길면,중상사고,0,1,0,0,차량단독 - 기타,안전운전불이행,건조,맑음,단일로 - 기타,화물,남,69세,중상,,,,
2023050100100466,2023년 5월 1일 18시,월요일,전라남도 해남군 해남읍,중상사고,0,1,0,0,차대차 - 기타,안전운전불이행,건조,맑음,단일로 - 기타,화물,남,59세,상해없음,자전거,남,65세,중상
2023050100100467,2023년 5월 1일 18시,월요일,전라남도 화순군 화순읍,경상사고,0,0,1,0,차대차 - 후진중충돌,안전운전불이행,건조,맑음,교차로 - 교차로부근,승용,남,69세,상해없음,이륜,남,46세,경상
2023050100100495,2023년 5월 1일 19시,월요일,전라남도 목포시 상동,경상사고,0,0,1,0,차대차 - 측면충돌,안전운전불이행,건조,맑음,교차로 - 교차로부근,승용,남,43세,상해없음,이륜,남,27세,경상
2023050100100496,2023년 5월 1일 19시,월요일,전라남도 구례군 토지면,중상사고,0,1,3,0,차대차 - 측면충돌,중앙선침범,건조,맑음,단일로 - 기타,승합,남,46세,경상,승용,남,51세,경상
2023050200100003,2023년 5월 2일 00시,화요일,전라남도 여수시 웅천동,경상사고,0,0,1,0,차대차 - 측면충돌,교차로운행방법위반,건조,맑음,교차로 - 교차로안,이륜,남,58세,상해없음,승용,남,47세,경상
2023050200100032,2023년 5월 2일 06시,화요일,전라남도 여수시 월하동,경상사고,0,0,5,0,차대차 - 측면충돌,안전운전불이행,건조,맑음,단일로 - 기타,승용,여,58세,상해없음,승용,남,58세,경상
2023050200100033,2023년 5월 2일 06시,화요일,전라남도 담양군 고서면,중상사고,0,1,0,0,차량단독 - 전도전복 - 전도,안전운전불이행,건조,맑음,단일로 - 기타,자전거,남,38세,중상,,,,
2023050200100053,2023년 5월 2일 07시,화요일,전라남도 영광군 영광읍,경상사고,0,0,3,0,차량단독 - 전도전복 - 전복,안전운전불이행,건조,맑음,단일로 - 기타,화물,남,55세,경상,,,,
2023050200100139,2023년 5월 2일 09시,화요일,전라남도 순천시 남정동,경상사고,0,0,1,0,차대차 - 측면충돌,교차로운행방법위반,건조,맑음,단일로 - 기타,승합,여,57세,상해없음,자전거,남,80세,경상
2023050200100140,2023년 5월 2일 09시,화요일,전라남도 장흥군 장흥읍,부상신고사고,0,0,0,1,차대차 - 측면충돌,직진우회전진행방해,건조,맑음,교차로 - 교차로안,화물,남,60세,부상신고,승용,남,34세,상해없음
2023050200100141,2023년 5월 2일 09시,화요일,전라남도 해남군 산이면,중상사고,0,1,0,0,차대차 - 정면충돌,안전운전불이행,건조,맑음,단일로 - 기타,농기계,남,85세,상해없음,화물,남,63세,중상
2023050200100142,2023년 5월 2일 09시,화요일,전라남도 영광군 홍농읍,중상사고,0,1,0,0,차대차 - 기타,중앙선침범,건조,맑음,단일로 - 기타,승용,여,67세,상해없음,이륜,남,80세,중상
2023050200100143,2023년 5월 2일 09시,화요일,전라남도 강진군 강진읍,중상사고,0,1,0,0,차대사람 - 기타,안전운전불이행,건조,맑음,교차로 - 교차로안,화물,남,80세,상해없음,보행자,남,79세,중상
2023050200100144,2023년 5월 2일 09시,화요일,전라남도 곡성군 곡성읍,경상사고,0,0,1,0,차대차 - 측면충돌,신호위반,건조,맑음,교차로 - 교차로안,건설기계,남,51세,상해없음,화물,남,44세,경상
2023050200100173,2023년 5월 2일 10시,화요일,전라남도 여수시 화양면,부상신고사고,0,0,0,1,차대차 - 측면충돌,교차로운행방법위반,건조,맑음,교차로 - 교차로부근,이륜,남,80세,부상신고,승용,남,62세,상해없음
2023050200100174,2023년 5월 2일 10시,화요일,전라남도 순천시 덕월동,경상사고,0,0,1,0,차대차 - 측면충돌,차로위반,건조,맑음,단일로 - 기타,화물,남,72세,경상,승합,남,62세,상해없음
2023050200100175,2023년 5월 2일 10시,화요일,전라남도 보성군 벌교읍,경상사고,0,0,1,0,차대사람 - 기타,안전운전불이행,건조,맑음,기타 - 기타,화물,남,24세,상해없음,보행자,남,52세,경상
2023050200100176,2023년 5월 2일 10시,화요일,전라남도 무안군 무안읍,중상사고,0,1,0,0,차대사람 - 차도통행중,안전운전불이행,건조,맑음,단일로 - 기타,화물,남,48세,상해없음,보행자,여,69세,중상
2023050200100209,2023년 5월 2일 11시,화요일,전라남도 함평군 대동면,경상사고,0,0,1,0,차대차 - 측면충돌,안전운전불이행,건조,맑음,교차로 - 교차로안,화물,남,45세,상해없음,승용,남,66세,경상
2023050200100210,2023년 5월 2일 11시,화요일,전라남도 곡성군 오산면,중상사고,0,1,0,0,차대차 - 측면충돌,직진우회전진행방해,건조,맑음,교차로 - 교차로안,승용,남,81세,상해없음,이륜,남,81세,중상
2023050200100251,2023년 5월 2일 12시,화요일,전라남도 영광군 영광읍,경상사고,0,0,1,0,차대차 - 측면충돌,안전운전불이행,건조,맑음,교차로 - 교차로안,승용,남,44세,상해없음,이륜,남,68세,경상
2023050200100252,2023년 5월 2일 12시,화요일,전라남도 장성군 진원면,경상사고,0,0,2,0,차대차 - 정면충돌,안전운전불이행,건조,맑음,교차로 - 교차로부근,화물,남,25세,상해없음,승용,여,48세,경상
2023050200100284,2023년 5월 2일 13시,화요일,전라남도 순천시 조례동,경상사고,0,0,1,0,차대차 - 측면충돌,안전운전불이행,건조,맑음,교차로 - 교차로안,승용,여,53세,상해없음,승용,남,33세,경상
2023050200100285,2023년 5월 2일 13시,화요일,전라남도 순천시 중앙동,경상사고,0,0,1,0,차대차 - 추돌,안전거리미확보,건조,맑음,교차로 - 교차로부근,승합,남,55세,상해없음,승용,남,55세,경상
2023050200100334,2023년 5월 2일 14시,화요일,전라남도 목포시 죽교동,경상사고,0,0,1,0,차대차 - 후진중충돌,안전운전불이행,건조,맑음,단일로 - 기타,화물,남,64세,상해없음,승용,남,64세,경상
2023050200100367,2023년 5월 2일 15시,화요일,전라남도 장흥군 장평면,경상사고,0,0,1,0,차량단독 - 전도전복 - 전도,안전운전불이행,건조,맑음,단일로 - 기타,이륜,남,50세,경상,,,,
2023050200100368,2023년 5월 2일 15시,화요일,전라남도 함평군 학교면,중상사고,0,2,0,0,차대차 - 측면충돌,안전운전불이행,건조,맑음,단일로 - 기타,농기계,남,67세,중상,자전거,여,15세,중상
2023050200100369,2023년 5월 2일 15시,화요일,전라남도 광양시 광양읍,경상사고,0,0,1,0,차대차 - 측면충돌,신호위반,건조,맑음,교차로 - 교차로안,건설기계,남,69세,상해없음,승용,남,23세,경상
2023050200100410,2023년 5월 2일 16시,화요일,전라남도 보성군 웅치면,경상사고,0,0,1,0,차대차 - 정면충돌,중앙선침범,건조,맑음,단일로 - 기타,승용,여,56세,상해없음,승용,남,64세,경상
2023050200100453,2023년 5월 2일 17시,화요일,전라남도 순천시 해룡면,경상사고,0,0,1,0,차대차 - 기타,안전운전불이행,건조,맑음,교차로 - 교차로횡단보도내,화물,남,73세,상해없음,자전거,여,34세,경상
2023050200100454,2023년 5월 2일 17시,화요일,전라남도 해남군 북일면,중상사고,0,1,0,0,차량단독 - 전도전복 - 전도,안전운전불이행,건조,맑음,단일로 - 기타,이륜,남,66세,중상,,,,
2023050200100455,2023년 5월 2일 17시,화요일,전라남도 강진군 강진읍,경상사고,0,0,3,0,차대차 - 추돌,안전운전불이행,건조,맑음,교차로 - 교차로부근,승용,남,54세,상해없음,승용,남,32세,경상
2023050200100561,2023년 5월 2일 20시,화요일,전라남도 함평군 함평읍,중상사고,0,1,0,0,차대차 - 기타,안전운전불이행,건조,맑음,교차로 - 교차로안,승용,여,40세,상해없음,자전거,여,62세,중상
2023050200100595,2023년 5월 2일 21시,화요일,전라남도 목포시 상동,경상사고,0,0,2,0,차대차 - 후진중충돌,신호위반,건조,맑음,교차로 - 교차로부근,승용,남,66세,상해없음,승용,남,34세,경상
2023050200100596,2023년 5월 2일 21시,화요일,전라남도 여수시 안산동,경상사고,0,0,1,0,차대차 - 측면충돌,신호위반,건조,맑음,교차로 - 교차로안,승용,남,22세,상해없음,승용,여,42세,경상
2023050200100597,2023년 5월 2일 21시,화요일,전라남도 나주시 금천면,경상사고,0,0,6,0,차대차 - 추돌,안전운전불이행,건조,맑음,교차로 - 교차로부근,승용,남,55세,상해없음,승용,남,47세,경상
2023050200100628,2023년 5월 2일 23시,화요일,전라남도 목포시 상동,사망사고,1,0,0,0,차량단독 - 도로외이탈 - 추락,안전운전불이행,건조,맑음,교차로 - 교차로안,승용,남,46세,사망,,,,
2023050300100027,2023년 5월 3일 05시,수요일,전라남도 신안군 압해읍,경상사고,0,0,1,0,차대차 - 측면충돌,중앙선침범,건조,맑음,단일로 - 기타,승용,남,73세,상해없음,화물,남,33세,경상
2023050300100061,2023년 5월 3일 07시,수요일,전라남도 여수시 봉산동,경상사고,0,0,1,0,차대차 - 추돌,안전운전불이행,건조,맑음,단일로 - 기타,승용,남,45세,상해없음,승용,남,56세,경상
2023050300100097,2023년 5월 3일 08시,수요일,전라남도 순천시 연향동,경상사고,0,0,1,0,차대차 - 기타,안전운전불이행,건조,맑음,교차로 - 교차로부근,승용,남,69세,상해없음,승용,여,47세,경상
2023050300100098,2023년 5월 3일 08시,수요일,전라남도 광양시 중동,중상사고,0,1,0,0,차대사람 - 보도통행중,기타,건조,맑음,기타 - 기타,개인형이동수단(PM),남,17세,기타불명,보행자,남,27세,중상
2023050300100133,2023년 5월 3일 09시,수요일,전라남도 목포시 옥암동,경상사고,0,0,3,0,차대차 - 측면충돌,교차로운행방법위반,건조,맑음,교차로 - 교차로안,승용,여,43세,경상,화물,남,40세,경상
2023050300100134,2023년 5월 3일 09시,수요일,전라남도 여수시 덕충동,경상사고,0,0,2,0,차대차 - 측면충돌,차로위반,건조,맑음,단일로 - 기타,건설기계,남,59세,상해없음,승합,남,28세,경상
2023050300100168,2023년 5월 3일 10시,수요일,전라남도 나주시 산포면,경상사고,0,0,1,0,차량단독 - 공작물충돌,안전운전불이행,건조,맑음,단일로 - 기타,화물,남,34세,경상,,,,
2023050300100193,2023년 5월 3일 11시,수요일,전라남도 진도군 조도면,중상사고,0,1,0,0,차량단독 - 전도전복 - 전도,기타,건조,맑음,단일로 - 기타,농기계,남,78세,중상,,,,
2023050300100221,2023년 5월 3일 12시,수요일,전라남도 함평군 학교면,중상사고,0,1,0,0,차대차 - 추돌,직진우회전진행방해,건조,맑음,교차로 - 교차로안,승용,남,43세,상해없음,이륜,남,68세,중상
2023050300100252,2023년 5월 3일 13시,수요일,전라남도 여수시 문수동,경상사고,0,0,1,0,차대사람 - 차도통행중,안전운전불이행,건조,맑음,교차로 - 교차로안,화물,남,34세,상해없음,보행자,남,57세,경상
2023050300100253,2023년 5월 3일 13시,수요일,전라남도 여수시 안산동,경상사고,0,0,1,0,차대차 - 기타,중앙선침범,건조,맑음,단일로 - 기타,승용,남,65세,상해없음,승용,여,60세,경상
2023050300100254,2023년 5월 3일 13시,수요일,전라남도 보성군 조성면,경상사고,0,0,1,0,차대차 - 기타,안전운전불이행,건조,맑음,단일로 - 기타,화물,남,71세,상해없음,이륜,여,70세,경상
2023050300100255,2023년 5월 3일 13시,수요일,전라남도 담양군 담양읍,경상사고,0,0,1,0,차대사람 - 기타,안전운전불이행,건조,흐림,단일로 - 기타,승용,남,69세,상해없음,보행자,남,18세,경상
2023050300100256,2023년 5월 3일 13시,수요일,전라남도 광양시 마동,경상사고,0,0,1,0,차대차 - 측면충돌,안전운전불이행,건조,맑음,단일로 - 기타,승용,남,66세,상해없음,승용,남,21세,경상
2023050300100318,2023년 5월 3일 15시,수요일,전라남도 목포시 상동,경상사고,0,0,1,0,차대차 - 측면충돌,안전운전불이행,건조,맑음,교차로 - 교차로부근,승용,남,54세,상해없음,승용,남,46세,경상
2023050300100319,2023년 5월 3일 15시,수요일,전라남도 순천시 서면,경상사고,0,0,1,0,차대차 - 기타,안전운전불이행,건조,맑음,교차로 - 교차로부근,승용,남,23세,상해없음,승용,남,22세,상해없음
2023050300100363,2023년 5월 3일 16시,수요일,전라남도 목포시 상동,경상사고,0,0,2,0,차대차 - 측면충돌,직진우회전진행방해,건조,맑음,교차로 - 교차로안,승용,남,44세,경상,승용,여,68세,경상
2023050300100364,2023년 5월 3일 16시,수요일,전라남도 고흥군 과역면,경상사고,0,0,1,0,차량단독 - 기타,안전운전불이행,건조,맑음,단일로 - 기타,농기계,남,76세,경상,,,,
2023050300100365,2023년 5월 3일 16시,수요일,전라남도 광양시 광양읍,경상사고,0,0,1,0,차대차 - 기타,안전거리미확보,건조,맑음,단일로 - 기타,화물,남,66세,상해없음,승용,남,32세,경상
2023050300100407,2023년 5월 3일 17시,수요일,전라남도 목포시 옥암동,경상사고,0,0,1,0,차대차 - 측면충돌,신호위반,젖음/습기,흐림,단일로 - 기타,승용,남,40세,상해없음,자전거,남,50세,경상
2023050300100408,2023년 5월 3일 17시,수요일,전라남도 영암군 삼호읍,경상사고,0,0,2,0,차대차 - 측면충돌,안전운전불이행,젖음/습기,비,단일로 - 기타,승용,남,65세,경상,승용,여,30세,경상
2023050300100480,2023년 5월 3일 19시,수요일,전라남도 해남군 해남읍,경상사고,0,0,1,0,차대차 - 기타,기타,젖음/습기,비,교차로 - 교차로안,원동기,남,21세,경상,승용,여,40세,기타불명
2023050300100521,2023년 5월 3일 21시,수요일,전라남도 여수시 덕충동,경상사고,0,0,1,1,차대차 - 기타,안전운전불이행,건조,맑음,교차로 - 교차로부근,화물,남,55세,상해없음,승용,남,31세,부상신고
2023050300100522,2023년 5월 3일 21시,수요일,전라남도 보성군 겸백면,경상사고,0,0,1,0,차대차 - 후진중충돌,안전운전불이행,건조,맑음,단일로 - 기타,승용,남,62세,상해없음,승용,남,37세,경상
2023050300100541,2023년 5월 3일 22시,수요일,전라남도 신안군 도초면,사망사고,1,0,0,0,차량단독 - 도로외이탈 - 기타,안전운전불이행,젖음/습기,비,교차로 - 교차로부근,승용,여,44세,사망,,,,
2023050400100059,2023년 5월 4일 07시,목요일,전라남도 담양군 대전면,경상사고,0,0,2,0,차대차 - 추돌,안전운전불이행,건조,흐림,교차로 - 교차로안,승용,남,38세,경상,승용,남,64세,경상
2023050400100060,2023년 5월 4일 07시,목요일,전라남도 광양시 광양읍,경상사고,0,0,1,0,차대차 - 추돌,안전운전불이행,건조,맑음,교차로 - 교차로부근,승용,남,75세,기타불명,승용,여,63세,경상
2023050400100099,2023년 5월 4일 08시,목요일,전라남도 여수시 안산동,중상사고,0,1,1,0,차대차 - 측면충돌,중앙선침범,건조,맑음,단일로 - 기타,승용,남,51세,상해없음,승용,남,55세,중상
2023050400100100,2023년 5월 4일 08시,목요일,전라남도 순천시 중앙동,경상사고,0,0,1,0,차대차 - 기타,안전운전불이행,건조,맑음,교차로 - 교차로안,승용,여,49세,상해없음,승용,남,22세,경상
2023050400100133,2023년 5월 4일 09시,목요일,전라남도 순천시 별량면,경상사고,0,0,3,0,차대차 - 측면충돌,직진우회전진행방해,건조,흐림,교차로 - 교차로안,승용,남,56세,경상,승용,남,62세,경상
2023050400100134,2023년 5월 4일 09시,목요일,전라남도 장성군 북일면,경상사고,0,0,3,0,차대차 - 추돌,안전운전불이행,건조,맑음,단일로 - 기타,승용,남,32세,경상,건설기계,남,58세,경상
2023050400100170,2023년 5월 4일 10시,목요일,전라남도 무안군 현경면,경상사고,0,0,1,0,차대차 - 측면충돌,안전거리미확보,젖음/습기,비,단일로 - 교량,승용,여,39세,상해없음,승용,여,50세,경상
2023050400100199,2023년 5월 4일 11시,목요일,전라남도 나주시 빛가람동,경상사고,0,0,2,0,차대차 - 측면충돌,안전운전불이행,젖음/습기,비,교차로 - 교차로안,승용,여,31세,경상,승용,남,45세,경상
2023050400100200,2023년 5월 4일 11시,목요일,전라남도 해남군 마산면,중상사고,0,1,0,0,차량단독 - 공작물충돌,안전운전불이행,젖음/습기,비,단일로 - 기타,승용,남,76세,상해없음,,,,
2023050400100201,2023년 5월 4일 11시,목요일,전라남도 해남군 화산면,경상사고,0,0,2,0,차대차 - 후진중충돌,안전운전불이행,젖음/습기,비,교차로 - 교차로부근,승합,기타불명,미분류,기타불명,화물,남,63세,경상
2023050400100202,2023년 5월 4일 11시,목요일,전라남도 영암군 학산면,사망사고,1,0,1,0,차대사람 - 기타,기타,젖음/습기,비,단일로 - 기타,승용,남,35세,상해없음,보행자,남,32세,사망
2023050400100241,2023년 5월 4일 12시,목요일,전라남도 순천시 가곡동,경상사고,0,0,2,0,차대차 - 기타,교차로운행방법위반,젖음/습기,흐림,교차로 - 교차로부근,화물,남,54세,상해없음,승용,여,54세,경상
2023050400100271,2023년 5월 4일 13시,목요일,전라남도 여수시 웅천동,경상사고,0,0,2,0,차대차 - 기타,신호위반,젖음/습기,비,기타 - 기타,승용,여,53세,상해없음,원동기,남,27세,경상
2023050400100272,2023년 5월 4일 13시,목요일,전라남도 영암군 삼호읍,중상사고,0,1,1,0,차대차 - 추돌,안전운전불이행,젖음/습기,비,교차로 - 교차로부근,화물,남,65세,중상,승용,남,69세,경상
2023050400100273,2023년 5월 4일 13시,목요일,전라남도 장흥군 장흥읍,중상사고,0,2,2,0,차대차 - 측면충돌,안전운전불이행,젖음/습기,비,단일로 - 기타,승용,남,55세,경상,화물,남,33세,중상
2023050400100428,2023년 5월 4일 17시,목요일,전라남도 목포시 용당동,중상사고,0,1,0,0,차대사람 - 차도통행중,안전운전불이행,건조,맑음,교차로 - 교차로안,승용,여,52세,상해없음,보행자,남,73세,중상
2023050400100429,2023년 5월 4일 17시,목요일,전라남도 순천시 장천동,경상사고,0,0,1,0,차대사람 - 횡단중,신호위반,젖음/습기,비,단일로 - 기타,승용,여,70세,상해없음,보행자,남,16세,경상
2023050400100516,2023년 5월 4일 19시,목요일,전라남도 목포시 산정동,경상사고,0,0,1,0,차대차 - 측면충돌,안전운전불이행,건조,맑음,단일로 - 기타,승용,남,62세,상해없음,화물,남,26세,경상
2023050400100517,2023년 5월 4일 19시,목요일,전라남도 여수시 여서동,경상사고,0,0,1,0,차대사람 - 기타,안전운전불이행,젖음/습기,비,기타 - 기타,승용,남,53세,상해없음,보행자,남,34세,경상
2023050400100518,2023년 5월 4일 19시,목요일,전라남도 담양군 대전면,경상사고,0,0,1,0,차대차 - 측면충돌,불법유턴,젖음/습기,비,단일로 - 기타,화물,남,62세,기타불명,승용,남,27세,경상
2023050400100548,2023년 5월 4일 20시,목요일,전라남도 목포시 용당동,경상사고,0,0,1,0,차대사람 - 기타,안전운전불이행,젖음/습기,비,교차로 - 교차로안,승용,남,57세,상해없음,보행자,남,41세,경상
2023050400100549,2023년 5월 4일 20시,목요일,전라남도 순천시 조례동,경상사고,0,0,1,0,차대사람 - 기타,안전운전불이행,젖음/습기,비,교차로 - 교차로안,승용,남,36세,상해없음,보행자,남,54세,경상
2023050400100581,2023년 5월 4일 21시,목요일,전라남도 목포시 산정동,경상사고,0,0,1,0,차대사람 - 횡단중,보행자보호의무위반,젖음/습기,비,교차로 - 교차로부근,이륜,남,42세,상해없음,보행자,남,40세,경상
2023050400100582,2023년 5월 4일 21시,목요일,전라남도 영암군 삼호읍,경상사고,0,0,1,0,차대사람 - 길가장자리구역통행중,안전운전불이행,젖음/습기,비,단일로 - 기타,승용,기타불명,미분류,기타불명,보행자,남,49세,경상
2023050400100606,2023년 5월 4일 22시,목요일,전라남도 목포시 연산동,경상사고,0,0,1,0,차대차 - 추돌,안전운전불이행,젖음/습기,비,단일로 - 기타,승용,여,24세,상해없음,이륜,남,25세,경상
2023050400100607,2023년 5월 4일 22시,목요일,전라남도 여수시 화장동,중상사고,0,1,0,0,차대사람 - 기타,안전운전불이행,젖음/습기,비,단일로 - 기타,이륜,남,28세,기타불명,보행자,남,57세,중상
2023050400100608,2023년 5월 4일 22시,목요일,전라남도 나주시 왕곡면,사망사고,1,0,0,0,차대사람 - 차도통행중,안전운전불이행,젖음/습기,비,단일로 - 기타,승용,여,44세,상해없음,보행자,남,75세,사망
2023050500100013,2023년 5월 5일 00시,금요일,전라남도 목포시 용해동,경상사고,0,0,2,0,차대차 - 측면충돌,안전운전불이행,젖음/습기,비,단일로 - 기타,승용,남,47세,상해없음,승용,남,45세,경상
2023050500100077,2023년 5월 5일 07시,금요일,전라남도 영암군 삼호읍,중상사고,0,2,0,0,차대차 - 측면충돌,안전운전불이행,젖음/습기,비,단일로 - 기타,이륜,남,50세,중상,승용,여,68세,상해없음
2023050500100116,2023년 5월 5일 10시,금요일,전라남도 해남군 현산면,부상신고사고,0,0,0,1,차량단독 - 공작물충돌,안전운전불이행,젖음/습기,비,단일로 - 기타,승합,남,61세,부상신고,,,,
2023050500100184,2023년 5월 5일 13시,금요일,전라남도 무안군 무안읍,경상사고,0,0,1,0,차대차 - 측면충돌,안전운전불이행,건조,맑음,단일로 - 기타,화물,남,35세,상해없음,승용,남,52세,경상
2023050500100185,2023년 5월 5일 13시,금요일,전라남도 광양시 중동,경상사고,0,0,1,0,차대차 - 측면충돌,안전거리미확보,젖음/습기,비,단일로 - 기타,승용,여,34세,상해없음,화물,남,41세,경상
2023050500100186,2023년 5월 5일 13시,금요일,전라남도 목포시 무안동,경상사고,0,0,4,0,차대차 - 측면충돌,안전거리미확보,젖음/습기,비,단일로 - 기타,승용,여,73세,상해없음,승용,남,35세,경상
2023050500100232,2023년 5월 5일 15시,금요일,전라남도 나주시 빛가람동,경상사고,0,0,2,0,차대사람 - 횡단중,보행자보호의무위반,젖음/습기,비,교차로 - 교차로횡단보도내,승용,남,33세,상해없음,보행자,여,13세,경상
2023050500100287,2023년 5월 5일 17시,금요일,전라남도 여수시 소호동,경상사고,0,0,2,0,차대차 - 추돌,안전운전불이행,젖음/습기,비,단일로 - 기타,승용,남,50세,기타불명,승용,남,38세,경상
2023050500100288,2023년 5월 5일 17시,금요일,전라남도 장흥군 관산읍,경상사고,0,0,1,0,차대사람 - 기타,안전운전불이행,젖음/습기,비,단일로 - 기타,승용,남,46세,상해없음,보행자,여,73세,경상
2023050500100341,2023년 5월 5일 19시,금요일,전라남도 여수시 선원동,경상사고,0,0,1,0,차대차 - 추돌,안전거리미확보,젖음/습기,비,교차로 - 교차로부근,승용,남,58세,상해없음,승합,남,33세,경상
2023050500100342,2023년 5월 5일 19시,금요일,전라남도 순천시 중앙동,중상사고,0,1,0,0,차대사람 - 횡단중,보행자보호의무위반,젖음/습기,비,단일로 - 기타,이륜,남,42세,상해없음,보행자,남,29세,중상