사고번호,사고일시,요일,시군구,사고내용,사망자수,중상자수,경상자수,부상신고자수,사고유형,법규위반,노면상태,기상상태,도로형태,가해운전자 차종,가해운전자 성별,가해운전자 연령,가해운전자 상해정도,피해운전자 차종,피해운전자 성별,피해운전자 연령,피해운전자 상해정도
2023051000100604,2023년 5월 10일 21시,수요일,전라남도 목포시 옥암동,경상사고,0,0,1,0,차대차 - 기타,안전운전불이행,건조,맑음,교차로 - 교차로부근,이륜,남,25세,경상,승용,남,38세,상해없음
2023051000100605,2023년 5월 10일 21시,수요일,전라남도 광양시 광양읍,경상사고,0,0,1,0,차대차 - 기타,중앙선침범,건조,맑음,교차로 - 교차로부근,승용,남,40세,상해없음,자전거,남,14세,경상
2023051000100648,2023년 5월 10일 23시,수요일,전라남도 순천시 조례동,경상사고,0,0,3,0,차대차 - 측면충돌,신호위반,건조,맑음,교차로 - 교차로안,승용,남,47세,경상,승용,남,48세,경상
2023051100100042,2023년 5월 11일 06시,목요일,전라남도 목포시 옥암동,경상사고,0,0,1,0,차대차 - 측면충돌,신호위반,건조,맑음,교차로 - 교차로안,화물,남,55세,상해없음,승용,여,30세,경상
2023051100100070,2023년 5월 11일 07시,목요일,전라남도 순천시 덕월동,경상사고,0,0,1,0,차대차 - 측면충돌,차로위반,건조,맑음,단일로 - 기타,화물,남,41세,상해없음,승용,여,24세,경상
2023051100100071,2023년 5월 11일 07시,목요일,전라남도 곡성군 오산면,경상사고,0,0,1,0,차대차 - 측면충돌,직진우회전진행방해,건조,맑음,교차로 - 교차로부근,승용,남,62세,상해없음,승용,남,45세,경상
2023051100100117,2023년 5월 11일 08시,목요일,전라남도 순천시 해룡면,경상사고,0,0,1,0,차대차 - 기타,안전운전불이행,건조,맑음,단일로 - 기타,승용,남,59세,상해없음,승용,남,21세,경상
2023051100100118,2023년 5월 11일 08시,목요일,전라남도 보성군 율어면,중상사고,0,1,0,0,차대사람 - 기타,기타,건조,맑음,단일로 - 기타,승용,여,40세,상해없음,보행자,여,73세,상해없음
2023051100100119,2023년 5월 11일 08시,목요일,전라남도 영광군 영광읍,경상사고,0,0,2,0,차대차 - 측면충돌,교차로운행방법위반,건조,맑음,교차로 - 교차로부근,승용,여,63세,상해없음,승용,여,44세,경상
2023051100100120,2023년 5월 11일 08시,목요일,전라남도 함평군 대동면,경상사고,0,0,1,0,차대차 - 기타,안전운전불이행,건조,맑음,단일로 - 기타,승용,여,58세,상해없음,승용,여,60세,경상
2023051100100160,2023년 5월 11일 09시,목요일,전라남도 순천시 조곡동,경상사고,0,0,1,0,차대차 - 기타,안전운전불이행,건조,맑음,단일로 - 기타,승용,여,44세,기타불명,승용,여,69세,경상
2023051100100161,2023년 5월 11일 09시,목요일,전라남도 순천시 덕월동,경상사고,0,0,1,0,차대차 - 측면충돌,안전운전불이행,건조,맑음,단일로 - 기타,특수,남,44세,기타불명,승용,남,69세,상해없음
2023051100100198,2023년 5월 11일 10시,목요일,전라남도 나주시 삼영동,경상사고,0,0,1,0,차대차 - 측면충돌,교차로운행방법위반,건조,맑음,교차로 - 교차로부근,승용,여,63세,상해없음,화물,여,59세,경상
2023051100100199,2023년 5월 11일 10시,목요일,전라남도 장흥군 대덕읍,중상사고,0,1,1,0,차량단독 - 공작물충돌,안전운전불이행,건조,맑음,교차로 - 교차로부근,승용,여,68세,경상,,,,
2023051100100230,2023년 5월 11일 11시,목요일,전라남도 여수시 학동,경상사고,0,0,2,0,차대차 - 측면충돌,안전운전불이행,건조,맑음,기타 - 기타,승용,여,42세,경상,승용,여,24세,경상
2023051100100321,2023년 5월 11일 14시,목요일,전라남도 나주시 세지면,중상사고,0,1,0,0,차대차 - 측면충돌,안전운전불이행,건조,맑음,교차로 - 교차로부근,승용,여,31세,상해없음,자전거,여,64세,중상
2023051100100322,2023년 5월 11일 14시,목요일,전라남도 광양시 광양읍,경상사고,0,0,1,0,차대차 - 측면충돌,중앙선침범,건조,맑음,단일로 - 기타,승용,여,40세,상해없음,이륜,남,36세,경상
2023051100100433,2023년 5월 11일 17시,목요일,전라남도 목포시 상동,경상사고,0,0,1,0,차대차 - 후진중충돌,안전운전불이행,건조,맑음,교차로 - 교차로안,승용,여,36세,상해없음,승용,여,44세,경상
2023051100100434,2023년 5월 11일 17시,목요일,전라남도 영암군 삼호읍,경상사고,0,0,1,0,차대차 - 측면충돌,안전운전불이행,건조,맑음,단일로 - 기타,화물,남,67세,상해없음,승용,여,42세,경상
2023051100100487,2023년 5월 11일 18시,목요일,전라남도 목포시 상동,경상사고,0,0,1,0,차대차 - 측면충돌,교차로운행방법위반,건조,맑음,교차로 - 교차로안,승용,남,44세,상해없음,이륜,남,45세,경상
2023051100100488,2023년 5월 11일 18시,목요일,전라남도 나주시 남평읍,경상사고,0,0,1,0,차대차 - 측면충돌,교차로운행방법위반,건조,맑음,기타 - 기타,승용,여,49세,상해없음,승용,여,30세,경상
2023051100100489,2023년 5월 11일 18시,목요일,전라남도 영암군 신북면,중상사고,0,1,0,0,차대차 - 추돌,안전운전불이행,건조,맑음,교차로 - 교차로부근,승용,여,66세,상해없음,자전거,남,76세,중상
2023051100100524,2023년 5월 11일 19시,목요일,전라남도 여수시 신기동,중상사고,0,1,0,0,차대차 - 정면충돌,신호위반,건조,맑음,교차로 - 교차로부근,승용,남,71세,상해없음,이륜,남,44세,중상
2023051100100525,2023년 5월 11일 19시,목요일,전라남도 광양시 광양읍,경상사고,0,0,2,4,차대차 - 측면충돌,직진우회전진행방해,건조,맑음,교차로 - 교차로안,승용,남,36세,경상,승합,여,45세,경상
2023051100100597,2023년 5월 11일 22시,목요일,전라남도 여수시 여서동,경상사고,0,0,2,0,차대차 - 기타,안전운전불이행,건조,맑음,주차장 - 주차장,승용,남,51세,상해없음,승용,남,42세,경상
2023051100100598,2023년 5월 11일 22시,목요일,전라남도 나주시 송촌동,중상사고,0,1,0,0,차량단독 - 기타,안전운전불이행,건조,맑음,단일로 - 기타,승용,남,35세,중상,,,,
2023051200100033,2023년 5월 12일 05시,금요일,전라남도 목포시 상동,중상사고,0,1,1,0,차대차 - 측면충돌,안전거리미확보,건조,맑음,단일로 - 기타,이륜,남,67세,중상,승용,여,54세,경상
2023051200100042,2023년 5월 12일 06시,금요일,전라남도 고흥군 고흥읍,중상사고,0,1,0,0,차대차 - 측면충돌,직진우회전진행방해,건조,맑음,교차로 - 교차로안,승용,남,56세,상해없음,화물,남,55세,중상
2023051200100043,2023년 5월 12일 06시,금요일,전라남도 영광군 홍농읍,경상사고,0,0,1,0,차대차 - 측면충돌,중앙선침범,건조,맑음,교차로 - 교차로부근,승용,남,74세,상해없음,승용,여,49세,경상
2023051200100104,2023년 5월 12일 08시,금요일,전라남도 보성군 문덕면,부상신고사고,0,0,0,1,차대차 - 측면충돌,직진우회전진행방해,건조,맑음,교차로 - 교차로안,승용,남,44세,상해없음,승용,여,55세,부상신고
2023051200100105,2023년 5월 12일 08시,금요일,전라남도 완도군 금일읍,경상사고,0,0,2,0,차대차 - 측면충돌,안전운전불이행,건조,맑음,교차로 - 교차로안,화물,남,82세,상해없음,승용,여,57세,경상
2023051200100175,2023년 5월 12일 10시,금요일,전라남도 순천시 저전동,경상사고,0,0,1,0,차량단독 - 기타,안전운전불이행,건조,맑음,단일로 - 기타,승합,남,49세,상해없음,,,,
2023051200100202,2023년 5월 12일 11시,금요일,전라남도 여수시 율촌면,사망사고,1,0,0,0,차량단독 - 공작물충돌,안전운전불이행,건조,맑음,단일로 - 기타,화물,남,67세,사망,,,,
2023051200100281,2023년 5월 12일 13시,금요일,전라남도 여수시 율촌면,경상사고,0,0,2,0,차대차 - 측면충돌,안전운전불이행,건조,맑음,기타 - 기타,특수,남,60세,상해없음,승용,여,40세,경상
2023051200100282,2023년 5월 12일 13시,금요일,전라남도 순천시 연향동,경상사고,0,0,2,1,차대차 - 추돌,안전운전불이행,건조,맑음,단일로 - 기타,승용,남,80세,부상신고,승합,남,55세,경상
2023051200100283,2023년 5월 12일 13시,금요일,전라남도 장흥군 장평면,사망사고,1,0,0,0,차대사람 - 기타,안전운전불이행,건조,맑음,교차로 - 교차로부근,화물,남,55세,상해없음,보행자,여,90세,사망
2023051200100284,2023년 5월 12일 13시,금요일,전라남도 해남군 옥천면,중상사고,0,1,0,0,차대사람 - 기타,안전운전불이행,건조,맑음,기타 - 기타,농기계,남,58세,기타불명,보행자,남,56세,중상
2023051200100285,2023년 5월 12일 13시,금요일,전라남도 담양군 대전면,중상사고,0,1,0,0,차량단독 - 공작물충돌,안전운전불이행,건조,맑음,단일로 - 기타,자전거,남,50세,중상,,,,
2023051200100286,2023년 5월 12일 13시,금요일,전라남도 곡성군 옥과면,경상사고,0,0,1,0,차대차 - 기타,안전운전불이행,건조,맑음,교차로 - 교차로안,승용,여,34세,상해없음,승용,남,26세,경상
2023051200100319,2023년 5월 12일 14시,금요일,전라남도 목포시 동명동,경상사고,0,0,1,0,차대차 - 측면충돌,차로위반,건조,맑음,단일로 - 기타,자전거,남,84세,경상,승용,남,27세,상해없음
2023051200100320,2023년 5월 12일 14시,금요일,전라남도 목포시 옥암동,경상사고,0,0,1,0,차대차 - 기타,안전운전불이행,건조,맑음,교차로 - 교차로부근,건설기계,남,39세,상해없음,승용,여,57세,경상
2023051200100321,2023년 5월 12일 14시,금요일,전라남도 여수시 여서동,경상사고,0,0,1,0,차대차 - 추돌,안전거리미확보,건조,맑음,교차로 - 교차로부근,승용,여,35세,상해없음,승용,남,81세,경상
2023051200100322,2023년 5월 12일 14시,금요일,전라남도 장흥군 장흥읍,경상사고,0,0,1,0,차대사람 - 기타,안전운전불이행,건조,맑음,단일로 - 기타,승용,여,66세,상해없음,보행자,남,53세,경상
2023051200100323,2023년 5월 12일 14시,금요일,전라남도 화순군 화순읍,경상사고,0,0,2,0,차대차 - 추돌,안전운전불이행,건조,맑음,교차로 - 교차로부근,승용,여,43세,경상,이륜,남,47세,경상
2023051200100324,2023년 5월 12일 14시,금요일,전라남도 화순군 화순읍,경상사고,0,0,2,0,차대차 - 측면충돌,교차로운행방법위반,건조,맑음,교차로 - 교차로안,승용,남,73세,상해없음,승용,여,57세,경상
2023051200100325,2023년 5월 12일 14시,금요일,전라남도 무안군 삼향읍,경상사고,0,0,2,0,차대차 - 기타,안전운전불이행,건조,맑음,단일로 - 기타,승용,남,38세,상해없음,승용,남,21세,경상
2023051200100362,2023년 5월 12일 15시,금요일,전라남도 해남군 산이면,중상사고,0,2,0,0,차대차 - 측면충돌,신호위반,건조,맑음,교차로 - 교차로안,승용,남,75세,상해없음,화물,여,49세,중상
2023051200100448,2023년 5월 12일 17시,금요일,전라남도 목포시 상동,경상사고,0,0,1,0,차대차 - 정면충돌,직진우회전진행방해,건조,맑음,교차로 - 교차로안,승용,남,31세,상해없음,승용,여,39세,경상
2023051200100449,2023년 5월 12일 17시,금요일,전라남도 순천시 동외동,경상사고,0,0,1,0,차대차 - 추돌,안전운전불이행,건조,맑음,단일로 - 기타,승용,남,68세,상해없음,화물,남,56세,경상
2023051200100450,2023년 5월 12일 17시,금요일,전라남도 함평군 함평읍,경상사고,0,0,1,1,차대차 - 정면충돌,중앙선침범,건조,맑음,단일로 - 기타,자전거,남,13세,부상신고,사륜오토바이(ATV),여,71세,경상
2023051200100499,2023년 5월 12일 18시,금요일,전라남도 순천시 동외동,경상사고,0,0,1,0,차대차 - 측면충돌,직진우회전진행방해,건조,맑음,교차로 - 교차로안,승용,여,59세,상해없음,승용,여,59세,경상
2023051200100539,2023년 5월 12일 19시,금요일,전라남도 여수시 신기동,경상사고,0,0,2,0,차대차 - 추돌,안전운전불이행,건조,맑음,단일로 - 기타,승용,남,26세,상해없음,승용,여,40세,경상
2023051200100540,2023년 5월 12일 19시,금요일,전라남도 순천시 별량면,사망사고,1,0,0,0,차량단독 - 도로외이탈 - 추락,안전운전불이행,건조,맑음,단일로 - 기타,이륜,남,66세,사망,,,,
2023051200100572,2023년 5월 12일 20시,금요일,전라남도 장흥군 회진면,중상사고,0,1,0,0,차대차 - 기타,안전운전불이행,건조,맑음,단일로 - 기타,원동기,남,51세,중상,승용,남,42세,기타불명
2023051200100593,2023년 5월 12일 21시,금요일,전라남도 광양시 중동,경상사고,0,0,1,0,차대사람 - 횡단중,보행자보호의무위반,건조,맑음,교차로 - 교차로횡단보도내,승용,여,48세,상해없음,보행자,여,23세,경상
2023051200100619,2023년 5월 12일 22시,금요일,전라남도 여수시 미평동,중상사고,0,1,1,0,차대사람 - 횡단중,안전운전불이행,젖음/습기,흐림,교차로 - 교차로안,승용,남,50세,상해없음,보행자,남,61세,중상
2023051200100620,2023년 5월 12일 22시,금요일,전라남도 여수시 웅천동,경상사고,0,0,2,0,차대차 - 측면충돌,안전운전불이행,건조,맑음,교차로 - 교차로안,승용,남,50세,상해없음,승용,남,42세,경상
2023051200100621,2023년 5월 12일 22시,금요일,전라남도 고흥군 고흥읍,경상사고,0,0,1,0,차대차 - 후진중충돌,안전운전불이행,젖음/습기,비,교차로 - 교차로안,승합,남,49세,기타불명,승용,여,59세,경상
2023051300100008,2023년 5월 13일 00시,토요일,전라남도 광양시 광양읍,중상사고,0,1,0,0,차량단독 - 공작물충돌,안전운전불이행,건조,맑음,교차로 - 교차로부근,승용,남,42세,중상,,,,
2023051300100038,2023년 5월 13일 03시,토요일,전라남도 순천시 주암면,부상신고사고,0,0,0,1,차량단독 - 기타,안전운전불이행,건조,맑음,단일로 - 기타,이륜,여,37세,부상신고,,,,
2023051300100046,2023년 5월 13일 04시,토요일,전라남도 여수시 학동,경상사고,0,0,1,0,차대사람 - 차도통행중,안전운전불이행,젖음/습기,비,교차로 - 교차로부근,승용,남,42세,상해없음,보행자,남,57세,경상
2023051300100060,2023년 5월 13일 06시,토요일,전라남도 나주시 문평면,경상사고,0,0,9,0,차대차 - 추돌,안전운전불이행,건조,맑음,교차로 - 교차로부근,건설기계,남,60세,상해없음,승합,남,40세,경상
2023051300100061,2023년 5월 13일 06시,토요일,전라남도 장흥군 부산면,부상신고사고,0,0,0,1,차량단독 - 기타,안전운전불이행,건조,맑음,단일로 - 터널,승용,여,56세,부상신고,,,,
2023051300100070,2023년 5월 13일 07시,토요일,전라남도 강진군 군동면,중상사고,0,1,2,0,차대차 - 추돌,안전운전불이행,건조,맑음,단일로 - 기타,승용,남,37세,중상,화물,남,43세,경상
2023051300100094,2023년 5월 13일 08시,토요일,전라남도 목포시 용당동,경상사고,0,0,1,0,차대차 - 정면충돌,안전운전불이행,건조,맑음,교차로 - 교차로횡단보도내,승용,여,59세,상해없음,자전거,남,64세,경상
2023051300100095,2023년 5월 13일 08시,토요일,전라남도 순천시 풍덕동,경상사고,0,0,1,0,차대차 - 기타,직진우회전진행방해,건조,맑음,교차로 - 교차로안,승용,남,62세,상해없음,승용,남,52세,경상
2023051300100096,2023년 5월 13일 08시,토요일,전라남도 순천시 해룡면,경상사고,0,0,1,0,차대차 - 기타,안전운전불이행,건조,맑음,단일로 - 기타,화물,남,50세,기타불명,승용,여,55세,경상
2023051300100097,2023년 5월 13일 08시,토요일,전라남도 화순군 화순읍,부상신고사고,0,0,0,2,차대사람 - 차도통행중,안전운전불이행,건조,맑음,단일로 - 기타,화물,남,66세,부상신고,보행자,여,81세,부상신고
2023051300100098,2023년 5월 13일 08시,토요일,전라남도 광양시 광양읍,중상사고,0,1,0,0,차대차 - 기타,안전운전불이행,건조,맑음,교차로 - 교차로안,화물,남,66세,상해없음,승용,여,60세,중상
2023051300100122,2023년 5월 13일 09시,토요일,전라남도 나주시 반남면,중상사고,0,1,1,0,차대차 - 정면충돌,안전운전불이행,건조,맑음,단일로 - 기타,승용,남,70세,상해없음,이륜,여,73세,중상
2023051300100157,2023년 5월 13일 10시,토요일,전라남도 여수시 봉강동,경상사고,0,0,1,0,차대차 - 추돌,안전운전불이행,건조,맑음,단일로 - 기타,승용,여,64세,상해없음,승용,남,48세,경상
2023051300100231,2023년 5월 13일 12시,토요일,전라남도 순천시 오천동,경상사고,0,0,2,0,차대차 - 추돌,안전운전불이행,건조,맑음,교차로 - 교차로부근,승용,남,74세,상해없음,승용,여,49세,경상
2023051300100232,2023년 5월 13일 12시,토요일,전라남도 나주시 산포면,경상사고,0,0,2,1,차대차 - 추돌,안전거리미확보,건조,맑음,단일로 - 기타,승용,남,25세,경상,승용,남,28세,경상
2023051300100233,2023년 5월 13일 12시,토요일,전라남도 함평군 함평읍,경상사고,0,0,1,0,차대사람 - 기타,안전운전불이행,건조,맑음,단일로 - 기타,승용,남,66세,상해없음,보행자,여,7세,경상
2023051300100234,2023년 5월 13일 12시,토요일,전라남도 무안군 몽탄면,사망사고,1,0,0,0,차량단독 - 도로외이탈 - 추락,안전운전불이행,건조,맑음,단일로 - 기타,화물,남,65세,사망,,,,
2023051300100327,2023년 5월 13일 14시,토요일,전라남도 함평군 손불면,중상사고,0,1,0,0,차량단독 - 공작물충돌,안전운전불이행,건조,맑음,단일로 - 기타,승용,남,70세,상해없음,,,,
2023051300100421,2023년 5월 13일 17시,토요일,전라남도 담양군 용면,경상사고,0,0,2,0,차대차 - 기타,중앙선침범,건조,맑음,단일로 - 기타,승합,남,45세,기타불명,승용,여,48세,경상
2023051300100465,2023년 5월 13일 18시,토요일,전라남도 여수시 공화동,중상사고,0,1,0,0,차대차 - 측면충돌,교차로운행방법위반,건조,맑음,교차로 - 교차로안,승용,남,54세,상해없음,이륜,남,23세,중상
2023051300100489,2023년 5월 13일 19시,토요일,전라남도 진도군 의신면,중상사고,0,1,0,0,차대사람 - 횡단중,보행자보호의무위반,건조,맑음,교차로 - 교차로안,승용,여,63세,상해없음,보행자,남,29세,중상
2023051300100513,2023년 5월 13일 20시,토요일,전라남도 신안군 비금면,사망사고,1,0,0,0,차대사람 - 차도통행중,안전운전불이행,건조,기타,교차로 - 교차로부근,화물,남,57세,상해없음,보행자,남,63세,사망
2023051300100514,2023년 5월 13일 20시,토요일,전라남도 순천시 조곡동,경상사고,0,0,1,0,차대차 - 기타,안전운전불이행,건조,맑음,단일로 - 기타,화물,남,69세,상해없음,승용,여,24세,상해없음
2023051300100515,2023년 5월 13일 20시,토요일,전라남도 장흥군 장흥읍,경상사고,0,0,1,0,차대사람 - 길가장자리구역통행중,안전운전불이행,건조,흐림,단일로 - 기타,승용,여,32세,상해없음,보행자,여,55세,경상
2023051300100538,2023년 5월 13일 21시,토요일,전라남도 목포시 옥암동,경상사고,0,0,1,0,차대차 - 기타,안전운전불이행,건조,맑음,교차로 - 교차로안,승용,여,44세,상해없음,승용,남,31세,경상
2023051400100008,2023년 5월 14일 00시,일요일,전라남도 강진군 강진읍,경상사고,0,0,1,0,차대차 - 측면충돌,교차로운행방법위반,건조,맑음,교차로 - 교차로안,승용,남,56세,상해없음,승용,여,41세,경상
2023051400100016,2023년 5월 14일 01시,일요일,전라남도 목포시 옥암동,경상사고,0,0,1,0,차대차 - 추돌,안전운전불이행,건조,맑음,교차로 - 교차로안,승용,남,39세,상해없음,승용,남,31세,경상
2023051400100048,2023년 5월 14일 07시,일요일,전라남도 순천시 연향동,중상사고,0,3,0,0,차대차 - 추돌,안전운전불이행,건조,기타,교차로 - 교차로부근,승용,남,74세,기타불명,승용,남,64세,중상
2023051400100056,2023년 5월 14일 08시,일요일,전라남도 장성군 진원면,중상사고,0,1,0,0,차대차 - 측면충돌,안전운전불이행,건조,맑음,교차로 - 교차로안,승용,남,65세,상해없음,자전거,남,40세,중상
2023051400100057,2023년 5월 14일 08시,일요일,전라남도 강진군 강진읍,중상사고,0,1,0,0,차대사람 - 기타,안전운전불이행,건조,맑음,단일로 - 기타,승용,남,71세,상해없음,보행자,여,54세,중상
2023051400100074,2023년 5월 14일 09시,일요일,전라남도 보성군 회천면,경상사고,0,0,1,0,차대차 - 측면충돌,안전운전불이행,건조,맑음,단일로 - 기타,사륜오토바이(ATV),여,82세,경상,화물,남,34세,상해없음
2023051400100075,2023년 5월 14일 09시,일요일,전라남도 곡성군 오산면,경상사고,0,0,1,0,차량단독 - 기타,안전운전불이행,건조,맑음,기타 - 기타,화물,남,61세,경상,,,,
2023051400100091,2023년 5월 14일 10시,일요일,전라남도 목포시 옥암동,경상사고,0,0,2,0,차대차 - 측면충돌,안전거리미확보,건조,맑음,교차로 - 교차로부근,승용,남,68세,상해없음,승용,남,45세,경상
2023051400100092,2023년 5월 14일 10시,일요일,전라남도 진도군 진도읍,경상사고,0,0,2,1,차대차 - 측면충돌,교차로운행방법위반,건조,맑음,교차로 - 교차로안,승용,남,28세,부상신고,승용,남,57세,경상
2023051400100112,2023년 5월 14일 11시,일요일,전라남도 목포시 연산동,경상사고,0,0,1,0,차대차 - 측면충돌,교차로운행방법위반,건조,맑음,교차로 - 교차로안,승용,남,73세,상해없음,승용,남,24세,경상
2023051400100140,2023년 5월 14일 12시,일요일,전라남도 강진군 병영면,경상사고,0,0,1,0,차대사람 - 기타,안전운전불이행,건조,맑음,단일로 - 기타,승용,여,58세,상해없음,보행자,여,40세,경상
2023051400100141,2023년 5월 14일 12시,일요일,전라남도 강진군 신전면,중상사고,0,1,0,0,차대차 - 측면충돌,중앙선침범,건조,맑음,단일로 - 기타,승용,남,47세,상해없음,이륜,남,83세,중상
2023051400100181,2023년 5월 14일 13시,일요일,전라남도 진도군 지산면,경상사고,0,0,1,0,차대차 - 측면충돌,교차로운행방법위반,건조,맑음,교차로 - 교차로안,승합,남,52세,상해없음,화물,남,44세,경상
2023051400100219,2023년 5월 14일 14시,일요일,전라남도 담양군 월산면,경상사고,0,0,4,0,차대차 - 측면충돌,불법유턴,건조,맑음,단일로 - 기타,승용,남,32세,상해없음,승용,남,42세,경상
2023051400100295,2023년 5월 14일 16시,일요일,전라남도 순천시 별량면,경상사고,0,0,2,0,차대차 - 측면충돌,안전운전불이행,건조,맑음,교차로 - 교차로부근,승용,남,80세,상해없음,승용,남,40세,경상
2023051400100296,2023년 5월 14일 16시,일요일,전라남도 담양군 담양읍,경상사고,0,0,1,0,차대차 - 추돌,안전운전불이행,건조,맑음,교차로 - 교차로부근,승용,남,60세,상해없음,승용,남,52세,경상
2023051400100392,2023년 5월 14일 19시,일요일,전라남도 순천시 용당동,경상사고,0,0,1,0,차대차 - 측면충돌,중앙선침범,건조,맑음,교차로 - 교차로부근,화물,남,58세,상해없음,이륜,남,35세,경상
2023051400100421,2023년 5월 14일 20시,일요일,전라남도 목포시 석현동,경상사고,0,0,1,0,차대차 - 기타,안전거리미확보,건조,맑음,단일로 - 기타,승용,여,25세,상해없음,승용,남,44세,경상
2023051400100422,2023년 5월 14일 20시,일요일,전라남도 목포시 연산동,중상사고,0,1,0,0,차대사람 - 차도통행중,안전운전불이행,건조,맑음,단일로 - 기타,원동기,남,65세,상해없음,보행자,여,82세,중상
2023051400100423,2023년 5월 14일 20시,일요일,전라남도 영광군 백수읍,중상사고,0,1,0,0,차량단독 - 공작물충돌,안전운전불이행,건조,맑음,단일로 - 기타,승용,남,21세,상해없음,,,,
2023051400100458,2023년 5월 14일 22시,일요일,전라남도 목포시 산정동,경상사고,0,0,1,0,차대사람 - 기타,안전운전불이행,건조,맑음,기타 - 기타,승용,남,42세,상해없음,보행자,여,39세,경상
2023051500100108,2023년 5월 15일 08시,월요일,전라남도 장성군 서삼면,경상사고,0,0,1,0,차대차 - 추돌,안전운전불이행,건조,맑음,단일로 - 기타,승용,여,29세,상해없음,승용,여,52세,경상
2023051500100109,2023년 5월 15일 08시,월요일,전라남도 담양군 대전면,경상사고,0,0,2,0,차대차 - 측면충돌,안전운전불이행,건조,맑음,교차로 - 교차로안,승용,여,46세,경상,승용,남,67세,경상
2023051500100139,2023년 5월 15일 09시,월요일,전라남도 영광군 영광읍,경상사고,0,0,1,0,차대차 - 측면충돌,안전운전불이행,건조,맑음,교차로 - 교차로부근,건설기계,남,60세,상해없음,사륜오토바이(ATV),남,69세,경상
2023051500100173,2023년 5월 15일 10시,월요일,전라남도 순천시 연향동,경상사고,0,0,2,0,차대차 - 기타,안전운전불이행,건조,맑음,교차로 - 교차로안,승용,남,65세,상해없음,승용,남,53세,경상
2023051500100210,2023년 5월 15일 11시,월요일,전라남도 순천시 조례동,경상사고,0,0,1,0,차대사람 - 기타,안전운전불이행,건조,맑음,교차로 - 교차로안,승용,여,51세,기타불명,보행자,여,58세,경상
2023051500100211,2023년 5월 15일 11시,월요일,전라남도 고흥군 고흥읍,경상사고,0,0,1,0,차대차 - 기타,안전운전불이행,건조,맑음,교차로 - 교차로부근,화물,남,47세,상해없음,자전거,여,58세,경상
2023051500100239,2023년 5월 15일 12시,월요일,전라남도 여수시 웅천동,경상사고,0,0,1,0,차대차 - 측면충돌,안전운전불이행,건조,맑음,단일로 - 기타,승용,여,66세,기타불명,승용,여,42세,경상
2023051500100240,2023년 5월 15일 12시,월요일,전라남도 함평군 월야면,경상사고,0,0,3,0,차대차 - 기타,신호위반,건조,맑음,교차로 - 교차로안,승용,여,54세,경상,승용,여,70세,경상
2023051500100241,2023년 5월 15일 12시,월요일,전라남도 함평군 손불면,중상사고,0,1,0,0,차대사람 - 기타,안전운전불이행,건조,맑음,단일로 - 기타,승용,여,69세,상해없음,보행자,여,61세,중상
2023051500100242,2023년 5월 15일 12시,월요일,전라남도 영암군 삼호읍,경상사고,0,0,1,0,차대차 - 측면충돌,안전운전불이행,건조,맑음,교차로 - 교차로부근,승용,여,44세,상해없음,승용,남,55세,경상
2023051500100278,2023년 5월 15일 13시,월요일,전라남도 해남군 화산면,중상사고,0,1,1,0,차대차 - 측면충돌,중앙선침범,건조,맑음,교차로 - 교차로안,화물,남,76세,기타불명,화물,남,69세,경상
2023051500100279,2023년 5월 15일 13시,월요일,전라남도 광양시 중동,경상사고,0,0,1,0,차대차 - 후진중충돌,안전운전불이행,건조,맑음,교차로 - 교차로부근,승용,남,74세,상해없음,승용,남,37세,경상
2023051500100313,2023년 5월 15일 14시,월요일,전라남도 여수시 돌산읍,경상사고,0,0,1,0,차대차 - 측면충돌,안전운전불이행,건조,기타,단일로 - 기타,승용,여,70세,상해없음,자전거,여,69세,경상
2023051500100314,2023년 5월 15일 14시,월요일,전라남도 해남군 해남읍,중상사고,0,1,0,0,차대차 - 측면충돌,중앙선침범,건조,맑음,단일로 - 기타,승용,여,51세,상해없음,이륜,남,85세,중상
2023051500100350,2023년 5월 15일 15시,월요일,전라남도 장성군 장성읍,중상사고,0,1,0,0,차대차 - 추돌,안전운전불이행,건조,맑음,단일로 - 기타,승용,여,61세,상해없음,승용,남,64세,상해없음
2023051500100351,2023년 5월 15일 15시,월요일,전라남도 완도군 완도읍,경상사고,0,0,1,0,차대사람 - 차도통행중,안전운전불이행,건조,맑음,단일로 - 기타,승용,여,56세,상해없음,보행자,남,7세,경상
2023051500100385,2023년 5월 15일 16시,월요일,전라남도 목포시 상동,중상사고,0,1,2,0,차대차 - 측면충돌,중앙선침범,건조,맑음,단일로 - 기타,승용,남,74세,경상,이륜,남,47세,중상
2023051500100386,2023년 5월 15일 16시,월요일,전라남도 영암군 삼호읍,경상사고,0,0,2,0,차대차 - 기타,기타,건조,맑음,단일로 - 교량,기타불명,기타불명,미분류,기타불명,승용,남,69세,경상
2023051500100431,2023년 5월 15일 17시,월요일,전라남도 영암군 삼호읍,경상사고,0,0,1,0,차대차 - 측면충돌,안전운전불이행,건조,맑음,교차로 - 교차로부근,개인형이동수단(PM),남,15세,상해없음,자전거,남,57세,경상
2023051500100505,2023년 5월 15일 19시,월요일,전라남도 여수시 학동,경상사고,0,0,2,0,차대차 - 기타,안전운전불이행,건조,맑음,기타 - 기타,이륜,남,51세,상해없음,승용,여,52세,경상