사고번호,사고일시,요일,시군구,사고내용,사망자수,중상자수,경상자수,부상신고자수,사고유형,법규위반,노면상태,기상상태,도로형태,가해운전자 차종,가해운전자 성별,가해운전자 연령,가해운전자 상해정도,피해운전자 차종,피해운전자 성별,피해운전자 연령,피해운전자 상해정도
2023051500100506,2023년 5월 15일 19시,월요일,전라남도 나주시 남평읍,경상사고,0,0,2,0,차대차 - 측면충돌,교차로운행방법위반,건조,맑음,교차로 - 교차로안,승용,여,24세,상해없음,승용,남,48세,경상
2023051500100507,2023년 5월 15일 19시,월요일,전라남도 광양시 중동,경상사고,0,0,1,0,차대차 - 추돌,안전운전불이행,건조,맑음,기타 - 기타,승용,여,52세,상해없음,승용,남,41세,경상
2023051500100508,2023년 5월 15일 19시,월요일,전라남도 광양시 중동,경상사고,0,0,2,0,차대차 - 측면충돌,안전운전불이행,건조,맑음,교차로 - 교차로부근,승용,여,59세,상해없음,승용,여,45세,경상
2023051500100577,2023년 5월 15일 22시,월요일,전라남도 목포시 옥암동,경상사고,0,0,1,0,차대차 - 측면충돌,안전거리미확보,건조,맑음,단일로 - 기타,승용,남,30세,상해없음,승용,남,26세,경상
2023051500100578,2023년 5월 15일 22시,월요일,전라남도 여수시 웅천동,경상사고,0,0,1,0,차대차 - 기타,안전운전불이행,건조,맑음,교차로 - 교차로부근,승용,여,42세,기타불명,승용,남,37세,경상
2023051500100591,2023년 5월 15일 23시,월요일,전라남도 목포시 용해동,경상사고,0,0,1,0,차대사람 - 횡단중,보행자보호의무위반,건조,맑음,교차로 - 교차로횡단보도내,승용,여,60세,상해없음,보행자,남,57세,경상
2023051600100061,2023년 5월 16일 07시,화요일,전라남도 곡성군 곡성읍,중상사고,0,1,0,0,차대차 - 측면충돌,직진우회전진행방해,건조,맑음,교차로 - 교차로안,화물,남,62세,상해없음,승용,여,60세,중상
2023051600100097,2023년 5월 16일 08시,화요일,전라남도 순천시 덕월동,경상사고,0,0,2,0,차대차 - 기타,차로위반,건조,맑음,교차로 - 교차로부근,승용,여,51세,경상,승용,여,43세,경상
2023051600100098,2023년 5월 16일 08시,화요일,전라남도 나주시 반남면,경상사고,0,0,6,0,차대차 - 측면충돌,중앙선침범,건조,맑음,단일로 - 기타,승용,남,68세,상해없음,승합,남,57세,경상
2023051600100099,2023년 5월 16일 08시,화요일,전라남도 영암군 금정면,중상사고,0,1,1,0,차대차 - 측면충돌,안전운전불이행,건조,맑음,교차로 - 교차로안,승용,남,72세,중상,화물,남,37세,경상
2023051600100100,2023년 5월 16일 08시,화요일,전라남도 담양군 대전면,경상사고,0,0,3,0,차대차 - 추돌,안전거리미확보,건조,맑음,단일로 - 기타,승용,여,23세,상해없음,승용,여,30세,경상
2023051600100101,2023년 5월 16일 08시,화요일,전라남도 진도군 진도읍,중상사고,0,1,0,0,차대차 - 측면충돌,교차로운행방법위반,건조,맑음,교차로 - 교차로안,승용,여,31세,상해없음,이륜,남,72세,중상
2023051600100139,2023년 5월 16일 09시,화요일,전라남도 광양시 진상면,경상사고,0,0,1,0,차대차 - 측면충돌,안전운전불이행,건조,맑음,단일로 - 기타,화물,남,65세,상해없음,승합,남,51세,경상
2023051600100182,2023년 5월 16일 10시,화요일,전라남도 여수시 신기동,경상사고,0,0,1,0,차대사람 - 횡단중,안전운전불이행,건조,맑음,교차로 - 교차로부근,화물,남,51세,상해없음,보행자,남,61세,경상
2023051600100215,2023년 5월 16일 11시,화요일,전라남도 순천시 덕월동,경상사고,0,0,1,1,차대사람 - 기타,안전운전불이행,건조,맑음,단일로 - 기타,자전거,여,56세,부상신고,보행자,남,25세,경상
2023051600100216,2023년 5월 16일 11시,화요일,전라남도 영광군 영광읍,경상사고,0,0,1,0,차량단독 - 공작물충돌,안전운전불이행,건조,맑음,교차로 - 교차로부근,원동기,남,55세,경상,,,,
2023051600100250,2023년 5월 16일 12시,화요일,전라남도 화순군 화순읍,경상사고,0,0,1,0,차대사람 - 길가장자리구역통행중,안전운전불이행,건조,맑음,단일로 - 기타,승용,남,61세,기타불명,보행자,남,42세,경상
2023051600100289,2023년 5월 16일 13시,화요일,전라남도 보성군 조성면,경상사고,0,0,1,0,차대차 - 측면충돌,신호위반,건조,맑음,교차로 - 교차로안,화물,남,70세,상해없음,승용,여,50세,경상
2023051600100290,2023년 5월 16일 13시,화요일,전라남도 장성군 장성읍,경상사고,0,0,3,0,차대차 - 추돌,안전운전불이행,건조,맑음,단일로 - 기타,화물,남,55세,경상,승용,남,72세,경상
2023051600100325,2023년 5월 16일 14시,화요일,전라남도 여수시 학동,경상사고,0,0,4,0,차대차 - 측면충돌,안전운전불이행,건조,맑음,교차로 - 교차로안,승용,여,55세,경상,승용,남,58세,경상
2023051600100326,2023년 5월 16일 14시,화요일,전라남도 여수시 둔덕동,중상사고,0,1,4,0,차대차 - 측면충돌,신호위반,건조,맑음,교차로 - 교차로안,승용,남,42세,상해없음,승용,여,69세,경상
2023051600100327,2023년 5월 16일 14시,화요일,전라남도 완도군 완도읍,중상사고,0,1,0,0,차대차 - 정면충돌,중앙선침범,건조,맑음,단일로 - 기타,승용,여,67세,상해없음,승용,여,72세,중상
2023051600100328,2023년 5월 16일 14시,화요일,전라남도 광양시 옥룡면,중상사고,0,2,0,0,차량단독 - 전도전복 - 전복,안전운전불이행,건조,맑음,단일로 - 기타,승용,여,64세,중상,,,,
2023051600100382,2023년 5월 16일 15시,화요일,전라남도 해남군 옥천면,경상사고,0,0,1,0,차대사람 - 횡단중,안전운전불이행,건조,맑음,단일로 - 기타,승용,남,75세,상해없음,보행자,남,73세,경상
2023051600100419,2023년 5월 16일 16시,화요일,전라남도 여수시 서교동,중상사고,0,1,0,0,차량단독 - 기타,안전운전불이행,건조,맑음,단일로 - 기타,승합,남,58세,상해없음,,,,
2023051600100420,2023년 5월 16일 16시,화요일,전라남도 순천시 연향동,경상사고,0,0,2,0,차대차 - 기타,안전운전불이행,건조,맑음,단일로 - 기타,화물,남,35세,경상,승용,남,32세,경상
2023051600100421,2023년 5월 16일 16시,화요일,전라남도 해남군 송지면,중상사고,0,1,1,0,차대차 - 측면충돌,안전운전불이행,건조,맑음,단일로 - 기타,이륜,남,80세,중상,승용,남,63세,경상
2023051600100422,2023년 5월 16일 16시,화요일,전라남도 광양시 광양읍,경상사고,0,0,2,0,차대차 - 추돌,안전운전불이행,건조,맑음,교차로 - 교차로부근,승용,남,53세,상해없음,승용,여,52세,경상
2023051600100485,2023년 5월 16일 17시,화요일,전라남도 여수시 오림동,경상사고,0,0,1,0,차대차 - 측면충돌,안전운전불이행,건조,맑음,단일로 - 기타,화물,남,66세,상해없음,승용,남,30세,경상
2023051600100486,2023년 5월 16일 17시,화요일,전라남도 순천시 승주읍,경상사고,0,0,1,0,차량단독 - 기타,안전운전불이행,건조,맑음,단일로 - 기타,사륜오토바이(ATV),남,76세,경상,,,,
2023051600100487,2023년 5월 16일 17시,화요일,전라남도 장흥군 장동면,부상신고사고,0,0,0,1,차대사람 - 기타,안전운전불이행,건조,맑음,단일로 - 기타,승합,남,66세,상해없음,보행자,남,50세,부상신고
2023051600100575,2023년 5월 16일 19시,화요일,전라남도 목포시 옥암동,경상사고,0,0,1,0,차대차 - 측면충돌,교차로운행방법위반,건조,맑음,교차로 - 교차로안,승용,남,26세,상해없음,원동기,남,53세,경상
2023051600100576,2023년 5월 16일 19시,화요일,전라남도 순천시 동외동,경상사고,0,0,1,0,차대차 - 추돌,안전운전불이행,건조,맑음,교차로 - 교차로안,승용,남,62세,상해없음,승용,남,66세,경상
2023051600100577,2023년 5월 16일 19시,화요일,전라남도 순천시 조곡동,중상사고,0,1,0,0,차량단독 - 기타,안전운전불이행,건조,맑음,교차로 - 교차로안,자전거,남,51세,중상,,,,
2023051600100609,2023년 5월 16일 20시,화요일,전라남도 곡성군 겸면,경상사고,0,0,1,0,차대차 - 기타,안전운전불이행,건조,맑음,단일로 - 기타,승용,여,40세,상해없음,농기계,남,63세,경상
2023051600100637,2023년 5월 16일 21시,화요일,전라남도 여수시 학동,경상사고,0,0,2,0,차대차 - 측면충돌,안전운전불이행,건조,맑음,교차로 - 교차로안,승용,여,38세,상해없음,승용,남,40세,경상
2023051600100638,2023년 5월 16일 21시,화요일,전라남도 여수시 문수동,경상사고,0,0,1,0,차대사람 - 보도통행중,안전운전불이행,건조,맑음,단일로 - 기타,개인형이동수단(PM),여,14세,기타불명,보행자,여,59세,경상
2023051600100639,2023년 5월 16일 21시,화요일,전라남도 광양시 광양읍,중상사고,0,1,0,0,차대차 - 추돌,안전운전불이행,건조,맑음,단일로 - 기타,승용,남,34세,상해없음,승용,남,51세,중상
2023051600100657,2023년 5월 16일 22시,화요일,전라남도 목포시 옥암동,중상사고,0,1,2,0,차대차 - 기타,안전운전불이행,건조,맑음,교차로 - 교차로안,화물,남,40세,상해없음,승용,남,49세,기타불명
2023051600100658,2023년 5월 16일 22시,화요일,전라남도 장성군 남면,경상사고,0,0,7,0,차대차 - 추돌,안전거리미확보,건조,맑음,단일로 - 기타,승합,남,49세,경상,승용,남,28세,상해없음
2023051700100014,2023년 5월 17일 01시,수요일,전라남도 영암군 삼호읍,경상사고,0,0,1,0,차대차 - 추돌,안전운전불이행,건조,맑음,단일로 - 기타,승용,남,41세,상해없음,화물,남,43세,경상
2023051700100015,2023년 5월 17일 01시,수요일,전라남도 담양군 대전면,중상사고,0,1,1,0,차대차 - 추돌,안전운전불이행,건조,맑음,단일로 - 기타,화물,남,68세,경상,승용,남,46세,중상
2023051700100036,2023년 5월 17일 05시,수요일,전라남도 영암군 군서면,경상사고,0,0,2,0,차대차 - 측면충돌,신호위반,건조,맑음,교차로 - 교차로안,화물,남,63세,경상,승용,여,53세,경상
2023051700100070,2023년 5월 17일 07시,수요일,전라남도 화순군 화순읍,경상사고,0,0,1,0,차대차 - 추돌,교차로운행방법위반,건조,맑음,교차로 - 교차로안,승용,여,30세,상해없음,승용,여,44세,경상
2023051700100071,2023년 5월 17일 07시,수요일,전라남도 영암군 삼호읍,경상사고,0,0,1,0,차대차 - 측면충돌,안전운전불이행,건조,맑음,단일로 - 기타,승용,남,60세,상해없음,원동기,남,34세,경상
2023051700100072,2023년 5월 17일 07시,수요일,전라남도 구례군 용방면,경상사고,0,0,1,0,차대차 - 측면충돌,안전거리미확보,건조,맑음,단일로 - 기타,화물,남,68세,상해없음,승용,남,60세,경상
2023051700100169,2023년 5월 17일 09시,수요일,전라남도 해남군 해남읍,경상사고,0,0,1,0,차대차 - 측면충돌,안전운전불이행,건조,맑음,교차로 - 교차로안,승용,여,51세,상해없음,승용,여,47세,경상
2023051700100170,2023년 5월 17일 09시,수요일,전라남도 함평군 해보면,경상사고,0,0,1,0,차대차 - 기타,안전운전불이행,건조,맑음,교차로 - 교차로안,승용,여,46세,상해없음,화물,남,33세,경상
2023051700100218,2023년 5월 17일 10시,수요일,전라남도 순천시 조례동,경상사고,0,0,1,0,차대차 - 기타,안전거리미확보,건조,맑음,교차로 - 교차로안,승용,남,57세,상해없음,승용,남,42세,경상
2023051700100219,2023년 5월 17일 10시,수요일,전라남도 순천시 석현동,경상사고,0,0,1,0,차대차 - 후진중충돌,안전운전불이행,건조,맑음,교차로 - 교차로부근,화물,남,54세,상해없음,이륜,여,21세,경상
2023051700100220,2023년 5월 17일 10시,수요일,전라남도 고흥군 남양면,경상사고,0,0,2,0,차대차 - 추돌,안전운전불이행,건조,맑음,단일로 - 기타,승용,남,46세,경상,화물,남,34세,경상
2023051700100221,2023년 5월 17일 10시,수요일,전라남도 무안군 운남면,사망사고,1,0,0,0,차대차 - 측면충돌,신호위반,건조,맑음,교차로 - 교차로안,화물,남,62세,상해없음,사륜오토바이(ATV),여,72세,사망
2023051700100258,2023년 5월 17일 11시,수요일,전라남도 나주시 금천면,중상사고,0,1,1,0,차대차 - 기타,안전운전불이행,건조,맑음,교차로 - 교차로안,원동기,남,38세,경상,개인형이동수단(PM),여,65세,중상
2023051700100292,2023년 5월 17일 12시,수요일,전라남도 여수시 학동,경상사고,0,0,2,0,차대차 - 추돌,안전운전불이행,건조,맑음,단일로 - 기타,승용,남,53세,상해없음,승용,여,61세,경상
2023051700100341,2023년 5월 17일 13시,수요일,전라남도 순천시 풍덕동,경상사고,0,0,1,0,차대차 - 측면충돌,안전운전불이행,건조,맑음,단일로 - 기타,화물,남,60세,상해없음,화물,남,41세,기타불명
2023051700100383,2023년 5월 17일 14시,수요일,전라남도 순천시 해룡면,중상사고,0,1,0,0,차대차 - 기타,안전운전불이행,기타,기타,교차로 - 교차로부근,승용,남,70세,상해없음,자전거,남,72세,중상
2023051700100430,2023년 5월 17일 15시,수요일,전라남도 고흥군 동강면,중상사고,0,1,0,0,차대차 - 측면충돌,안전운전불이행,건조,맑음,교차로 - 교차로안,승용,여,62세,상해없음,농기계,남,76세,중상
2023051700100466,2023년 5월 17일 16시,수요일,전라남도 여수시 서교동,중상사고,0,1,0,0,차대차 - 기타,안전운전불이행,건조,맑음,단일로 - 기타,이륜,남,56세,상해없음,개인형이동수단(PM),남,63세,중상
2023051700100467,2023년 5월 17일 16시,수요일,전라남도 완도군 완도읍,경상사고,0,0,1,0,차대사람 - 횡단중,보행자보호의무위반,건조,맑음,교차로 - 교차로횡단보도내,승용,남,87세,상해없음,보행자,여,13세,경상
2023051700100468,2023년 5월 17일 16시,수요일,전라남도 광양시 중동,경상사고,0,0,1,0,차대사람 - 횡단중,보행자보호의무위반,건조,맑음,단일로 - 기타,승용,남,61세,상해없음,보행자,여,28세,경상
2023051700100469,2023년 5월 17일 16시,수요일,전라남도 담양군 창평면,경상사고,0,0,1,0,차대차 - 추돌,안전운전불이행,건조,맑음,기타 - 기타,화물,남,44세,상해없음,승용,남,50세,경상
2023051700100519,2023년 5월 17일 17시,수요일,전라남도 여수시 둔덕동,중상사고,0,1,0,0,차대차 - 측면충돌,신호위반,건조,맑음,교차로 - 교차로안,이륜,남,40세,중상,승용,남,67세,상해없음
2023051700100521,2023년 5월 17일 17시,수요일,전라남도 강진군 마량면,경상사고,0,0,2,0,차대차 - 후진중충돌,직진우회전진행방해,건조,맑음,교차로 - 교차로안,화물,여,49세,경상,승용,남,71세,경상
2023051700100522,2023년 5월 17일 17시,수요일,전라남도 무안군 일로읍,경상사고,0,0,1,0,차대차 - 기타,안전운전불이행,건조,맑음,단일로 - 기타,승용,남,29세,상해없음,승용,여,41세,경상
2023051700100617,2023년 5월 17일 19시,수요일,전라남도 광양시 마동,경상사고,0,0,1,0,차대차 - 측면충돌,안전운전불이행,건조,기타,단일로 - 기타,승용,남,41세,상해없음,승용,남,23세,경상
2023051700100645,2023년 5월 17일 20시,수요일,전라남도 목포시 상동,경상사고,0,0,2,0,차대차 - 측면충돌,안전운전불이행,건조,맑음,교차로 - 교차로부근,승용,남,60세,상해없음,승용,여,49세,경상
2023051700100646,2023년 5월 17일 20시,수요일,전라남도 해남군 문내면,경상사고,0,0,1,0,차대사람 - 보도통행중,안전운전불이행,건조,맑음,단일로 - 기타,승용,남,32세,상해없음,보행자,여,74세,경상
2023051800100033,2023년 5월 18일 03시,목요일,전라남도 목포시 산정동,경상사고,0,0,2,0,차대차 - 기타,신호위반,젖음/습기,비,교차로 - 교차로안,승용,남,60세,상해없음,승용,남,64세,경상
2023051800100034,2023년 5월 18일 03시,목요일,전라남도 목포시 상동,경상사고,0,0,1,0,차대사람 - 기타,안전운전불이행,건조,맑음,교차로 - 교차로안,승합,남,34세,상해없음,보행자,남,60세,경상
2023051800100083,2023년 5월 18일 07시,목요일,전라남도 해남군 화원면,중상사고,0,1,0,0,차대차 - 정면충돌,중앙선침범,젖음/습기,비,단일로 - 기타,승용,남,65세,상해없음,화물,남,55세,중상
2023051800100084,2023년 5월 18일 07시,목요일,전라남도 영암군 삼호읍,경상사고,0,0,1,0,차대차 - 정면충돌,안전운전불이행,젖음/습기,비,단일로 - 기타,승용,여,46세,상해없음,자전거,남,19세,경상
2023051800100119,2023년 5월 18일 08시,목요일,전라남도 목포시 상동,경상사고,0,0,1,0,차대차 - 측면충돌,중앙선침범,건조,맑음,단일로 - 기타,승용,남,68세,상해없음,승용,남,37세,경상
2023051800100120,2023년 5월 18일 08시,목요일,전라남도 순천시 조례동,경상사고,0,0,1,0,차대차 - 측면충돌,안전운전불이행,젖음/습기,비,교차로 - 교차로부근,승용,남,61세,상해없음,승용,남,48세,경상
2023051800100121,2023년 5월 18일 08시,목요일,전라남도 영암군 영암읍,중상사고,0,1,1,0,차대차 - 측면충돌,안전운전불이행,젖음/습기,비,교차로 - 교차로안,승용,남,61세,경상,승용,여,23세,중상
2023051800100168,2023년 5월 18일 09시,목요일,전라남도 장흥군 관산읍,경상사고,0,0,1,0,차량단독 - 기타,안전운전불이행,젖음/습기,비,단일로 - 기타,승용,여,62세,경상,,,,
2023051800100169,2023년 5월 18일 09시,목요일,전라남도 광양시 광양읍,경상사고,0,0,1,0,차대차 - 기타,안전운전불이행,젖음/습기,비,기타 - 기타,건설기계,남,65세,상해없음,승용,남,52세,경상
2023051800100194,2023년 5월 18일 10시,목요일,전라남도 장흥군 장흥읍,중상사고,0,1,0,0,차대사람 - 보도통행중,기타,젖음/습기,비,교차로 - 교차로부근,승용,남,61세,상해없음,보행자,여,91세,중상
2023051800100195,2023년 5월 18일 10시,목요일,전라남도 강진군 성전면,경상사고,0,0,2,0,차대차 - 기타,안전거리미확보,젖음/습기,비,단일로 - 기타,승용,남,72세,상해없음,승용,남,52세,경상
2023051800100224,2023년 5월 18일 11시,목요일,전라남도 장흥군 장평면,경상사고,0,0,3,0,차대차 - 측면충돌,기타,젖음/습기,비,교차로 - 교차로안,화물,남,22세,경상,승용,남,42세,경상
2023051800100285,2023년 5월 18일 13시,목요일,전라남도 목포시 옥암동,경상사고,0,0,1,0,차대차 - 정면충돌,신호위반,젖음/습기,비,교차로 - 교차로안,승용,여,23세,상해없음,승용,남,66세,경상
2023051800100286,2023년 5월 18일 13시,목요일,전라남도 함평군 엄다면,부상신고사고,0,0,0,1,차대차 - 측면충돌,직진우회전진행방해,건조,맑음,교차로 - 교차로안,원동기,남,49세,부상신고,승용,여,56세,상해없음
2023051800100287,2023년 5월 18일 13시,목요일,전라남도 곡성군 곡성읍,경상사고,0,0,2,0,차대차 - 측면충돌,안전운전불이행,건조,맑음,기타 - 기타,승합,남,58세,상해없음,승용,남,47세,경상
2023051800100288,2023년 5월 18일 13시,목요일,전라남도 무안군 몽탄면,중상사고,0,1,1,0,차대차 - 기타,안전운전불이행,젖음/습기,비,교차로 - 교차로안,승용,남,60세,상해없음,승용,남,76세,경상
2023051800100326,2023년 5월 18일 14시,목요일,전라남도 장흥군 장평면,중상사고,0,2,0,0,차대차 - 측면충돌,안전운전불이행,젖음/습기,비,단일로 - 기타,승용,남,36세,중상,승용,여,54세,중상
2023051800100327,2023년 5월 18일 14시,목요일,전라남도 영암군 삼호읍,경상사고,0,0,1,0,차대차 - 측면충돌,안전거리미확보,젖음/습기,비,단일로 - 기타,건설기계,남,37세,상해없음,승용,남,61세,경상
2023051800100328,2023년 5월 18일 14시,목요일,전라남도 광양시 태인동,중상사고,0,2,0,0,차대차 - 측면충돌,안전운전불이행,젖음/습기,비,교차로 - 교차로안,특수,남,62세,상해없음,승용,여,55세,중상
2023051800100329,2023년 5월 18일 14시,목요일,전라남도 광양시 중군동,경상사고,0,0,2,0,차대차 - 추돌,안전운전불이행,젖음/습기,비,교차로 - 교차로부근,승용,남,53세,상해없음,승용,여,35세,경상
2023051800100365,2023년 5월 18일 15시,목요일,전라남도 신안군 도초면,경상사고,0,0,2,0,차대차 - 정면충돌,안전운전불이행,젖음/습기,흐림,교차로 - 교차로안,승합,남,55세,경상,승용,여,33세,경상
2023051800100366,2023년 5월 18일 15시,목요일,전라남도 화순군 화순읍,경상사고,0,0,2,0,차대차 - 측면충돌,교차로운행방법위반,건조,맑음,교차로 - 교차로안,승용,남,66세,상해없음,승용,남,72세,경상
2023051800100404,2023년 5월 18일 16시,목요일,전라남도 여수시 소라면,경상사고,0,0,1,0,차대사람 - 기타,안전운전불이행,젖음/습기,비,기타 - 기타,승합,남,55세,상해없음,보행자,남,15세,경상
2023051800100452,2023년 5월 18일 17시,목요일,전라남도 영암군 신북면,중상사고,0,1,0,0,차대사람 - 차도통행중,안전운전불이행,젖음/습기,흐림,교차로 - 교차로안,승용,여,57세,상해없음,보행자,여,82세,중상
2023051800100501,2023년 5월 18일 18시,목요일,전라남도 목포시 산정동,경상사고,0,0,1,0,차대차 - 기타,직진우회전진행방해,건조,맑음,교차로 - 교차로안,승용,남,23세,상해없음,이륜,남,21세,경상
2023051800100502,2023년 5월 18일 18시,목요일,전라남도 여수시 학동,경상사고,0,0,3,0,차대차 - 측면충돌,안전거리미확보,젖음/습기,비,교차로 - 교차로안,승용,여,26세,기타불명,승용,남,27세,경상
2023051800100563,2023년 5월 18일 20시,목요일,전라남도 여수시 소라면,경상사고,0,0,1,0,차대차 - 추돌,안전운전불이행,젖음/습기,비,단일로 - 기타,화물,남,53세,경상,승용,남,64세,상해없음
2023051800100564,2023년 5월 18일 20시,목요일,전라남도 광양시 중동,경상사고,0,0,1,0,차대차 - 기타,교차로운행방법위반,젖음/습기,비,교차로 - 교차로안,승용,남,24세,상해없음,승용,남,68세,경상
2023051800100608,2023년 5월 18일 22시,목요일,전라남도 목포시 산정동,경상사고,0,0,1,0,차대차 - 기타,안전운전불이행,젖음/습기,비,교차로 - 교차로안,승용,남,28세,상해없음,이륜,남,48세,경상
2023051800100609,2023년 5월 18일 22시,목요일,전라남도 목포시 산정동,경상사고,0,0,5,0,차대차 - 기타,안전운전불이행,젖음/습기,비,교차로 - 교차로안,화물,남,52세,상해없음,화물,여,30세,경상
2023051900100125,2023년 5월 19일 08시,금요일,전라남도 목포시 산정동,중상사고,0,1,0,0,차대사람 - 기타,안전운전불이행,건조,맑음,교차로 - 교차로안,화물,남,53세,상해없음,보행자,남,73세,중상
2023051900100126,2023년 5월 19일 08시,금요일,전라남도 곡성군 옥과면,경상사고,0,0,1,0,차대차 - 측면충돌,안전운전불이행,건조,맑음,단일로 - 기타,승합,남,72세,상해없음,자전거,남,71세,경상
2023051900100167,2023년 5월 19일 09시,금요일,전라남도 여수시 충무동,경상사고,0,0,1,0,차대사람 - 차도통행중,안전운전불이행,건조,맑음,교차로 - 교차로안,승용,여,61세,상해없음,보행자,여,75세,경상
2023051900100254,2023년 5월 19일 11시,금요일,전라남도 목포시 용해동,경상사고,0,0,2,0,차대차 - 기타,신호위반,건조,맑음,교차로 - 교차로안,승용,여,45세,상해없음,승용,남,38세,경상
2023051900100255,2023년 5월 19일 11시,금요일,전라남도 장성군 남면,경상사고,0,0,1,0,차량단독 - 기타,안전운전불이행,건조,맑음,단일로 - 기타,이륜,남,62세,경상,,,,
2023051900100300,2023년 5월 19일 12시,금요일,전라남도 여수시 둔덕동,중상사고,0,1,2,0,차대차 - 추돌,안전운전불이행,건조,맑음,단일로 - 기타,화물,남,73세,상해없음,승용,남,49세,경상
2023051900100301,2023년 5월 19일 12시,금요일,전라남도 순천시 주암면,중상사고,0,2,0,0,차량단독 - 공작물충돌,안전운전불이행,건조,맑음,단일로 - 기타,화물,남,74세,중상,,,,
2023051900100302,2023년 5월 19일 12시,금요일,전라남도 진도군 진도읍,경상사고,0,0,1,0,차대차 - 기타,차로위반,건조,맑음,교차로 - 교차로부근,자전거,남,84세,경상,승용,남,46세,상해없음
2023051900100346,2023년 5월 19일 13시,금요일,전라남도 목포시 용해동,중상사고,0,1,1,0,차대사람 - 차도통행중,안전운전불이행,건조,맑음,교차로 - 교차로부근,승용,여,56세,기타불명,보행자,남,76세,경상
2023051900100347,2023년 5월 19일 13시,금요일,전라남도 화순군 춘양면,경상사고,0,0,1,1,차대차 - 측면충돌,안전운전불이행,건조,맑음,교차로 - 교차로부근,특수,남,28세,상해없음,사륜오토바이(ATV),남,85세,부상신고
2023051900100381,2023년 5월 19일 14시,금요일,전라남도 광양시 광양읍,경상사고,0,0,1,0,차대차 - 측면충돌,안전운전불이행,건조,맑음,교차로 - 교차로안,화물,남,46세,상해없음,승용,여,67세,경상
2023051900100414,2023년 5월 19일 15시,금요일,전라남도 신안군 압해읍,경상사고,0,0,2,0,차대차 - 기타,중앙선침범,건조,맑음,단일로 - 기타,승용,남,27세,상해없음,승용,여,61세,경상
2023051900100415,2023년 5월 19일 15시,금요일,전라남도 순천시 조례동,경상사고,0,0,2,0,차대차 - 기타,신호위반,건조,맑음,교차로 - 교차로안,승용,남,57세,상해없음,승용,남,67세,경상
2023051900100460,2023년 5월 19일 16시,금요일,전라남도 나주시 다시면,중상사고,0,1,0,0,차대차 - 측면충돌,직진우회전진행방해,건조,맑음,교차로 - 교차로안,이륜,남,85세,중상,승용,여,59세,상해없음
2023051900100461,2023년 5월 19일 16시,금요일,전라남도 장성군 장성읍,부상신고사고,0,0,0,1,차대사람 - 차도통행중,안전운전불이행,건조,맑음,교차로 - 교차로부근,자전거,남,14세,부상신고,보행자,남,7세,상해없음
2023051900100507,2023년 5월 19일 17시,금요일,전라남도 신안군 지도읍,경상사고,0,0,1,0,차대차 - 측면충돌,안전운전불이행,건조,맑음,단일로 - 기타,승용,남,40세,상해없음,화물,남,46세,경상
2023051900100508,2023년 5월 19일 17시,금요일,전라남도 여수시 학동,경상사고,0,0,1,0,차대사람 - 횡단중,보행자보호의무위반,건조,맑음,단일로 - 기타,승용,여,21세,상해없음,보행자,남,10세,경상
2023051900100509,2023년 5월 19일 17시,금요일,전라남도 여수시 덕충동,경상사고,0,0,1,0,차대차 - 측면충돌,안전거리미확보,건조,맑음,단일로 - 기타,승용,남,71세,상해없음,승용,남,40세,경상
2023051900100510,2023년 5월 19일 17시,금요일,전라남도 나주시 노안면,경상사고,0,0,2,0,차대차 - 측면충돌,안전운전불이행,건조,맑음,교차로 - 교차로안,승용,남,47세,상해없음,승용,남,24세,경상
2023051900100564,2023년 5월 19일 18시,금요일,전라남도 신안군 압해읍,경상사고,0,0,1,0,차대차 - 정면충돌,중앙선침범,건조,맑음,교차로 - 교차로부근,승용,여,39세,상해없음,승용,남,43세,경상
2023051900100565,2023년 5월 19일 18시,금요일,전라남도 신안군 압해읍,경상사고,0,0,1,0,차대차 - 측면충돌,중앙선침범,건조,맑음,단일로 - 기타,농기계,남,81세,상해없음,승용,남,37세,경상
2023051900100566,2023년 5월 19일 18시,금요일,전라남도 목포시 상동,경상사고,0,0,1,0,차대사람 - 차도통행중,안전운전불이행,건조,맑음,교차로 - 교차로부근,승용,남,49세,상해없음,보행자,여,58세,경상
2023051900100567,2023년 5월 19일 18시,금요일,전라남도 순천시 주암면,경상사고,0,0,1,0,차대차 - 측면충돌,안전운전불이행,건조,맑음,단일로 - 기타,화물,남,51세,상해없음,승용,남,46세,경상
2023051900100609,2023년 5월 19일 19시,금요일,전라남도 광양시 광양읍,중상사고,0,1,1,0,차대차 - 기타,신호위반,건조,맑음,교차로 - 교차로안,승용,여,64세,경상,승용,남,69세,중상
2023051900100644,2023년 5월 19일 20시,금요일,전라남도 목포시 온금동,중상사고,0,1,0,0,차대사람 - 횡단중,중앙선침범,건조,맑음,단일로 - 기타,승용,남,20세,상해없음,보행자,여,73세,중상
2023051900100645,2023년 5월 19일 20시,금요일,전라남도 여수시 소라면,경상사고,0,0,1,0,차대차 - 측면충돌,신호위반,건조,맑음,교차로 - 교차로안,화물,남,38세,상해없음,승용,남,44세,경상