사고번호,사고일시,요일,시군구,사고내용,사망자수,중상자수,경상자수,부상신고자수,사고유형,법규위반,노면상태,기상상태,도로형태,가해운전자 차종,가해운전자 성별,가해운전자 연령,가해운전자 상해정도,피해운전자 차종,피해운전자 성별,피해운전자 연령,피해운전자 상해정도
2023051900100646,2023년 5월 19일 20시,금요일,전라남도 나주시 금천면,중상사고,0,1,0,0,차대차 - 기타,안전운전불이행,건조,맑음,단일로 - 기타,기타불명,기타불명,미분류,기타불명,자전거,여,68세,중상
2023051900100671,2023년 5월 19일 21시,금요일,전라남도 여수시 오림동,중상사고,0,1,0,0,차대사람 - 횡단중,신호위반,건조,맑음,단일로 - 기타,화물,여,67세,상해없음,보행자,여,56세,중상
2023052000100008,2023년 5월 20일 00시,토요일,전라남도 영암군 삼호읍,중상사고,0,2,1,0,차대차 - 측면충돌,직진우회전진행방해,건조,맑음,교차로 - 교차로안,승용,남,25세,경상,승용,여,47세,중상
2023052000100078,2023년 5월 20일 07시,토요일,전라남도 여수시 여서동,부상신고사고,0,0,0,1,차대차 - 기타,기타,건조,맑음,단일로 - 기타,자전거,남,27세,부상신고,기타불명,기타불명,미분류,기타불명
2023052000100098,2023년 5월 20일 08시,토요일,전라남도 여수시 봉강동,경상사고,0,0,1,0,차대차 - 측면충돌,신호위반,건조,맑음,교차로 - 교차로안,승용,남,75세,상해없음,승용,남,79세,경상
2023052000100120,2023년 5월 20일 09시,토요일,전라남도 여수시 소라면,경상사고,0,0,1,0,차대차 - 추돌,안전거리미확보,건조,맑음,단일로 - 기타,승용,여,45세,기타불명,승용,여,57세,경상
2023052000100164,2023년 5월 20일 10시,토요일,전라남도 목포시 옥암동,사망사고,1,0,1,0,차대차 - 기타,안전운전불이행,건조,맑음,교차로 - 교차로부근,승용,여,74세,사망,승용,남,56세,경상
2023052000100204,2023년 5월 20일 11시,토요일,전라남도 여수시 둔덕동,경상사고,0,0,1,0,차대차 - 측면충돌,교차로운행방법위반,건조,맑음,교차로 - 교차로안,승합,남,54세,상해없음,승용,여,57세,경상
2023052000100252,2023년 5월 20일 12시,토요일,전라남도 곡성군 곡성읍,경상사고,0,0,3,0,차대차 - 기타,안전운전불이행,건조,맑음,교차로 - 교차로안,승용,여,29세,상해없음,승용,여,35세,경상
2023052000100253,2023년 5월 20일 12시,토요일,전라남도 광양시 광양읍,경상사고,0,0,1,0,차대차 - 측면충돌,직진우회전진행방해,건조,맑음,교차로 - 교차로안,승용,여,62세,상해없음,사륜오토바이(ATV),여,69세,경상
2023052000100303,2023년 5월 20일 13시,토요일,전라남도 구례군 구례읍,중상사고,0,1,0,0,차대차 - 추돌,안전운전불이행,건조,맑음,단일로 - 기타,화물,남,62세,상해없음,이륜,남,79세,중상
2023052000100393,2023년 5월 20일 15시,토요일,전라남도 순천시 풍덕동,경상사고,0,0,1,0,차대차 - 측면충돌,교차로운행방법위반,건조,맑음,교차로 - 교차로안,승용,남,73세,상해없음,자전거,여,22세,경상
2023052000100394,2023년 5월 20일 15시,토요일,전라남도 순천시 석현동,경상사고,0,0,1,0,차대차 - 기타,안전운전불이행,건조,맑음,단일로 - 기타,승용,여,22세,상해없음,이륜,남,29세,경상
2023052000100395,2023년 5월 20일 15시,토요일,전라남도 화순군 화순읍,중상사고,0,1,0,0,차대차 - 측면충돌,안전운전불이행,건조,맑음,교차로 - 교차로부근,이륜,여,17세,중상,화물,남,41세,상해없음
2023052000100471,2023년 5월 20일 17시,토요일,전라남도 화순군 이양면,사망사고,1,0,0,0,차대사람 - 횡단중,안전운전불이행,건조,맑음,교차로 - 교차로안,승용,남,50세,상해없음,보행자,남,90세,사망
2023052000100472,2023년 5월 20일 17시,토요일,전라남도 강진군 강진읍,경상사고,0,0,1,0,차대차 - 측면충돌,안전운전불이행,건조,맑음,단일로 - 기타,승용,남,82세,상해없음,승용,남,66세,경상
2023052000100494,2023년 5월 20일 18시,토요일,전라남도 화순군 화순읍,경상사고,0,0,1,0,차대차 - 측면충돌,교차로운행방법위반,건조,맑음,교차로 - 교차로안,이륜,남,24세,경상,승용,남,49세,상해없음
2023052000100495,2023년 5월 20일 18시,토요일,전라남도 곡성군 곡성읍,경상사고,0,0,1,0,차대차 - 기타,안전운전불이행,건조,맑음,교차로 - 교차로안,승용,남,59세,상해없음,승용,남,31세,경상
2023052000100559,2023년 5월 20일 20시,토요일,전라남도 여수시 여서동,중상사고,0,1,0,0,차대사람 - 기타,안전운전불이행,건조,맑음,단일로 - 기타,승용,남,60세,상해없음,보행자,남,61세,중상
2023052000100591,2023년 5월 20일 21시,토요일,전라남도 강진군 강진읍,중상사고,0,1,4,0,차대차 - 측면충돌,직진우회전진행방해,건조,맑음,교차로 - 교차로안,승용,남,53세,경상,승용,여,35세,경상
2023052000100626,2023년 5월 20일 23시,토요일,전라남도 강진군 강진읍,부상신고사고,0,0,0,1,차량단독 - 전도전복 - 전도,안전운전불이행,건조,맑음,교차로 - 교차로안,자전거,남,50세,부상신고,,,,
2023052100100019,2023년 5월 21일 01시,일요일,전라남도 여수시 봉산동,중상사고,0,1,0,0,차대차 - 추돌,안전운전불이행,건조,맑음,기타 - 기타,이륜,남,22세,기타불명,이륜,남,25세,중상
2023052100100040,2023년 5월 21일 04시,일요일,전라남도 광양시 중동,경상사고,0,0,1,0,차대사람 - 기타,안전운전불이행,건조,맑음,기타 - 기타,승용,남,22세,상해없음,보행자,여,23세,경상
2023052100100053,2023년 5월 21일 07시,일요일,전라남도 완도군 신지면,경상사고,0,0,1,0,차대차 - 기타,직진우회전진행방해,건조,맑음,교차로 - 교차로안,승용,여,52세,상해없음,자전거,남,44세,경상
2023052100100061,2023년 5월 21일 08시,일요일,전라남도 순천시 연향동,경상사고,0,0,1,0,차대차 - 기타,안전운전불이행,건조,맑음,교차로 - 교차로안,개인형이동수단(PM),여,15세,경상,화물,남,57세,상해없음
2023052100100098,2023년 5월 21일 10시,일요일,전라남도 광양시 광양읍,경상사고,0,0,1,0,차대사람 - 횡단중,보행자보호의무위반,건조,맑음,교차로 - 교차로횡단보도내,승용,남,64세,상해없음,보행자,남,65세,경상
2023052100100119,2023년 5월 21일 11시,일요일,전라남도 광양시 광양읍,경상사고,0,0,1,0,차대차 - 측면충돌,안전운전불이행,건조,맑음,기타 - 기타,승용,남,23세,상해없음,이륜,남,35세,경상
2023052100100152,2023년 5월 21일 12시,일요일,전라남도 여수시 소호동,중상사고,0,1,1,0,차대차 - 측면충돌,신호위반,건조,맑음,교차로 - 교차로안,승용,여,49세,상해없음,승용,남,62세,경상
2023052100100153,2023년 5월 21일 12시,일요일,전라남도 영암군 영암읍,경상사고,0,0,1,0,차대차 - 추돌,안전운전불이행,건조,맑음,단일로 - 기타,승용,남,46세,상해없음,승용,남,51세,경상
2023052100100184,2023년 5월 21일 13시,일요일,전라남도 나주시 산포면,경상사고,0,0,4,0,차대차 - 측면충돌,신호위반,건조,맑음,교차로 - 교차로안,승용,남,69세,경상,승용,남,27세,경상
2023052100100185,2023년 5월 21일 13시,일요일,전라남도 장흥군 장흥읍,중상사고,0,1,4,0,차대차 - 기타,기타,건조,맑음,교차로 - 교차로안,승용,남,58세,경상,승용,여,60세,경상
2023052100100242,2023년 5월 21일 15시,일요일,전라남도 나주시 동강면,경상사고,0,0,2,0,차대차 - 측면충돌,안전운전불이행,건조,맑음,교차로 - 교차로안,승용,남,45세,상해없음,승용,남,62세,경상
2023052100100243,2023년 5월 21일 15시,일요일,전라남도 영암군 삼호읍,경상사고,0,0,3,0,차대차 - 측면충돌,신호위반,건조,맑음,교차로 - 교차로안,원동기,남,34세,경상,승용,남,29세,경상
2023052100100283,2023년 5월 21일 16시,일요일,전라남도 여수시 여서동,경상사고,0,0,5,0,차대차 - 추돌,안전운전불이행,건조,맑음,교차로 - 교차로부근,승용,남,66세,상해없음,승용,여,41세,경상
2023052100100285,2023년 5월 21일 16시,일요일,전라남도 장흥군 장동면,부상신고사고,0,0,0,1,차량단독 - 전도전복 - 전도,안전운전불이행,건조,맑음,단일로 - 기타,농기계,남,75세,부상신고,,,,
2023052100100343,2023년 5월 21일 18시,일요일,전라남도 화순군 화순읍,경상사고,0,0,3,0,차대차 - 후진중충돌,안전운전불이행,건조,맑음,주차장 - 주차장,승합,남,71세,상해없음,승용,여,36세,경상
2023052100100389,2023년 5월 21일 20시,일요일,전라남도 화순군 화순읍,경상사고,0,0,1,0,차대차 - 측면충돌,안전운전불이행,건조,맑음,단일로 - 기타,승합,남,53세,상해없음,승용,여,35세,경상
2023052100100425,2023년 5월 21일 21시,일요일,전라남도 여수시 선원동,경상사고,0,0,1,0,차대사람 - 차도통행중,안전운전불이행,건조,맑음,단일로 - 기타,승용,남,64세,상해없음,보행자,남,37세,경상
2023052100100426,2023년 5월 21일 21시,일요일,전라남도 광양시 옥룡면,중상사고,0,2,2,0,차대차 - 정면충돌,중앙선침범,건조,맑음,단일로 - 기타,화물,남,44세,중상,승용,여,35세,중상
2023052100100461,2023년 5월 21일 23시,일요일,전라남도 여수시 종화동,부상신고사고,0,0,0,1,차대차 - 기타,중앙선침범,건조,맑음,단일로 - 기타,승용,남,62세,상해없음,개인형이동수단(PM),남,53세,부상신고
2023052200100031,2023년 5월 22일 06시,월요일,전라남도 장흥군 장동면,경상사고,0,0,1,0,차량단독 - 공작물충돌,안전운전불이행,건조,맑음,단일로 - 기타,승용,남,50세,경상,,,,
2023052200100047,2023년 5월 22일 07시,월요일,전라남도 화순군 화순읍,중상사고,0,1,0,0,차대차 - 측면충돌,안전운전불이행,건조,맑음,교차로 - 교차로안,화물,남,65세,상해없음,자전거,남,72세,중상
2023052200100048,2023년 5월 22일 07시,월요일,전라남도 강진군 강진읍,중상사고,0,1,0,0,차대사람 - 차도통행중,안전운전불이행,건조,맑음,단일로 - 기타,화물,남,74세,상해없음,보행자,여,81세,중상
2023052200100049,2023년 5월 22일 07시,월요일,전라남도 나주시 문평면,경상사고,0,0,1,0,차량단독 - 공작물충돌,안전거리미확보,젖음/습기,맑음,단일로 - 기타,승용,여,31세,경상,,,,
2023052200100084,2023년 5월 22일 08시,월요일,전라남도 목포시 용해동,경상사고,0,0,1,0,차대차 - 추돌,안전운전불이행,건조,맑음,단일로 - 기타,승합,남,71세,상해없음,승용,여,52세,경상
2023052200100085,2023년 5월 22일 08시,월요일,전라남도 목포시 석현동,경상사고,0,0,2,0,차대차 - 기타,안전운전불이행,건조,맑음,단일로 - 기타,승용,여,41세,상해없음,승합,남,51세,경상
2023052200100086,2023년 5월 22일 08시,월요일,전라남도 나주시 봉황면,중상사고,0,1,0,0,차대차 - 측면충돌,안전운전불이행,건조,맑음,교차로 - 교차로안,사륜오토바이(ATV),남,78세,중상,승용,여,41세,상해없음
2023052200100156,2023년 5월 22일 10시,월요일,전라남도 보성군 벌교읍,경상사고,0,0,1,0,차대사람 - 기타,안전운전불이행,건조,맑음,단일로 - 기타,승용,여,47세,상해없음,보행자,남,71세,경상
2023052200100214,2023년 5월 22일 12시,월요일,전라남도 장성군 황룡면,경상사고,0,0,1,0,차대차 - 측면충돌,안전운전불이행,건조,맑음,단일로 - 기타,건설기계,남,69세,기타불명,화물,여,52세,경상
2023052200100215,2023년 5월 22일 12시,월요일,전라남도 무안군 해제면,중상사고,0,1,3,0,차대차 - 정면충돌,중앙선침범,젖음/습기,비,단일로 - 기타,화물,남,66세,상해없음,승용,남,71세,경상
2023052200100287,2023년 5월 22일 14시,월요일,전라남도 여수시 소라면,부상신고사고,0,0,0,1,차대차 - 측면충돌,안전운전불이행,건조,맑음,교차로 - 교차로부근,이륜,남,63세,부상신고,화물,남,43세,상해없음
2023052200100288,2023년 5월 22일 14시,월요일,전라남도 보성군 회천면,경상사고,0,0,3,0,차대차 - 측면충돌,중앙선침범,건조,맑음,단일로 - 기타,화물,남,61세,상해없음,승용,남,63세,경상
2023052200100289,2023년 5월 22일 14시,월요일,전라남도 함평군 함평읍,경상사고,0,0,1,0,차대사람 - 기타,안전운전불이행,건조,맑음,주차장 - 주차장,승용,남,77세,상해없음,보행자,여,59세,경상
2023052200100335,2023년 5월 22일 15시,월요일,전라남도 순천시 연향동,경상사고,0,0,2,0,차대차 - 기타,안전거리미확보,건조,맑음,단일로 - 기타,승용,남,56세,상해없음,승용,여,33세,경상
2023052200100374,2023년 5월 22일 16시,월요일,전라남도 순천시 동외동,경상사고,0,0,1,0,차대차 - 기타,기타,건조,맑음,단일로 - 기타,화물,남,61세,상해없음,승용,여,61세,경상
2023052200100375,2023년 5월 22일 16시,월요일,전라남도 해남군 계곡면,중상사고,0,2,2,0,차대차 - 추돌,안전운전불이행,건조,맑음,단일로 - 기타,화물,남,57세,경상,화물,남,44세,기타불명
2023052200100376,2023년 5월 22일 16시,월요일,전라남도 해남군 마산면,경상사고,0,0,1,0,차대차 - 측면충돌,안전운전불이행,건조,맑음,단일로 - 기타,화물,남,65세,상해없음,화물,남,60세,경상
2023052200100377,2023년 5월 22일 16시,월요일,전라남도 장성군 진원면,경상사고,0,0,1,0,차대차 - 후진중충돌,안전운전불이행,건조,맑음,교차로 - 교차로부근,승용,여,58세,상해없음,승용,남,52세,경상
2023052200100423,2023년 5월 22일 17시,월요일,전라남도 함평군 나산면,부상신고사고,0,0,0,1,차량단독 - 공작물충돌,안전운전불이행,건조,맑음,단일로 - 기타,이륜,남,24세,부상신고,,,,
2023052200100424,2023년 5월 22일 17시,월요일,전라남도 무안군 삼향읍,중상사고,0,1,0,0,차대사람 - 횡단중,안전운전불이행,건조,맑음,교차로 - 교차로횡단보도내,승용,남,39세,상해없음,보행자,남,44세,중상
2023052200100468,2023년 5월 22일 18시,월요일,전라남도 화순군 화순읍,경상사고,0,0,1,0,차대차 - 기타,기타,건조,맑음,기타 - 기타,승용,남,23세,기타불명,자전거,남,13세,경상
2023052200100469,2023년 5월 22일 18시,월요일,전라남도 곡성군 오산면,경상사고,0,0,1,0,차대차 - 기타,안전운전불이행,건조,맑음,교차로 - 교차로안,승용,남,64세,상해없음,승용,남,42세,경상
2023052200100507,2023년 5월 22일 19시,월요일,전라남도 장흥군 안양면,경상사고,0,0,1,0,차대차 - 기타,기타,건조,맑음,교차로 - 교차로안,이륜,남,22세,상해없음,승용,여,55세,상해없음
2023052200100538,2023년 5월 22일 20시,월요일,전라남도 보성군 벌교읍,경상사고,0,0,4,0,차대차 - 측면충돌,신호위반,건조,맑음,교차로 - 교차로안,승용,남,38세,경상,화물,남,59세,경상
2023052200100565,2023년 5월 22일 21시,월요일,전라남도 목포시 산정동,경상사고,0,0,1,0,차대차 - 기타,안전운전불이행,건조,맑음,단일로 - 기타,기타불명,기타불명,미분류,기타불명,승용,여,45세,상해없음
2023052200100593,2023년 5월 22일 22시,월요일,전라남도 여수시 둔덕동,경상사고,0,0,6,0,차대차 - 추돌,안전운전불이행,건조,맑음,교차로 - 교차로부근,승용,남,56세,경상,승용,여,48세,경상
2023052200100594,2023년 5월 22일 22시,월요일,전라남도 순천시 조례동,경상사고,0,0,2,0,차대사람 - 차도통행중,안전운전불이행,건조,맑음,단일로 - 기타,이륜,남,22세,기타불명,보행자,여,26세,경상
2023052300100052,2023년 5월 23일 07시,화요일,전라남도 완도군 군외면,사망사고,1,0,0,0,차량단독 - 기타,안전운전불이행,건조,맑음,교차로 - 교차로안,농기계,남,87세,사망,,,,
2023052300100094,2023년 5월 23일 08시,화요일,전라남도 나주시 다시면,사망사고,1,0,0,0,차대사람 - 기타,안전운전불이행,건조,맑음,교차로 - 교차로안,승합,여,59세,상해없음,보행자,남,89세,사망
2023052300100095,2023년 5월 23일 08시,화요일,전라남도 나주시 금천면,중상사고,0,3,2,0,차대차 - 추돌,안전운전불이행,건조,맑음,기타 - 기타,승용,남,49세,경상,화물,남,50세,중상
2023052300100149,2023년 5월 23일 09시,화요일,전라남도 신안군 하의면,경상사고,0,0,1,0,차대차 - 측면충돌,안전운전불이행,건조,맑음,교차로 - 교차로부근,화물,남,47세,상해없음,농기계,남,67세,경상
2023052300100150,2023년 5월 23일 09시,화요일,전라남도 여수시 미평동,경상사고,0,0,1,0,차대차 - 기타,신호위반,건조,맑음,교차로 - 교차로안,승용,여,45세,상해없음,이륜,남,71세,경상
2023052300100151,2023년 5월 23일 09시,화요일,전라남도 여수시 교동,경상사고,0,0,1,0,차대사람 - 차도통행중,안전운전불이행,건조,맑음,교차로 - 교차로안,승용,여,66세,상해없음,보행자,여,63세,경상
2023052300100152,2023년 5월 23일 09시,화요일,전라남도 화순군 화순읍,중상사고,0,1,0,0,차대차 - 정면충돌,기타,건조,맑음,단일로 - 기타,승용,여,65세,상해없음,자전거,남,73세,중상
2023052300100153,2023년 5월 23일 09시,화요일,전라남도 영암군 삼호읍,중상사고,0,1,1,0,차대차 - 측면충돌,신호위반,건조,맑음,교차로 - 교차로안,화물,여,69세,중상,승용,남,19세,경상
2023052300100194,2023년 5월 23일 10시,화요일,전라남도 순천시 조례동,경상사고,0,0,1,0,차대차 - 기타,안전운전불이행,건조,맑음,단일로 - 기타,승용,남,60세,기타불명,승용,여,42세,경상
2023052300100195,2023년 5월 23일 10시,화요일,전라남도 장흥군 회진면,중상사고,0,1,0,0,차대사람 - 차도통행중,교차로운행방법위반,건조,맑음,교차로 - 교차로부근,화물,남,63세,상해없음,보행자,여,85세,중상
2023052300100234,2023년 5월 23일 11시,화요일,전라남도 여수시 신기동,경상사고,0,0,1,0,차대차 - 측면충돌,중앙선침범,건조,맑음,단일로 - 기타,승용,여,70세,상해없음,승용,남,38세,경상
2023052300100235,2023년 5월 23일 11시,화요일,전라남도 광양시 황길동,경상사고,0,0,1,0,차대차 - 측면충돌,교차로운행방법위반,건조,맑음,교차로 - 교차로안,특수,남,62세,상해없음,승용,남,46세,경상
2023052300100263,2023년 5월 23일 12시,화요일,전라남도 목포시 상동,경상사고,0,0,1,0,차대차 - 측면충돌,교차로운행방법위반,건조,맑음,교차로 - 교차로안,승용,여,74세,상해없음,이륜,남,21세,경상
2023052300100264,2023년 5월 23일 12시,화요일,전라남도 순천시 매곡동,경상사고,0,0,1,0,차대사람 - 횡단중,안전운전불이행,건조,맑음,단일로 - 기타,이륜,남,30세,상해없음,보행자,남,45세,경상
2023052300100265,2023년 5월 23일 12시,화요일,전라남도 영암군 군서면,경상사고,0,0,2,0,차대차 - 측면충돌,안전운전불이행,건조,맑음,교차로 - 교차로안,승용,여,70세,경상,화물,남,70세,경상
2023052300100266,2023년 5월 23일 12시,화요일,전라남도 광양시 중동,중상사고,0,1,0,0,차대차 - 기타,안전거리미확보,건조,맑음,교차로 - 교차로안,이륜,남,28세,중상,승용,남,20세,상해없음
2023052300100385,2023년 5월 23일 15시,화요일,전라남도 순천시 동외동,경상사고,0,0,1,0,차대차 - 기타,안전운전불이행,건조,맑음,교차로 - 교차로부근,승합,남,55세,상해없음,자전거,여,50세,경상
2023052300100430,2023년 5월 23일 16시,화요일,전라남도 장흥군 장흥읍,경상사고,0,0,3,0,차대차 - 추돌,안전운전불이행,건조,맑음,단일로 - 기타,이륜,남,60세,상해없음,승용,남,33세,경상
2023052300100484,2023년 5월 23일 17시,화요일,전라남도 해남군 송지면,중상사고,0,1,0,0,차대차 - 측면충돌,안전운전불이행,건조,맑음,교차로 - 교차로안,승용,남,74세,기타불명,승용,여,68세,중상
2023052300100537,2023년 5월 23일 18시,화요일,전라남도 목포시 상동,경상사고,0,0,1,0,차대차 - 후진중충돌,안전운전불이행,건조,맑음,교차로 - 교차로부근,승용,남,51세,상해없음,승용,여,23세,경상
2023052400100025,2023년 5월 24일 03시,수요일,전라남도 여수시 소호동,중상사고,0,1,0,0,차량단독 - 기타,안전운전불이행,건조,맑음,교차로 - 교차로안,원동기,남,14세,기타불명,,,,
2023052400100052,2023년 5월 24일 06시,수요일,전라남도 여수시 해산동,경상사고,0,0,1,0,차대차 - 기타,안전운전불이행,건조,맑음,단일로 - 기타,승용,남,54세,상해없음,자전거,남,57세,경상
2023052400100053,2023년 5월 24일 06시,수요일,전라남도 고흥군 도화면,경상사고,0,0,2,0,차대차 - 기타,안전운전불이행,건조,맑음,교차로 - 교차로안,화물,여,51세,상해없음,화물,남,82세,경상
2023052400100075,2023년 5월 24일 07시,수요일,전라남도 목포시 연산동,경상사고,0,0,1,0,차대차 - 기타,안전운전불이행,건조,맑음,교차로 - 교차로부근,화물,여,46세,상해없음,승용,남,64세,상해없음
2023052400100119,2023년 5월 24일 08시,수요일,전라남도 목포시 연산동,경상사고,0,0,2,0,차대차 - 기타,안전운전불이행,건조,맑음,단일로 - 고가도로위,화물,남,46세,기타불명,승용,남,53세,경상
2023052400100120,2023년 5월 24일 08시,수요일,전라남도 목포시 산정동,경상사고,0,0,2,0,차대차 - 추돌,안전운전불이행,건조,맑음,교차로 - 교차로안,승합,남,53세,기타불명,승용,남,48세,경상
2023052400100121,2023년 5월 24일 08시,수요일,전라남도 강진군 병영면,경상사고,0,0,1,0,차량단독 - 도로외이탈 - 추락,안전운전불이행,젖음/습기,맑음,단일로 - 기타,농기계,남,78세,경상,,,,
2023052400100122,2023년 5월 24일 08시,수요일,전라남도 광양시 광양읍,경상사고,0,0,1,0,차대차 - 기타,신호위반,건조,맑음,교차로 - 교차로안,화물,남,57세,상해없음,건설기계,남,59세,경상
2023052400100167,2023년 5월 24일 09시,수요일,전라남도 목포시 남교동,경상사고,0,0,1,0,차대차 - 측면충돌,교차로운행방법위반,건조,기타,교차로 - 교차로안,화물,남,30세,상해없음,승용,여,58세,경상
2023052400100168,2023년 5월 24일 09시,수요일,전라남도 순천시 조례동,중상사고,0,1,0,0,차대사람 - 횡단중,안전운전불이행,건조,맑음,교차로 - 교차로안,승용,여,29세,상해없음,보행자,여,56세,중상
2023052400100169,2023년 5월 24일 09시,수요일,전라남도 장성군 황룡면,경상사고,0,0,1,0,차대차 - 기타,안전운전불이행,건조,맑음,단일로 - 기타,승용,남,63세,상해없음,자전거,여,34세,경상
2023052400100170,2023년 5월 24일 09시,수요일,전라남도 무안군 삼향읍,경상사고,0,0,2,0,차대차 - 측면충돌,차로위반,건조,맑음,단일로 - 기타,승용,남,67세,상해없음,승용,여,50세,경상
2023052400100286,2023년 5월 24일 13시,수요일,전라남도 목포시 산정동,경상사고,0,0,2,0,차대차 - 측면충돌,안전운전불이행,건조,맑음,단일로 - 기타,화물,남,68세,상해없음,승용,남,37세,상해없음
2023052400100287,2023년 5월 24일 13시,수요일,전라남도 화순군 춘양면,중상사고,0,1,0,0,차대차 - 측면충돌,직진우회전진행방해,건조,맑음,교차로 - 교차로안,화물,남,62세,상해없음,자전거,여,75세,중상
2023052400100288,2023년 5월 24일 13시,수요일,전라남도 광양시 광양읍,경상사고,0,0,1,0,차대차 - 추돌,안전거리미확보,건조,맑음,교차로 - 교차로부근,승용,남,36세,상해없음,승용,여,68세,경상
2023052400100320,2023년 5월 24일 14시,수요일,전라남도 구례군 구례읍,중상사고,0,1,0,0,차대차 - 정면충돌,안전운전불이행,건조,맑음,단일로 - 기타,승용,남,38세,상해없음,이륜,남,77세,중상
2023052400100355,2023년 5월 24일 15시,수요일,전라남도 강진군 강진읍,경상사고,0,0,1,0,차대사람 - 횡단중,보행자보호의무위반,건조,맑음,교차로 - 교차로횡단보도내,승용,남,68세,상해없음,보행자,여,7세,경상
2023052400100394,2023년 5월 24일 16시,수요일,전라남도 고흥군 고흥읍,경상사고,0,0,1,0,차대차 - 기타,안전운전불이행,건조,맑음,단일로 - 기타,승용,남,57세,상해없음,자전거,여,56세,경상
2023052400100395,2023년 5월 24일 16시,수요일,전라남도 담양군 봉산면,경상사고,0,0,1,0,차대차 - 측면충돌,안전운전불이행,건조,맑음,교차로 - 교차로안,승용,여,28세,상해없음,승용,여,57세,경상
2023052400100440,2023년 5월 24일 17시,수요일,전라남도 강진군 도암면,경상사고,0,0,1,0,차량단독 - 전도전복 - 전도,안전운전불이행,건조,맑음,단일로 - 기타,농기계,남,76세,경상,,,,
2023052400100487,2023년 5월 24일 18시,수요일,전라남도 여수시 봉산동,중상사고,0,1,0,0,차대차 - 측면충돌,중앙선침범,건조,맑음,교차로 - 교차로안,화물,남,61세,상해없음,승용,남,45세,중상
2023052400100488,2023년 5월 24일 18시,수요일,전라남도 나주시 금천면,경상사고,0,0,1,0,차대차 - 추돌,안전운전불이행,건조,맑음,단일로 - 기타,승용,남,53세,상해없음,승용,여,36세,경상
2023052400100558,2023년 5월 24일 21시,수요일,전라남도 무안군 삼향읍,중상사고,0,1,0,0,차대차 - 기타,안전운전불이행,건조,맑음,교차로 - 교차로안,승용,여,56세,상해없음,자전거,남,59세,중상
2023052500100046,2023년 5월 25일 06시,목요일,전라남도 영암군 삼호읍,경상사고,0,0,2,0,차대차 - 측면충돌,신호위반,건조,맑음,교차로 - 교차로안,승용,남,27세,경상,승용,남,47세,경상
2023052500100047,2023년 5월 25일 06시,목요일,전라남도 담양군 담양읍,중상사고,0,1,0,0,차대차 - 측면충돌,안전운전불이행,건조,맑음,단일로 - 기타,이륜,남,78세,중상,승용,남,40세,상해없음
2023052500100065,2023년 5월 25일 07시,목요일,전라남도 함평군 엄다면,경상사고,0,0,1,0,차대차 - 기타,안전운전불이행,건조,맑음,기타 - 기타,승용,남,19세,상해없음,화물,남,44세,경상
2023052500100102,2023년 5월 25일 08시,목요일,전라남도 여수시 화장동,경상사고,0,0,1,0,차대차 - 측면충돌,신호위반,건조,맑음,교차로 - 교차로안,승합,남,50세,상해없음,승용,여,55세,경상
2023052500100103,2023년 5월 25일 08시,목요일,전라남도 장성군 장성읍,경상사고,0,0,3,0,차대차 - 추돌,안전운전불이행,건조,맑음,단일로 - 기타,화물,남,51세,상해없음,승용,여,45세,상해없음
2023052500100104,2023년 5월 25일 08시,목요일,전라남도 광양시 중동,경상사고,0,0,1,0,차대차 - 측면충돌,교차로운행방법위반,건조,맑음,교차로 - 교차로안,화물,남,55세,상해없음,승용,남,62세,경상
2023052500100143,2023년 5월 25일 09시,목요일,전라남도 목포시 석현동,부상신고사고,0,0,0,1,차대차 - 측면충돌,안전운전불이행,건조,맑음,단일로 - 기타,이륜,남,17세,부상신고,승합,남,52세,상해없음
2023052500100145,2023년 5월 25일 09시,목요일,전라남도 순천시 주암면,중상사고,0,1,0,0,차대사람 - 횡단중,안전운전불이행,건조,맑음,교차로 - 교차로안,화물,남,58세,상해없음,보행자,여,57세,중상
2023052500100146,2023년 5월 25일 09시,목요일,전라남도 고흥군 고흥읍,경상사고,0,0,1,0,차대차 - 기타,안전운전불이행,건조,맑음,기타 - 기타,승용,남,63세,상해없음,승용,남,53세,상해없음
2023052500100147,2023년 5월 25일 09시,목요일,전라남도 해남군 옥천면,경상사고,0,0,2,0,차대차 - 추돌,안전운전불이행,건조,맑음,단일로 - 기타,화물,남,63세,기타불명,화물,남,45세,경상
2023052500100184,2023년 5월 25일 10시,목요일,전라남도 무안군 삼향읍,사망사고,1,0,3,0,차대차 - 추돌,안전운전불이행,젖음/습기,맑음,단일로 - 고가도로위,화물,남,45세,기타불명,건설기계,남,45세,경상
2023052500100211,2023년 5월 25일 11시,목요일,전라남도 고흥군 두원면,사망사고,1,0,0,0,차대사람 - 기타,안전운전불이행,건조,맑음,단일로 - 기타,화물,남,74세,상해없음,보행자,여,72세,사망
2023052500100307,2023년 5월 25일 14시,목요일,전라남도 여수시 학동,경상사고,0,0,1,0,차대차 - 측면충돌,안전운전불이행,건조,맑음,교차로 - 교차로안,승용,남,47세,상해없음,승용,여,24세,경상
2023052500100308,2023년 5월 25일 14시,목요일,전라남도 광양시 중동,경상사고,0,0,1,0,차대차 - 측면충돌,중앙선침범,건조,맑음,교차로 - 교차로부근,승용,여,58세,상해없음,승용,남,48세,경상