사고번호,사고일시,요일,시군구,사고내용,사망자수,중상자수,경상자수,부상신고자수,사고유형,법규위반,노면상태,기상상태,도로형태,가해운전자 차종,가해운전자 성별,가해운전자 연령,가해운전자 상해정도,피해운전자 차종,피해운전자 성별,피해운전자 연령,피해운전자 상해정도
2023053100100093,2023년 5월 31일 08시,수요일,전라남도 강진군 성전면,중상사고,0,1,1,0,차대차 - 추돌,안전거리미확보,건조,맑음,단일로 - 기타,승용,남,53세,경상,승용,남,63세,중상
2023053100100129,2023년 5월 31일 09시,수요일,전라남도 화순군 동면,경상사고,0,0,1,0,차량단독 - 공작물충돌,안전운전불이행,건조,맑음,단일로 - 기타,사륜오토바이(ATV),남,74세,경상,,,,
2023053100100130,2023년 5월 31일 09시,수요일,전라남도 광양시 광양읍,중상사고,0,1,0,0,차대차 - 측면충돌,안전운전불이행,건조,맑음,교차로 - 교차로부근,자전거,남,83세,중상,화물,남,51세,상해없음
2023053100100161,2023년 5월 31일 10시,수요일,전라남도 여수시 연등동,사망사고,1,1,0,0,차대차 - 측면충돌,교차로운행방법위반,건조,맑음,교차로 - 교차로안,승용,여,26세,상해없음,이륜,남,77세,사망
2023053100100162,2023년 5월 31일 10시,수요일,전라남도 순천시 해룡면,경상사고,0,0,1,0,차대차 - 기타,안전운전불이행,건조,맑음,기타 - 기타,승용,남,69세,상해없음,승용,여,33세,경상
2023053100100164,2023년 5월 31일 10시,수요일,전라남도 광양시 중동,경상사고,0,0,1,0,차대차 - 후진중충돌,안전운전불이행,건조,맑음,단일로 - 기타,건설기계,남,52세,상해없음,특수,남,47세,경상
2023053100100185,2023년 5월 31일 11시,수요일,전라남도 목포시 산정동,사망사고,1,0,0,0,차대차 - 측면충돌,안전운전불이행,건조,맑음,단일로 - 기타,자전거,남,80세,사망,특수,남,30세,상해없음
2023053100100186,2023년 5월 31일 11시,수요일,전라남도 순천시 생목동,경상사고,0,0,1,0,차대차 - 측면충돌,안전운전불이행,건조,맑음,교차로 - 교차로안,승용,남,75세,상해없음,승용,남,68세,경상
2023053100100187,2023년 5월 31일 11시,수요일,전라남도 영광군 영광읍,부상신고사고,0,0,0,1,차대사람 - 차도통행중,안전운전불이행,건조,맑음,단일로 - 기타,승용,여,38세,상해없음,보행자,여,64세,부상신고
2023053100100214,2023년 5월 31일 12시,수요일,전라남도 장흥군 장흥읍,중상사고,0,1,1,0,차대차 - 추돌,안전거리미확보,건조,맑음,단일로 - 기타,화물,남,79세,상해없음,승용,남,53세,중상
2023053100100250,2023년 5월 31일 13시,수요일,전라남도 목포시 산정동,경상사고,0,0,2,0,차대차 - 측면충돌,신호위반,건조,맑음,교차로 - 교차로안,승용,남,68세,상해없음,승용,남,40세,경상
2023053100100251,2023년 5월 31일 13시,수요일,전라남도 해남군 해남읍,중상사고,0,2,0,0,차대차 - 측면충돌,안전운전불이행,건조,맑음,교차로 - 교차로안,화물,남,53세,상해없음,화물,남,81세,중상
2023053100100330,2023년 5월 31일 15시,수요일,전라남도 해남군 해남읍,중상사고,0,2,0,0,차대차 - 측면충돌,기타,건조,맑음,교차로 - 교차로안,화물,남,76세,중상,농기계,남,50세,중상
2023053100100331,2023년 5월 31일 15시,수요일,전라남도 강진군 군동면,경상사고,0,0,1,0,차대차 - 측면충돌,직진우회전진행방해,건조,맑음,교차로 - 교차로안,승용,여,73세,상해없음,승용,여,63세,경상
2023053100100373,2023년 5월 31일 16시,수요일,전라남도 순천시 해룡면,경상사고,0,0,1,0,차대차 - 기타,안전운전불이행,건조,기타,기타 - 기타,승용,남,64세,기타불명,화물,남,38세,경상
2023053100100417,2023년 5월 31일 17시,수요일,전라남도 목포시 용당동,중상사고,0,1,0,0,차대사람 - 기타,안전운전불이행,건조,맑음,교차로 - 교차로부근,화물,남,70세,상해없음,보행자,여,36세,중상
2023053100100418,2023년 5월 31일 17시,수요일,전라남도 여수시 소라면,중상사고,0,1,0,0,차대차 - 추돌,안전운전불이행,건조,맑음,단일로 - 기타,승용,남,21세,기타불명,농기계,남,81세,중상
2023053100100419,2023년 5월 31일 17시,수요일,전라남도 영암군 삼호읍,경상사고,0,0,2,0,차대차 - 추돌,안전운전불이행,건조,맑음,교차로 - 교차로부근,승용,남,41세,상해없음,승용,남,45세,경상
2023053100100464,2023년 5월 31일 18시,수요일,전라남도 목포시 옥암동,경상사고,0,0,2,0,차대차 - 측면충돌,신호위반,건조,맑음,교차로 - 교차로안,승용,남,50세,경상,이륜,남,30세,경상
2023053100100465,2023년 5월 31일 18시,수요일,전라남도 목포시 연산동,경상사고,0,0,1,0,차대사람 - 횡단중,보행자보호의무위반,건조,맑음,교차로 - 교차로부근,승용,여,39세,상해없음,보행자,여,7세,경상
2023053100100466,2023년 5월 31일 18시,수요일,전라남도 여수시 여서동,경상사고,0,0,1,0,차대차 - 측면충돌,안전운전불이행,건조,맑음,주차장 - 주차장,승용,여,59세,상해없음,승용,여,67세,경상
2023053100100467,2023년 5월 31일 18시,수요일,전라남도 구례군 구례읍,경상사고,0,0,1,0,차량단독 - 전도전복 - 전도,안전운전불이행,건조,맑음,단일로 - 기타,이륜,남,85세,경상,,,,
2023053100100511,2023년 5월 31일 19시,수요일,전라남도 해남군 문내면,중상사고,0,1,0,0,차량단독 - 기타,안전운전불이행,건조,맑음,단일로 - 기타,화물,남,60세,중상,,,,
2023053100100527,2023년 5월 31일 20시,수요일,전라남도 목포시 옥암동,경상사고,0,0,1,0,차대사람 - 횡단중,보행자보호의무위반,건조,맑음,단일로 - 기타,승용,남,36세,상해없음,보행자,남,7세,경상
2023053100100528,2023년 5월 31일 20시,수요일,전라남도 여수시 봉산동,사망사고,1,0,0,0,차대사람 - 횡단중,보행자보호의무위반,건조,맑음,교차로 - 교차로횡단보도내,승용,여,29세,상해없음,보행자,남,74세,사망
2023053100100529,2023년 5월 31일 20시,수요일,전라남도 광양시 옥룡면,경상사고,0,0,1,0,차대사람 - 차도통행중,안전운전불이행,건조,맑음,교차로 - 교차로안,승용,남,42세,상해없음,보행자,여,58세,경상
2023060100100015,2023년 6월 1일 01시,목요일,전라남도 광양시 중동,경상사고,0,0,1,0,차대차 - 측면충돌,안전운전불이행,건조,맑음,교차로 - 교차로부근,이륜,남,18세,상해없음,승용,남,58세,경상
2023060100100035,2023년 6월 1일 06시,목요일,전라남도 여수시 월내동,경상사고,0,0,2,0,차대차 - 기타,안전운전불이행,건조,맑음,단일로 - 기타,승용,여,69세,상해없음,화물,남,42세,경상
2023060100100036,2023년 6월 1일 06시,목요일,전라남도 순천시 조례동,경상사고,0,0,3,0,차대차 - 기타,중앙선침범,젖음/습기,비,교차로 - 교차로부근,승용,여,54세,경상,승용,남,33세,경상
2023060100100087,2023년 6월 1일 08시,목요일,전라남도 보성군 벌교읍,사망사고,1,0,0,0,차대차 - 측면충돌,기타,건조,맑음,단일로 - 기타,승용,여,74세,상해없음,이륜,남,65세,사망
2023060100100112,2023년 6월 1일 09시,목요일,전라남도 영암군 군서면,중상사고,0,1,0,0,차대차 - 측면충돌,안전운전불이행,젖음/습기,비,단일로 - 기타,승용,여,30세,상해없음,승합,남,57세,중상
2023060100100138,2023년 6월 1일 10시,목요일,전라남도 광양시 광양읍,중상사고,0,1,0,0,차대사람 - 기타,안전운전불이행,젖음/습기,비,교차로 - 교차로부근,승용,남,74세,상해없음,보행자,여,88세,중상
2023060100100223,2023년 6월 1일 13시,목요일,전라남도 순천시 상사면,경상사고,0,0,2,0,차대차 - 측면충돌,기타,건조,맑음,교차로 - 교차로안,화물,남,54세,상해없음,승용,여,59세,경상
2023060100100249,2023년 6월 1일 14시,목요일,전라남도 완도군 완도읍,경상사고,0,0,1,0,차대차 - 측면충돌,교차로운행방법위반,건조,맑음,교차로 - 교차로안,승용,남,29세,상해없음,승용,여,65세,경상
2023060100100284,2023년 6월 1일 15시,목요일,전라남도 강진군 마량면,경상사고,0,0,2,0,차대차 - 측면충돌,직진우회전진행방해,건조,맑음,교차로 - 교차로안,승용,남,41세,경상,승합,여,60세,경상
2023060100100319,2023년 6월 1일 16시,목요일,전라남도 순천시 왕지동,경상사고,0,0,1,0,차대차 - 측면충돌,교차로운행방법위반,건조,맑음,교차로 - 교차로안,승용,여,34세,상해없음,승용,여,45세,경상
2023060100100404,2023년 6월 1일 18시,목요일,전라남도 목포시 상동,경상사고,0,0,1,0,차대차 - 후진중충돌,안전운전불이행,건조,맑음,단일로 - 기타,화물,남,33세,상해없음,이륜,남,26세,경상
2023060100100405,2023년 6월 1일 18시,목요일,전라남도 여수시 둔덕동,경상사고,0,0,1,0,차대차 - 측면충돌,신호위반,젖음/습기,비,교차로 - 교차로안,승용,여,52세,상해없음,이륜,남,27세,경상
2023060100100428,2023년 6월 1일 19시,목요일,전라남도 여수시 충무동,중상사고,0,1,0,0,차대사람 - 횡단중,안전운전불이행,젖음/습기,맑음,단일로 - 기타,승용,남,50세,상해없음,보행자,여,62세,중상
2023060100100449,2023년 6월 1일 20시,목요일,전라남도 영암군 시종면,경상사고,0,0,2,0,차대차 - 추돌,안전운전불이행,건조,맑음,단일로 - 기타,승용,남,26세,경상,농기계,남,73세,경상
2023060100100450,2023년 6월 1일 20시,목요일,전라남도 광양시 광양읍,부상신고사고,0,0,0,2,차대차 - 후진중충돌,안전운전불이행,건조,맑음,교차로 - 교차로부근,승용,여,52세,상해없음,승용,남,54세,부상신고
2023060200100036,2023년 6월 2일 05시,금요일,전라남도 여수시 미평동,경상사고,0,0,1,0,차대차 - 측면충돌,안전운전불이행,건조,맑음,단일로 - 기타,화물,남,73세,상해없음,이륜,남,21세,경상
2023060200100137,2023년 6월 2일 09시,금요일,전라남도 여수시 주삼동,경상사고,0,0,3,1,차대차 - 추돌,안전운전불이행,건조,맑음,교차로 - 교차로부근,승용,남,69세,부상신고,승용,여,53세,경상
2023060200100138,2023년 6월 2일 09시,금요일,전라남도 순천시 인제동,중상사고,0,1,0,0,차대사람 - 차도통행중,안전운전불이행,건조,맑음,교차로 - 교차로부근,승합,남,49세,상해없음,보행자,여,85세,중상
2023060200100139,2023년 6월 2일 09시,금요일,전라남도 광양시 광양읍,사망사고,1,0,1,0,차대차 - 측면충돌,신호위반,건조,맑음,교차로 - 교차로안,이륜,남,78세,사망,승용,남,31세,경상
2023060200100170,2023년 6월 2일 10시,금요일,전라남도 여수시 평여동,경상사고,0,0,1,0,차대차 - 추돌,안전운전불이행,건조,맑음,단일로 - 기타,화물,남,64세,상해없음,승용,남,35세,경상
2023060200100199,2023년 6월 2일 11시,금요일,전라남도 목포시 용해동,경상사고,0,0,1,0,차대차 - 측면충돌,신호위반,건조,맑음,교차로 - 교차로안,이륜,남,24세,상해없음,원동기,여,56세,경상
2023060200100200,2023년 6월 2일 11시,금요일,전라남도 목포시 상동,경상사고,0,0,3,0,차대차 - 측면충돌,안전운전불이행,건조,맑음,단일로 - 기타,승용,여,43세,경상,승용,남,48세,경상
2023060200100233,2023년 6월 2일 12시,금요일,전라남도 고흥군 고흥읍,경상사고,0,0,1,0,차대사람 - 기타,안전운전불이행,건조,맑음,단일로 - 기타,승용,여,49세,상해없음,보행자,남,39세,경상
2023060200100261,2023년 6월 2일 13시,금요일,전라남도 해남군 문내면,경상사고,0,0,1,0,차대차 - 추돌,안전운전불이행,건조,맑음,단일로 - 기타,화물,남,64세,기타불명,화물,남,51세,경상
2023060200100301,2023년 6월 2일 14시,금요일,전라남도 목포시 남교동,경상사고,0,0,2,0,차대차 - 추돌,안전운전불이행,건조,맑음,교차로 - 교차로부근,화물,남,77세,상해없음,승용,남,27세,경상
2023060200100343,2023년 6월 2일 15시,금요일,전라남도 목포시 무안동,경상사고,0,0,3,0,차대차 - 측면충돌,안전운전불이행,건조,맑음,교차로 - 교차로안,화물,남,47세,상해없음,승용,남,41세,경상
2023060200100344,2023년 6월 2일 15시,금요일,전라남도 순천시 석현동,중상사고,0,1,0,0,차대사람 - 횡단중,안전운전불이행,건조,맑음,단일로 - 기타,승용,남,63세,상해없음,보행자,여,11세,중상
2023060200100393,2023년 6월 2일 16시,금요일,전라남도 목포시 용해동,경상사고,0,0,2,1,차대차 - 추돌,안전운전불이행,건조,맑음,단일로 - 터널,승용,여,70세,부상신고,승용,남,45세,경상
2023060200100449,2023년 6월 2일 17시,금요일,전라남도 여수시 둔덕동,경상사고,0,0,1,0,차대차 - 측면충돌,안전운전불이행,건조,맑음,단일로 - 기타,승합,남,73세,상해없음,승용,여,43세,경상
2023060200100450,2023년 6월 2일 17시,금요일,전라남도 순천시 낙안면,사망사고,1,0,0,0,차량단독 - 전도전복 - 전도,안전운전불이행,건조,맑음,단일로 - 기타,농기계,남,78세,사망,,,,
2023060200100451,2023년 6월 2일 17시,금요일,전라남도 나주시 남평읍,경상사고,0,0,1,0,차대차 - 측면충돌,안전운전불이행,건조,맑음,단일로 - 기타,승용,여,41세,상해없음,승용,여,51세,경상
2023060200100452,2023년 6월 2일 17시,금요일,전라남도 강진군 칠량면,경상사고,0,0,1,0,차량단독 - 전도전복 - 전도,안전운전불이행,건조,맑음,단일로 - 기타,이륜,남,81세,경상,,,,
2023060200100453,2023년 6월 2일 17시,금요일,전라남도 광양시 광영동,경상사고,0,0,1,0,차대차 - 후진중충돌,안전운전불이행,건조,맑음,단일로 - 기타,승용,남,56세,상해없음,승용,여,29세,경상
2023060200100507,2023년 6월 2일 18시,금요일,전라남도 목포시 상동,경상사고,0,0,1,0,차대차 - 기타,직진우회전진행방해,건조,맑음,교차로 - 교차로안,이륜,남,28세,경상,승용,남,61세,상해없음
2023060200100508,2023년 6월 2일 18시,금요일,전라남도 순천시 별량면,경상사고,0,0,1,0,차대차 - 측면충돌,안전운전불이행,건조,맑음,교차로 - 교차로부근,승용,여,66세,상해없음,승용,여,26세,경상
2023060200100509,2023년 6월 2일 18시,금요일,전라남도 해남군 해남읍,경상사고,0,0,1,0,차대사람 - 보도통행중,기타,건조,맑음,단일로 - 기타,승용,남,58세,기타불명,보행자,남,41세,경상
2023060200100510,2023년 6월 2일 18시,금요일,전라남도 영광군 홍농읍,경상사고,0,0,2,0,차대차 - 측면충돌,직진우회전진행방해,건조,맑음,교차로 - 교차로안,이륜,남,69세,경상,승용,남,40세,경상
2023060200100511,2023년 6월 2일 18시,금요일,전라남도 광양시 광양읍,경상사고,0,0,1,0,차대차 - 기타,안전거리미확보,건조,맑음,교차로 - 교차로안,승용,남,24세,상해없음,이륜,남,26세,경상
2023060200100512,2023년 6월 2일 18시,금요일,전라남도 광양시 중동,경상사고,0,0,1,0,차대차 - 측면충돌,안전운전불이행,건조,맑음,교차로 - 교차로부근,이륜,남,45세,상해없음,승용,여,35세,경상
2023060200100550,2023년 6월 2일 19시,금요일,전라남도 여수시 율촌면,부상신고사고,0,0,0,1,차량단독 - 기타,안전운전불이행,건조,맑음,단일로 - 기타,이륜,남,56세,부상신고,,,,
2023060200100586,2023년 6월 2일 20시,금요일,전라남도 순천시 조례동,중상사고,0,1,0,0,차대사람 - 횡단중,보행자보호의무위반,건조,맑음,교차로 - 교차로안,승용,남,57세,상해없음,보행자,남,12세,중상
2023060300100064,2023년 6월 3일 07시,토요일,전라남도 여수시 선원동,경상사고,0,0,2,0,차대차 - 추돌,안전운전불이행,건조,맑음,단일로 - 기타,승용,여,64세,상해없음,이륜,남,20세,경상
2023060300100065,2023년 6월 3일 07시,토요일,전라남도 함평군 월야면,경상사고,0,0,4,0,차대차 - 측면충돌,안전운전불이행,건조,맑음,교차로 - 교차로안,승용,여,62세,경상,승합,남,61세,경상
2023060300100066,2023년 6월 3일 07시,토요일,전라남도 영암군 삼호읍,경상사고,0,0,2,0,차대차 - 측면충돌,안전운전불이행,건조,맑음,단일로 - 기타,승용,남,29세,경상,승용,여,35세,경상
2023060300100106,2023년 6월 3일 09시,토요일,전라남도 담양군 고서면,경상사고,0,0,1,0,차량단독 - 공작물충돌,안전운전불이행,건조,맑음,단일로 - 기타,승용,여,56세,경상,,,,
2023060300100107,2023년 6월 3일 09시,토요일,전라남도 장성군 남면,경상사고,0,0,2,0,차대차 - 측면충돌,안전거리미확보,건조,맑음,단일로 - 기타,승용,남,24세,경상,승용,남,26세,경상
2023060300100128,2023년 6월 3일 10시,토요일,전라남도 순천시 조곡동,경상사고,0,0,2,0,차대차 - 측면충돌,중앙선침범,건조,맑음,단일로 - 기타,자전거,남,75세,경상,원동기,남,26세,경상
2023060300100129,2023년 6월 3일 10시,토요일,전라남도 담양군 담양읍,경상사고,0,0,1,0,차대차 - 기타,기타,건조,맑음,단일로 - 기타,승용,여,60세,기타불명,승용,남,66세,경상
2023060300100130,2023년 6월 3일 10시,토요일,전라남도 완도군 완도읍,경상사고,0,0,1,0,차대차 - 정면충돌,신호위반,건조,맑음,교차로 - 교차로안,이륜,남,68세,상해없음,승용,여,57세,경상
2023060300100131,2023년 6월 3일 10시,토요일,전라남도 구례군 산동면,경상사고,0,0,2,0,차대차 - 기타,중앙선침범,건조,맑음,단일로 - 기타,승합,남,58세,상해없음,화물,남,72세,경상
2023060300100222,2023년 6월 3일 12시,토요일,전라남도 여수시 웅천동,경상사고,0,0,2,0,차대차 - 기타,안전운전불이행,건조,맑음,교차로 - 교차로부근,승용,남,27세,상해없음,승용,남,56세,상해없음
2023060300100223,2023년 6월 3일 12시,토요일,전라남도 나주시 성북동,경상사고,0,0,2,0,차대차 - 측면충돌,안전운전불이행,건조,맑음,교차로 - 교차로안,승용,남,64세,상해없음,승용,여,40세,경상
2023060300100224,2023년 6월 3일 12시,토요일,전라남도 담양군 담양읍,경상사고,0,0,2,0,차대차 - 측면충돌,직진우회전진행방해,건조,맑음,교차로 - 교차로안,승용,남,23세,상해없음,승용,남,52세,경상
2023060300100259,2023년 6월 3일 13시,토요일,전라남도 화순군 동복면,경상사고,0,0,3,0,차량단독 - 기타,안전운전불이행,건조,맑음,교차로 - 교차로안,승용,여,49세,경상,,,,
2023060300100260,2023년 6월 3일 13시,토요일,전라남도 강진군 신전면,부상신고사고,0,0,0,1,차대차 - 측면충돌,교차로운행방법위반,건조,맑음,교차로 - 교차로안,사륜오토바이(ATV),남,63세,부상신고,농기계,남,29세,상해없음
2023060300100261,2023년 6월 3일 13시,토요일,전라남도 진도군 진도읍,경상사고,0,0,1,0,차대사람 - 기타,안전운전불이행,건조,맑음,단일로 - 기타,승용,남,75세,상해없음,보행자,남,29세,경상
2023060300100290,2023년 6월 3일 14시,토요일,전라남도 순천시 별량면,경상사고,0,0,1,0,차대차 - 기타,안전거리미확보,건조,맑음,단일로 - 기타,화물,남,76세,상해없음,승용,남,60세,경상
2023060300100291,2023년 6월 3일 14시,토요일,전라남도 무안군 삼향읍,경상사고,0,0,3,0,차대차 - 측면충돌,중앙선침범,건조,맑음,교차로 - 교차로부근,승용,남,43세,상해없음,승용,여,45세,경상
2023060300100337,2023년 6월 3일 15시,토요일,전라남도 목포시 석현동,경상사고,0,0,4,0,차대차 - 기타,안전운전불이행,건조,맑음,주차장 - 주차장,승용,여,48세,경상,승용,남,26세,경상
2023060300100403,2023년 6월 3일 17시,토요일,전라남도 화순군 백아면,중상사고,0,1,0,0,차량단독 - 전도전복 - 전도,안전운전불이행,건조,맑음,단일로 - 기타,이륜,남,52세,중상,,,,
2023060300100404,2023년 6월 3일 17시,토요일,전라남도 곡성군 겸면,경상사고,0,0,2,0,차대차 - 측면충돌,안전운전불이행,건조,맑음,교차로 - 교차로안,이륜,남,79세,경상,승용,남,32세,경상
2023060300100445,2023년 6월 3일 18시,토요일,전라남도 여수시 선원동,경상사고,0,0,1,0,차대사람 - 횡단중,안전운전불이행,건조,맑음,교차로 - 교차로부근,승용,남,27세,상해없음,보행자,남,14세,경상
2023060300100446,2023년 6월 3일 18시,토요일,전라남도 광양시 중동,경상사고,0,0,1,0,차대차 - 측면충돌,직진우회전진행방해,건조,맑음,교차로 - 교차로안,승용,남,56세,상해없음,승용,남,33세,경상
2023060300100475,2023년 6월 3일 19시,토요일,전라남도 여수시 신월동,경상사고,0,0,3,0,차대차 - 측면충돌,안전운전불이행,건조,맑음,단일로 - 기타,승용,남,73세,경상,승용,남,64세,경상
2023060300100525,2023년 6월 3일 21시,토요일,전라남도 여수시 남산동,경상사고,0,0,1,0,차대차 - 측면충돌,안전운전불이행,건조,맑음,단일로 - 기타,승용,여,55세,상해없음,승용,남,72세,경상
2023060300100548,2023년 6월 3일 22시,토요일,전라남도 목포시 상동,경상사고,0,0,1,0,차대사람 - 차도통행중,안전운전불이행,건조,맑음,교차로 - 교차로부근,승용,남,30세,상해없음,보행자,남,57세,경상
2023060300100549,2023년 6월 3일 22시,토요일,전라남도 여수시 중앙동,경상사고,0,0,1,0,차대차 - 추돌,안전운전불이행,건조,맑음,단일로 - 기타,승용,남,70세,상해없음,승용,여,48세,경상
2023060300100569,2023년 6월 3일 23시,토요일,전라남도 목포시 산정동,경상사고,0,0,2,0,차대차 - 기타,안전운전불이행,건조,맑음,교차로 - 교차로안,승용,여,58세,상해없음,승용,남,47세,경상
2023060400100007,2023년 6월 4일 00시,일요일,전라남도 여수시 학동,경상사고,0,0,1,0,차량단독 - 기타,안전운전불이행,건조,맑음,단일로 - 기타,승용,남,45세,상해없음,,,,
2023060400100029,2023년 6월 4일 03시,일요일,전라남도 나주시 산포면,중상사고,0,3,0,0,차량단독 - 도로외이탈 - 기타,기타,건조,맑음,단일로 - 기타,승용,남,26세,중상,,,,
2023060400100044,2023년 6월 4일 05시,일요일,전라남도 장흥군 회진면,중상사고,0,1,0,0,차대사람 - 차도통행중,중앙선침범,건조,맑음,교차로 - 교차로부근,화물,남,67세,상해없음,보행자,여,80세,중상
2023060400100059,2023년 6월 4일 07시,일요일,전라남도 나주시 남평읍,경상사고,0,0,1,0,차대차 - 측면충돌,안전운전불이행,건조,맑음,교차로 - 교차로안,승용,여,35세,상해없음,승용,남,53세,경상
2023060400100120,2023년 6월 4일 10시,일요일,전라남도 구례군 마산면,경상사고,0,0,1,1,차량단독 - 기타,안전운전불이행,건조,맑음,단일로 - 기타,원동기,남,79세,부상신고,,,,
2023060400100140,2023년 6월 4일 11시,일요일,전라남도 여수시 화양면,중상사고,0,1,0,0,차대차 - 기타,안전운전불이행,건조,맑음,교차로 - 교차로안,승용,여,27세,상해없음,농기계,남,78세,중상
2023060400100141,2023년 6월 4일 11시,일요일,전라남도 구례군 구례읍,중상사고,0,1,0,0,차대차 - 정면충돌,중앙선침범,건조,맑음,단일로 - 기타,승용,남,61세,상해없음,이륜,남,53세,중상
2023060400100166,2023년 6월 4일 12시,일요일,전라남도 강진군 성전면,경상사고,0,0,1,0,차대차 - 기타,안전운전불이행,건조,맑음,기타 - 기타,승용,남,27세,기타불명,승용,여,53세,경상
2023060400100204,2023년 6월 4일 13시,일요일,전라남도 장성군 황룡면,중상사고,0,1,0,0,차대차 - 기타,교차로운행방법위반,건조,맑음,교차로 - 교차로안,승용,남,77세,상해없음,이륜,남,22세,중상
2023060400100241,2023년 6월 4일 14시,일요일,전라남도 목포시 산정동,경상사고,0,0,4,0,차대차 - 기타,안전운전불이행,건조,맑음,교차로 - 교차로안,승용,남,37세,상해없음,승용,남,21세,경상
2023060400100242,2023년 6월 4일 14시,일요일,전라남도 여수시 선원동,경상사고,0,0,2,0,차대차 - 측면충돌,중앙선침범,건조,맑음,단일로 - 기타,승합,남,58세,기타불명,승용,남,61세,경상
2023060400100243,2023년 6월 4일 14시,일요일,전라남도 담양군 금성면,경상사고,0,0,1,1,차대차 - 기타,직진우회전진행방해,건조,맑음,교차로 - 교차로안,승용,여,39세,부상신고,승용,남,27세,경상
2023060400100244,2023년 6월 4일 14시,일요일,전라남도 무안군 무안읍,부상신고사고,0,0,0,1,차대사람 - 차도통행중,안전운전불이행,건조,맑음,단일로 - 기타,화물,남,71세,상해없음,보행자,여,73세,부상신고
2023060400100312,2023년 6월 4일 16시,일요일,전라남도 곡성군 곡성읍,경상사고,0,0,1,0,차대사람 - 횡단중,안전운전불이행,건조,맑음,교차로 - 교차로부근,화물,남,60세,상해없음,보행자,여,6세,경상
2023060400100353,2023년 6월 4일 17시,일요일,전라남도 여수시 연등동,중상사고,0,1,0,0,차대사람 - 차도통행중,안전운전불이행,건조,맑음,단일로 - 기타,이륜,남,31세,상해없음,보행자,여,75세,중상
2023060400100378,2023년 6월 4일 18시,일요일,전라남도 여수시 봉산동,경상사고,0,0,1,0,차대사람 - 차도통행중,안전운전불이행,건조,맑음,단일로 - 기타,승용,남,59세,상해없음,보행자,여,72세,경상
2023060400100416,2023년 6월 4일 20시,일요일,전라남도 여수시 돌산읍,경상사고,0,0,2,0,차대차 - 측면충돌,교차로운행방법위반,건조,맑음,교차로 - 교차로안,승용,남,57세,상해없음,승용,남,28세,경상
2023060400100417,2023년 6월 4일 20시,일요일,전라남도 순천시 풍덕동,경상사고,0,0,1,0,차대차 - 측면충돌,안전운전불이행,건조,맑음,교차로 - 교차로안,승용,남,68세,상해없음,승용,남,36세,경상
2023060400100418,2023년 6월 4일 20시,일요일,전라남도 강진군 강진읍,경상사고,0,0,1,0,차량단독 - 도로외이탈 - 추락,안전운전불이행,건조,맑음,교차로 - 교차로부근,이륜,남,58세,경상,,,,
2023060400100443,2023년 6월 4일 21시,일요일,전라남도 여수시 웅천동,경상사고,0,0,1,0,차대차 - 측면충돌,차로위반,건조,맑음,교차로 - 교차로안,승용,남,51세,상해없음,이륜,남,37세,경상
2023060400100458,2023년 6월 4일 22시,일요일,전라남도 순천시 해룡면,경상사고,0,0,1,0,차대차 - 측면충돌,안전운전불이행,건조,맑음,단일로 - 기타,승용,여,25세,기타불명,승용,남,63세,상해없음
2023060500100020,2023년 6월 5일 02시,월요일,전라남도 광양시 광양읍,경상사고,0,0,1,0,차량단독 - 공작물충돌,안전운전불이행,건조,맑음,단일로 - 기타,승용,남,26세,경상,,,,
2023060500100040,2023년 6월 5일 06시,월요일,전라남도 목포시 석현동,경상사고,0,0,5,0,차대차 - 측면충돌,안전거리미확보,건조,맑음,단일로 - 기타,승용,남,66세,상해없음,승용,남,64세,경상
2023060500100041,2023년 6월 5일 06시,월요일,전라남도 해남군 옥천면,경상사고,0,0,1,0,차대차 - 기타,중앙선침범,건조,맑음,단일로 - 기타,화물,남,78세,기타불명,화물,남,40세,경상
2023060500100042,2023년 6월 5일 06시,월요일,전라남도 담양군 가사문학면,경상사고,0,0,3,0,차대차 - 측면충돌,기타,건조,맑음,교차로 - 교차로안,승용,남,80세,상해없음,화물,남,52세,경상
2023060500100059,2023년 6월 5일 07시,월요일,전라남도 여수시 신기동,경상사고,0,0,1,0,차대차 - 정면충돌,교차로운행방법위반,건조,맑음,교차로 - 교차로안,승용,여,51세,상해없음,승용,여,27세,경상
2023060500100060,2023년 6월 5일 07시,월요일,전라남도 장흥군 장흥읍,경상사고,0,0,1,0,차대차 - 기타,안전운전불이행,건조,맑음,교차로 - 교차로안,화물,남,58세,상해없음,승용,남,31세,상해없음
2023060500100061,2023년 6월 5일 07시,월요일,전라남도 화순군 도곡면,경상사고,0,0,1,0,차대차 - 기타,안전운전불이행,건조,맑음,교차로 - 교차로부근,건설기계,남,60세,상해없음,승용,여,58세,경상
2023060500100062,2023년 6월 5일 07시,월요일,전라남도 광양시 중동,경상사고,0,0,1,0,차대차 - 측면충돌,안전거리미확보,건조,맑음,단일로 - 기타,화물,남,69세,상해없음,승용,여,52세,경상
2023060500100111,2023년 6월 5일 09시,월요일,전라남도 목포시 상동,경상사고,0,0,2,0,차대차 - 기타,안전거리미확보,건조,맑음,단일로 - 기타,화물,남,35세,상해없음,승용,여,32세,경상
2023060500100112,2023년 6월 5일 09시,월요일,전라남도 보성군 조성면,경상사고,0,0,1,0,차량단독 - 기타,안전운전불이행,건조,맑음,교차로 - 교차로안,화물,남,75세,경상,,,,