사고번호,사고일시,요일,시군구,사고내용,사망자수,중상자수,경상자수,부상신고자수,사고유형,법규위반,노면상태,기상상태,도로형태,가해운전자 차종,가해운전자 성별,가해운전자 연령,가해운전자 상해정도,피해운전자 차종,피해운전자 성별,피해운전자 연령,피해운전자 상해정도
2023060500100113,2023년 6월 5일 09시,월요일,전라남도 담양군 창평면,경상사고,0,0,1,0,차대차 - 기타,기타,건조,맑음,단일로 - 기타,화물,남,71세,상해없음,화물,여,54세,경상
2023060500100144,2023년 6월 5일 10시,월요일,전라남도 나주시 산포면,경상사고,0,0,1,0,차대차 - 기타,교차로운행방법위반,건조,맑음,단일로 - 기타,승용,남,57세,기타불명,자전거,여,80세,경상
2023060500100145,2023년 6월 5일 10시,월요일,전라남도 고흥군 고흥읍,경상사고,0,0,1,0,차대사람 - 차도통행중,안전운전불이행,건조,맑음,단일로 - 기타,승용,남,43세,상해없음,보행자,여,50세,경상
2023060500100184,2023년 6월 5일 11시,월요일,전라남도 목포시 용해동,중상사고,0,2,0,0,차대차 - 측면충돌,교차로운행방법위반,건조,맑음,교차로 - 교차로안,승용,남,25세,기타불명,이륜,남,62세,중상
2023060500100185,2023년 6월 5일 11시,월요일,전라남도 목포시 옥암동,경상사고,0,0,2,0,차대차 - 기타,안전운전불이행,건조,맑음,기타 - 기타,승합,여,60세,상해없음,승용,여,43세,경상
2023060500100186,2023년 6월 5일 11시,월요일,전라남도 고흥군 도양읍,경상사고,0,0,1,0,차대차 - 추돌,안전운전불이행,건조,맑음,교차로 - 교차로부근,화물,남,44세,상해없음,승용,여,67세,경상
2023060500100221,2023년 6월 5일 12시,월요일,전라남도 신안군 비금면,경상사고,0,0,1,0,차대차 - 추돌,중앙선침범,건조,흐림,단일로 - 기타,화물,남,52세,상해없음,승용,여,59세,경상
2023060500100223,2023년 6월 5일 12시,월요일,전라남도 장성군 북이면,사망사고,1,0,0,1,차대차 - 정면충돌,중앙선침범,건조,맑음,교차로 - 교차로부근,화물,남,77세,사망,건설기계,남,44세,부상신고
2023060500100224,2023년 6월 5일 12시,월요일,전라남도 광양시 마동,경상사고,0,0,3,0,차대차 - 측면충돌,교차로운행방법위반,건조,맑음,교차로 - 교차로부근,승합,남,58세,상해없음,승용,남,38세,경상
2023060500100225,2023년 6월 5일 12시,월요일,전라남도 나주시 문평면,경상사고,0,0,1,0,차대차 - 측면충돌,안전운전불이행,건조,맑음,기타 - 기타,승용,여,47세,상해없음,승용,여,30세,경상
2023060500100257,2023년 6월 5일 13시,월요일,전라남도 나주시 동수동,경상사고,0,0,1,0,차대차 - 측면충돌,신호위반,건조,맑음,교차로 - 교차로안,승용,남,61세,상해없음,원동기,남,75세,경상
2023060500100295,2023년 6월 5일 14시,월요일,전라남도 목포시 석현동,경상사고,0,0,1,0,차대차 - 추돌,안전운전불이행,건조,맑음,단일로 - 기타,승합,남,65세,상해없음,화물,남,47세,경상
2023060500100296,2023년 6월 5일 14시,월요일,전라남도 보성군 보성읍,경상사고,0,0,1,0,차대차 - 기타,안전운전불이행,건조,맑음,교차로 - 교차로부근,이륜,남,82세,상해없음,이륜,남,35세,경상
2023060500100338,2023년 6월 5일 15시,월요일,전라남도 영암군 시종면,경상사고,0,0,2,0,차대차 - 측면충돌,직진우회전진행방해,건조,맑음,교차로 - 교차로안,화물,남,53세,경상,승용,남,51세,경상
2023060500100380,2023년 6월 5일 16시,월요일,전라남도 여수시 서교동,부상신고사고,0,0,0,1,차대차 - 측면충돌,안전운전불이행,건조,맑음,기타 - 기타,승용,남,68세,상해없음,자전거,여,27세,부상신고
2023060500100421,2023년 6월 5일 17시,월요일,전라남도 영광군 홍농읍,사망사고,1,0,0,0,차대차 - 측면충돌,안전운전불이행,건조,맑음,교차로 - 교차로안,화물,남,28세,상해없음,원동기,남,65세,사망
2023060500100470,2023년 6월 5일 18시,월요일,전라남도 목포시 용해동,경상사고,0,0,1,0,차대차 - 기타,안전운전불이행,건조,맑음,교차로 - 교차로안,승용,남,53세,상해없음,이륜,남,37세,경상
2023060500100471,2023년 6월 5일 18시,월요일,전라남도 화순군 화순읍,경상사고,0,0,1,0,차대차 - 후진중충돌,안전운전불이행,건조,맑음,교차로 - 교차로안,승용,여,29세,상해없음,승용,남,33세,경상
2023060500100515,2023년 6월 5일 19시,월요일,전라남도 영암군 학산면,경상사고,0,0,1,0,차대차 - 기타,기타,건조,맑음,단일로 - 기타,화물,남,63세,상해없음,이륜,남,67세,경상
2023060500100537,2023년 6월 5일 20시,월요일,전라남도 영암군 삼호읍,경상사고,0,0,2,0,차대차 - 측면충돌,안전운전불이행,건조,맑음,교차로 - 교차로안,승용,여,53세,상해없음,승용,남,25세,경상
2023060600100008,2023년 6월 6일 00시,화요일,전라남도 목포시 석현동,중상사고,0,1,0,0,차대사람 - 기타,안전운전불이행,건조,맑음,기타 - 기타,승용,남,56세,상해없음,보행자,남,53세,중상
2023060600100053,2023년 6월 6일 06시,화요일,전라남도 목포시 옥암동,경상사고,0,0,1,0,차대차 - 측면충돌,안전운전불이행,건조,맑음,교차로 - 교차로부근,승용,남,39세,상해없음,건설기계,남,53세,경상
2023060600100054,2023년 6월 6일 06시,화요일,전라남도 순천시 남정동,경상사고,0,0,1,0,차대차 - 추돌,안전운전불이행,건조,맑음,교차로 - 교차로부근,승용,남,22세,경상,화물,남,58세,기타불명
2023060600100072,2023년 6월 6일 08시,화요일,전라남도 광양시 중동,경상사고,0,0,1,0,차대차 - 측면충돌,안전운전불이행,건조,맑음,교차로 - 교차로부근,승용,남,52세,상해없음,이륜,남,26세,경상
2023060600100094,2023년 6월 6일 09시,화요일,전라남도 영암군 삼호읍,중상사고,0,2,2,0,차대차 - 측면충돌,직진우회전진행방해,건조,맑음,교차로 - 교차로안,승용,남,21세,중상,승용,여,35세,경상
2023060600100095,2023년 6월 6일 09시,화요일,전라남도 영암군 삼호읍,부상신고사고,0,0,0,1,차대차 - 측면충돌,교차로운행방법위반,건조,맑음,교차로 - 교차로안,승용,남,62세,기타불명,건설기계,남,52세,부상신고
2023060600100118,2023년 6월 6일 10시,화요일,전라남도 여수시 신기동,경상사고,0,0,1,0,차대차 - 기타,신호위반,건조,맑음,교차로 - 교차로안,승용,남,68세,상해없음,승용,여,29세,경상
2023060600100119,2023년 6월 6일 10시,화요일,전라남도 해남군 현산면,경상사고,0,0,2,0,차대차 - 추돌,안전운전불이행,건조,맑음,단일로 - 기타,화물,남,65세,기타불명,화물,남,47세,경상
2023060600100179,2023년 6월 6일 12시,화요일,전라남도 해남군 황산면,경상사고,0,0,1,0,차대차 - 측면충돌,교차로운행방법위반,건조,맑음,교차로 - 교차로안,화물,남,36세,기타불명,승용,남,37세,경상
2023060600100215,2023년 6월 6일 13시,화요일,전라남도 담양군 담양읍,경상사고,0,0,1,0,차대차 - 기타,안전운전불이행,건조,맑음,교차로 - 교차로안,승용,여,50세,상해없음,승용,여,31세,경상
2023060600100246,2023년 6월 6일 14시,화요일,전라남도 담양군 담양읍,경상사고,0,0,4,0,차대차 - 추돌,안전운전불이행,건조,맑음,단일로 - 기타,승용,남,79세,경상,승용,남,55세,경상
2023060600100305,2023년 6월 6일 16시,화요일,전라남도 여수시 서교동,중상사고,0,5,4,1,차대사람 - 기타,안전운전불이행,건조,맑음,단일로 - 기타,승용,남,71세,부상신고,보행자,여,70세,경상
2023060600100306,2023년 6월 6일 16시,화요일,전라남도 나주시 용산동,경상사고,0,0,1,0,차대차 - 측면충돌,안전운전불이행,건조,맑음,단일로 - 기타,승용,여,37세,상해없음,자전거,여,64세,경상
2023060600100307,2023년 6월 6일 16시,화요일,전라남도 장흥군 안양면,중상사고,0,2,1,0,차대차 - 측면충돌,교차로운행방법위반,건조,맑음,교차로 - 교차로안,화물,남,71세,경상,승용,남,74세,중상
2023060600100308,2023년 6월 6일 16시,화요일,전라남도 화순군 한천면,중상사고,0,1,1,0,차대차 - 정면충돌,중앙선침범,건조,맑음,단일로 - 교량,승용,남,38세,중상,승합,남,46세,경상
2023060600100342,2023년 6월 6일 17시,화요일,전라남도 여수시 여서동,중상사고,0,2,0,0,차대차 - 추돌,안전운전불이행,건조,맑음,단일로 - 기타,화물,남,66세,기타불명,승용,남,39세,중상
2023060600100343,2023년 6월 6일 17시,화요일,전라남도 광양시 광양읍,경상사고,0,0,2,0,차대차 - 측면충돌,교차로운행방법위반,건조,맑음,교차로 - 교차로안,이륜,남,35세,경상,이륜,남,64세,경상
2023060600100384,2023년 6월 6일 18시,화요일,전라남도 목포시 석현동,경상사고,0,0,1,0,차대차 - 측면충돌,신호위반,건조,맑음,교차로 - 교차로안,이륜,남,54세,상해없음,승용,남,40세,경상
2023060600100414,2023년 6월 6일 19시,화요일,전라남도 여수시 웅천동,중상사고,0,1,0,0,차대사람 - 횡단중,보행자보호의무위반,건조,맑음,단일로 - 기타,승용,여,57세,상해없음,보행자,여,22세,중상
2023060600100415,2023년 6월 6일 19시,화요일,전라남도 여수시 돌산읍,경상사고,0,0,1,0,차대차 - 정면충돌,안전운전불이행,건조,맑음,단일로 - 기타,승용,남,44세,상해없음,이륜,남,76세,경상
2023060600100416,2023년 6월 6일 19시,화요일,전라남도 화순군 도곡면,사망사고,1,0,0,0,차대차 - 측면충돌,안전운전불이행,건조,맑음,단일로 - 기타,사륜오토바이(ATV),남,77세,사망,승합,남,70세,상해없음
2023060600100457,2023년 6월 6일 21시,화요일,전라남도 목포시 석현동,경상사고,0,0,1,0,차대차 - 추돌,안전운전불이행,건조,맑음,교차로 - 교차로안,승용,남,55세,상해없음,화물,남,35세,경상
2023060600100476,2023년 6월 6일 22시,화요일,전라남도 순천시 교량동,중상사고,0,1,0,0,차량단독 - 기타,안전운전불이행,기타,기타,기타 - 기타,자전거,남,32세,중상,,,,
2023060700100055,2023년 6월 7일 07시,수요일,전라남도 순천시 풍덕동,중상사고,0,2,0,0,차대차 - 측면충돌,직진우회전진행방해,건조,맑음,교차로 - 교차로안,화물,남,38세,상해없음,이륜,남,79세,중상
2023060700100090,2023년 6월 7일 08시,수요일,전라남도 여수시 둔덕동,경상사고,0,0,1,0,차대차 - 측면충돌,안전운전불이행,건조,맑음,교차로 - 교차로안,승용,남,58세,상해없음,화물,남,34세,경상
2023060700100091,2023년 6월 7일 08시,수요일,전라남도 순천시 가곡동,경상사고,0,0,1,0,차대차 - 측면충돌,안전운전불이행,건조,맑음,교차로 - 교차로부근,화물,여,64세,상해없음,승용,남,31세,경상
2023060700100092,2023년 6월 7일 08시,수요일,전라남도 광양시 중동,중상사고,0,1,1,0,차대차 - 측면충돌,교차로운행방법위반,건조,맑음,교차로 - 교차로안,승용,여,48세,상해없음,승용,여,25세,중상
2023060700100137,2023년 6월 7일 09시,수요일,전라남도 영암군 금정면,경상사고,0,0,1,0,차대차 - 측면충돌,중앙선침범,건조,맑음,교차로 - 교차로부근,승용,남,77세,상해없음,승용,여,53세,경상
2023060700100138,2023년 6월 7일 09시,수요일,전라남도 담양군 담양읍,경상사고,0,0,1,0,차대차 - 측면충돌,직진우회전진행방해,건조,맑음,교차로 - 교차로안,승용,여,51세,상해없음,승용,남,50세,경상
2023060700100139,2023년 6월 7일 09시,수요일,전라남도 곡성군 곡성읍,중상사고,0,1,0,0,차대차 - 측면충돌,안전운전불이행,건조,맑음,교차로 - 교차로안,승용,남,65세,상해없음,승용,여,58세,중상
2023060700100140,2023년 6월 7일 09시,수요일,전라남도 담양군 무정면,경상사고,0,0,3,0,차대차 - 기타,안전운전불이행,건조,맑음,단일로 - 기타,승용,여,61세,경상,승용,여,40세,경상
2023060700100171,2023년 6월 7일 10시,수요일,전라남도 진도군 진도읍,부상신고사고,0,0,0,1,차대차 - 측면충돌,안전거리미확보,건조,맑음,단일로 - 기타,이륜,남,82세,부상신고,승용,여,64세,상해없음
2023060700100172,2023년 6월 7일 10시,수요일,전라남도 광양시 태인동,중상사고,0,1,0,0,차대사람 - 기타,안전운전불이행,건조,맑음,단일로 - 기타,건설기계,남,54세,상해없음,보행자,여,43세,중상
2023060700100212,2023년 6월 7일 11시,수요일,전라남도 보성군 미력면,경상사고,0,0,1,0,차대차 - 측면충돌,불법유턴,건조,맑음,단일로 - 기타,자전거,여,80세,경상,승용,남,63세,상해없음
2023060700100244,2023년 6월 7일 12시,수요일,전라남도 여수시 오림동,중상사고,0,1,0,0,차대사람 - 횡단중,보행자보호의무위반,건조,맑음,기타 - 기타,승용,남,49세,상해없음,보행자,여,62세,중상
2023060700100245,2023년 6월 7일 12시,수요일,전라남도 곡성군 곡성읍,경상사고,0,0,1,0,차대차 - 후진중충돌,안전운전불이행,건조,맑음,단일로 - 기타,승용,남,67세,상해없음,승용,남,29세,경상
2023060700100272,2023년 6월 7일 13시,수요일,전라남도 여수시 여천동,경상사고,0,0,1,0,차대사람 - 기타,안전운전불이행,건조,맑음,교차로 - 교차로안,기타불명,기타불명,미분류,기타불명,보행자,남,24세,경상
2023060700100273,2023년 6월 7일 13시,수요일,전라남도 순천시 인제동,경상사고,0,0,1,0,차대차 - 측면충돌,교차로운행방법위반,건조,맑음,교차로 - 교차로안,승용,남,60세,상해없음,승용,남,31세,경상
2023060700100306,2023년 6월 7일 14시,수요일,전라남도 나주시 남평읍,경상사고,0,0,2,0,차대차 - 측면충돌,안전운전불이행,건조,맑음,교차로 - 교차로부근,승용,여,78세,상해없음,승용,남,48세,경상
2023060700100307,2023년 6월 7일 14시,수요일,전라남도 해남군 황산면,경상사고,0,0,1,0,차대차 - 측면충돌,안전운전불이행,건조,맑음,교차로 - 교차로안,승용,남,80세,기타불명,승용,남,68세,경상
2023060700100308,2023년 6월 7일 14시,수요일,전라남도 영광군 백수읍,경상사고,0,0,5,0,차대차 - 측면충돌,직진우회전진행방해,건조,맑음,단일로 - 기타,화물,남,81세,상해없음,승용,남,75세,경상
2023060700100309,2023년 6월 7일 14시,수요일,전라남도 함평군 함평읍,중상사고,0,1,0,0,차대사람 - 횡단중,안전운전불이행,건조,맑음,교차로 - 교차로안,승용,여,44세,상해없음,보행자,여,69세,중상
2023060700100310,2023년 6월 7일 14시,수요일,전라남도 담양군 수북면,경상사고,0,0,3,0,차대차 - 기타,신호위반,건조,맑음,교차로 - 교차로안,승용,남,52세,상해없음,승용,여,57세,경상
2023060700100391,2023년 6월 7일 16시,수요일,전라남도 여수시 학동,경상사고,0,0,1,0,차대차 - 추돌,안전운전불이행,건조,맑음,교차로 - 교차로부근,승용,남,56세,상해없음,자전거,여,46세,경상
2023060700100392,2023년 6월 7일 16시,수요일,전라남도 영암군 도포면,경상사고,0,0,1,0,차대차 - 정면충돌,중앙선침범,건조,맑음,단일로 - 기타,화물,여,58세,기타불명,화물,여,45세,경상
2023060700100393,2023년 6월 7일 16시,수요일,전라남도 영암군 학산면,중상사고,0,1,0,0,차대차 - 측면충돌,안전운전불이행,건조,맑음,교차로 - 교차로부근,건설기계,남,65세,상해없음,승용,여,40세,중상
2023060700100473,2023년 6월 7일 18시,수요일,전라남도 강진군 강진읍,중상사고,0,1,1,0,차대차 - 측면충돌,기타,건조,맑음,교차로 - 교차로안,화물,남,71세,중상,승용,여,57세,경상
2023060700100544,2023년 6월 7일 20시,수요일,전라남도 목포시 용해동,경상사고,0,0,1,0,차대차 - 기타,안전운전불이행,건조,맑음,교차로 - 교차로부근,화물,남,34세,상해없음,이륜,남,49세,경상
2023060700100567,2023년 6월 7일 21시,수요일,전라남도 화순군 화순읍,경상사고,0,0,2,0,차대차 - 측면충돌,교차로운행방법위반,건조,맑음,교차로 - 교차로안,승용,남,61세,상해없음,승용,남,55세,경상
2023060700100568,2023년 6월 7일 21시,수요일,전라남도 강진군 신전면,경상사고,0,0,1,0,차량단독 - 전도전복 - 전도,안전운전불이행,건조,맑음,단일로 - 기타,자전거,남,24세,경상,,,,
2023060700100612,2023년 6월 7일 23시,수요일,전라남도 목포시 상동,경상사고,0,0,1,0,차대차 - 기타,안전운전불이행,건조,맑음,단일로 - 기타,승용,남,46세,상해없음,화물,남,52세,경상
2023060800100011,2023년 6월 8일 00시,목요일,전라남도 목포시 죽교동,경상사고,0,0,1,0,차량단독 - 공작물충돌,안전운전불이행,건조,맑음,단일로 - 기타,승용,여,28세,경상,,,,
2023060800100028,2023년 6월 8일 03시,목요일,전라남도 담양군 창평면,중상사고,0,1,0,0,차량단독 - 전도전복 - 전도,안전운전불이행,건조,맑음,단일로 - 기타,화물,남,50세,중상,,,,
2023060800100036,2023년 6월 8일 04시,목요일,전라남도 목포시 옥암동,중상사고,0,1,0,0,차대사람 - 기타,안전운전불이행,건조,맑음,단일로 - 기타,승용,여,40세,상해없음,보행자,여,82세,중상
2023060800100037,2023년 6월 8일 04시,목요일,전라남도 영암군 삼호읍,경상사고,0,0,1,0,차량단독 - 공작물충돌,안전운전불이행,건조,맑음,단일로 - 기타,승용,여,68세,경상,,,,
2023060800100073,2023년 6월 8일 07시,목요일,전라남도 보성군 조성면,중상사고,0,1,0,0,차량단독 - 전도전복 - 전도,안전운전불이행,건조,맑음,기타 - 기타,기타불명,남,75세,중상,,,,
2023060800100074,2023년 6월 8일 07시,목요일,전라남도 화순군 화순읍,경상사고,0,0,1,4,차대차 - 측면충돌,교차로운행방법위반,건조,맑음,교차로 - 교차로안,승용,남,67세,부상신고,승용,여,38세,경상
2023060800100138,2023년 6월 8일 09시,목요일,전라남도 목포시 용당동,경상사고,0,0,1,0,차대차 - 정면충돌,신호위반,건조,맑음,교차로 - 교차로부근,승용,남,53세,상해없음,승용,남,64세,경상
2023060800100139,2023년 6월 8일 09시,목요일,전라남도 담양군 대전면,경상사고,0,0,2,0,차대차 - 측면충돌,신호위반,건조,맑음,교차로 - 교차로안,승용,여,50세,경상,승용,남,49세,경상
2023060800100140,2023년 6월 8일 09시,목요일,전라남도 담양군 대전면,경상사고,0,0,1,0,차량단독 - 기타,안전운전불이행,건조,맑음,단일로 - 기타,사륜오토바이(ATV),여,83세,경상,,,,
2023060800100141,2023년 6월 8일 09시,목요일,전라남도 무안군 운남면,중상사고,0,1,0,0,차대차 - 측면충돌,안전운전불이행,건조,맑음,단일로 - 기타,승용,여,31세,상해없음,이륜,남,74세,중상
2023060800100142,2023년 6월 8일 09시,목요일,전라남도 광양시 중동,부상신고사고,0,0,0,1,차대차 - 기타,교차로운행방법위반,건조,맑음,교차로 - 교차로안,승용,여,47세,부상신고,승용,여,56세,상해없음
2023060800100177,2023년 6월 8일 10시,목요일,전라남도 곡성군 곡성읍,경상사고,0,0,1,0,차대차 - 추돌,안전운전불이행,건조,맑음,교차로 - 교차로부근,건설기계,남,53세,상해없음,승용,여,39세,경상
2023060800100178,2023년 6월 8일 10시,목요일,전라남도 진도군 진도읍,중상사고,0,1,0,0,차대차 - 측면충돌,안전운전불이행,건조,맑음,교차로 - 교차로안,이륜,여,72세,중상,화물,남,67세,상해없음
2023060800100225,2023년 6월 8일 12시,목요일,전라남도 광양시 광양읍,경상사고,0,0,2,0,차대차 - 측면충돌,안전운전불이행,건조,맑음,단일로 - 기타,이륜,남,26세,상해없음,승용,남,49세,경상
2023060800100257,2023년 6월 8일 13시,목요일,전라남도 목포시 수강동1가,경상사고,0,0,1,0,차대사람 - 기타,안전운전불이행,건조,맑음,단일로 - 기타,승용,여,33세,상해없음,보행자,남,25세,경상
2023060800100258,2023년 6월 8일 13시,목요일,전라남도 함평군 손불면,사망사고,1,1,1,0,차량단독 - 기타,안전운전불이행,건조,맑음,단일로 - 기타,화물,남,70세,사망,,,,
2023060800100318,2023년 6월 8일 15시,목요일,전라남도 장흥군 장흥읍,중상사고,0,1,0,0,차량단독 - 공작물충돌,안전운전불이행,건조,맑음,단일로 - 기타,농기계,남,73세,중상,,,,
2023060800100319,2023년 6월 8일 15시,목요일,전라남도 곡성군 오곡면,경상사고,0,0,2,0,차대차 - 측면충돌,직진우회전진행방해,건조,맑음,교차로 - 교차로안,승용,여,60세,경상,승용,남,59세,경상
2023060800100388,2023년 6월 8일 17시,목요일,전라남도 순천시 가곡동,경상사고,0,0,1,0,차대차 - 기타,안전운전불이행,건조,맑음,기타 - 기타,승용,여,64세,기타불명,승합,남,22세,상해없음
2023060800100389,2023년 6월 8일 17시,목요일,전라남도 담양군 담양읍,경상사고,0,0,1,0,차대차 - 측면충돌,안전운전불이행,건조,맑음,단일로 - 기타,승용,남,51세,상해없음,승용,여,22세,경상
2023060800100423,2023년 6월 8일 18시,목요일,전라남도 함평군 함평읍,경상사고,0,0,1,0,차대차 - 기타,교차로운행방법위반,건조,맑음,교차로 - 교차로안,승용,남,27세,상해없음,승용,여,73세,경상
2023060800100424,2023년 6월 8일 18시,목요일,전라남도 광양시 황길동,경상사고,0,0,1,0,차대차 - 측면충돌,신호위반,건조,맑음,교차로 - 교차로안,승용,남,59세,기타불명,승용,여,38세,경상
2023060800100483,2023년 6월 8일 20시,목요일,전라남도 순천시 연향동,경상사고,0,0,1,0,차대차 - 기타,기타,건조,맑음,교차로 - 교차로부근,승용,남,46세,상해없음,승합,남,54세,경상
2023060900100093,2023년 6월 9일 08시,금요일,전라남도 목포시 상동,경상사고,0,0,1,0,차대차 - 측면충돌,안전운전불이행,건조,맑음,교차로 - 교차로안,승용,남,40세,상해없음,승용,여,42세,경상
2023060900100094,2023년 6월 9일 08시,금요일,전라남도 강진군 도암면,경상사고,0,0,1,0,차대차 - 기타,안전운전불이행,건조,맑음,교차로 - 교차로부근,승용,여,45세,상해없음,승용,여,28세,경상
2023060900100095,2023년 6월 9일 08시,금요일,전라남도 곡성군 목사동면,경상사고,0,0,1,0,차대사람 - 기타,안전운전불이행,건조,맑음,단일로 - 기타,승용,여,60세,상해없음,보행자,여,79세,경상
2023060900100135,2023년 6월 9일 09시,금요일,전라남도 장흥군 장흥읍,중상사고,0,1,0,0,차대차 - 기타,기타,건조,맑음,교차로 - 교차로안,승용,남,69세,상해없음,승용,남,73세,상해없음
2023060900100169,2023년 6월 9일 10시,금요일,전라남도 영암군 삼호읍,사망사고,2,1,1,0,차대차 - 측면충돌,신호위반,건조,맑음,교차로 - 교차로안,승용,남,30세,경상,화물,남,66세,중상
2023060900100249,2023년 6월 9일 12시,금요일,전라남도 해남군 문내면,사망사고,1,0,0,0,차대사람 - 기타,안전운전불이행,건조,맑음,단일로 - 기타,화물,남,34세,기타불명,보행자,남,63세,사망
2023060900100250,2023년 6월 9일 12시,금요일,전라남도 함평군 함평읍,경상사고,0,0,1,0,차대사람 - 기타,안전운전불이행,건조,맑음,단일로 - 기타,승합,남,56세,상해없음,보행자,여,78세,경상
2023060900100251,2023년 6월 9일 12시,금요일,전라남도 광양시 광영동,경상사고,0,0,1,0,차대차 - 정면충돌,직진우회전진행방해,건조,맑음,교차로 - 교차로안,승용,남,62세,상해없음,승용,남,56세,경상
2023060900100274,2023년 6월 9일 13시,금요일,전라남도 광양시 진월면,경상사고,0,0,2,0,차대차 - 추돌,안전거리미확보,건조,맑음,단일로 - 터널,화물,남,37세,상해없음,승합,남,70세,경상
2023060900100335,2023년 6월 9일 15시,금요일,전라남도 목포시 상동,경상사고,0,0,1,0,차대사람 - 기타,안전운전불이행,건조,맑음,단일로 - 기타,승용,여,45세,상해없음,보행자,남,38세,경상
2023060900100336,2023년 6월 9일 15시,금요일,전라남도 보성군 보성읍,경상사고,0,0,1,0,차대사람 - 횡단중,안전운전불이행,건조,맑음,교차로 - 교차로부근,승용,남,50세,상해없음,보행자,남,8세,경상
2023060900100337,2023년 6월 9일 15시,금요일,전라남도 영암군 군서면,경상사고,0,0,2,0,차대차 - 추돌,안전운전불이행,건조,맑음,단일로 - 기타,승용,남,79세,경상,승용,남,52세,경상
2023060900100391,2023년 6월 9일 16시,금요일,전라남도 곡성군 오곡면,경상사고,0,0,2,0,차대차 - 기타,안전운전불이행,건조,맑음,교차로 - 교차로안,승용,남,19세,상해없음,화물,남,47세,경상
2023060900100392,2023년 6월 9일 16시,금요일,전라남도 광양시 다압면,경상사고,0,0,1,0,차량단독 - 공작물충돌,안전운전불이행,건조,맑음,단일로 - 기타,화물,남,53세,경상,,,,
2023060900100446,2023년 6월 9일 17시,금요일,전라남도 순천시 연향동,중상사고,0,1,0,0,차대차 - 측면충돌,안전운전불이행,건조,맑음,단일로 - 기타,화물,남,25세,상해없음,이륜,여,28세,중상
2023060900100447,2023년 6월 9일 17시,금요일,전라남도 보성군 벌교읍,중상사고,0,1,0,0,차대차 - 측면충돌,안전운전불이행,건조,맑음,교차로 - 교차로부근,이륜,남,83세,중상,승용,남,67세,상해없음
2023060900100545,2023년 6월 9일 19시,금요일,전라남도 목포시 옥암동,경상사고,0,0,2,0,차대차 - 측면충돌,안전운전불이행,건조,맑음,교차로 - 교차로안,승용,남,38세,기타불명,화물,남,29세,경상
2023060900100546,2023년 6월 9일 19시,금요일,전라남도 여수시 중앙동,경상사고,0,0,1,0,차량단독 - 공작물충돌,안전운전불이행,건조,맑음,단일로 - 기타,원동기,남,51세,경상,,,,
2023060900100547,2023년 6월 9일 19시,금요일,전라남도 순천시 조례동,중상사고,0,1,0,0,차대차 - 측면충돌,안전운전불이행,건조,맑음,단일로 - 기타,승용,남,59세,상해없음,이륜,남,39세,중상
2023060900100577,2023년 6월 9일 20시,금요일,전라남도 목포시 상동,경상사고,0,0,1,0,차대차 - 측면충돌,교차로운행방법위반,건조,맑음,교차로 - 교차로안,승용,여,48세,상해없음,이륜,남,19세,경상
2023060900100578,2023년 6월 9일 20시,금요일,전라남도 무안군 삼향읍,중상사고,0,1,2,0,차대차 - 측면충돌,안전운전불이행,건조,맑음,교차로 - 교차로안,승용,여,34세,상해없음,승용,여,71세,경상
2023060900100579,2023년 6월 9일 20시,금요일,전라남도 광양시 중동,경상사고,0,0,1,0,차대차 - 추돌,안전운전불이행,건조,맑음,교차로 - 교차로부근,승용,남,51세,상해없음,승용,남,62세,경상
2023060900100603,2023년 6월 9일 21시,금요일,전라남도 순천시 가곡동,사망사고,1,0,0,0,차대차 - 정면충돌,신호위반,건조,맑음,교차로 - 교차로안,이륜,남,19세,사망,승용,남,57세,상해없음
2023060900100604,2023년 6월 9일 21시,금요일,전라남도 담양군 월산면,사망사고,1,0,0,0,차대사람 - 차도통행중,안전운전불이행,건조,맑음,단일로 - 기타,승용,남,64세,상해없음,보행자,여,69세,사망
2023060900100645,2023년 6월 9일 23시,금요일,전라남도 화순군 화순읍,중상사고,0,1,0,0,차대사람 - 길가장자리구역통행중,안전운전불이행,건조,맑음,교차로 - 교차로부근,승용,남,42세,기타불명,보행자,남,49세,중상
2023061000100082,2023년 6월 10일 08시,토요일,전라남도 목포시 대양동,중상사고,0,1,0,0,차대차 - 기타,교차로운행방법위반,건조,맑음,교차로 - 교차로안,승용,남,55세,상해없음,자전거,남,59세,중상
2023061000100101,2023년 6월 10일 09시,토요일,전라남도 장성군 진원면,경상사고,0,0,1,0,차대차 - 추돌,안전운전불이행,건조,맑음,단일로 - 기타,승용,남,79세,상해없음,승용,남,47세,경상
2023061000100130,2023년 6월 10일 10시,토요일,전라남도 구례군 구례읍,사망사고,1,0,0,0,차대사람 - 기타,중앙선침범,건조,맑음,단일로 - 기타,승용,여,43세,상해없음,보행자,남,73세,사망
2023061000100163,2023년 6월 10일 11시,토요일,전라남도 목포시 옥암동,경상사고,0,0,1,0,차대사람 - 기타,안전운전불이행,건조,맑음,교차로 - 교차로부근,승용,남,20세,상해없음,보행자,여,50세,경상
2023061000100164,2023년 6월 10일 11시,토요일,전라남도 여수시 신월동,사망사고,1,0,1,0,차대차 - 측면충돌,기타,건조,맑음,단일로 - 기타,승용,남,56세,사망,승용,남,74세,경상