사고번호,사고일시,요일,시군구,사고내용,사망자수,중상자수,경상자수,부상신고자수,사고유형,법규위반,노면상태,기상상태,도로형태,가해운전자 차종,가해운전자 성별,가해운전자 연령,가해운전자 상해정도,피해운전자 차종,피해운전자 성별,피해운전자 연령,피해운전자 상해정도
2023061000100165,2023년 6월 10일 11시,토요일,전라남도 순천시 해룡면,경상사고,0,0,2,1,차대차 - 기타,교차로운행방법위반,건조,맑음,교차로 - 교차로안,승용,남,42세,부상신고,승용,남,60세,경상
2023061000100166,2023년 6월 10일 11시,토요일,전라남도 나주시 빛가람동,경상사고,0,0,1,0,차대차 - 측면충돌,신호위반,건조,맑음,교차로 - 교차로안,화물,남,40세,상해없음,화물,남,75세,경상
2023061000100167,2023년 6월 10일 11시,토요일,전라남도 영광군 영광읍,중상사고,0,1,0,0,차대차 - 측면충돌,교차로운행방법위반,건조,맑음,교차로 - 교차로안,승용,남,33세,상해없음,이륜,남,71세,중상
2023061000100202,2023년 6월 10일 12시,토요일,전라남도 목포시 상동,중상사고,0,1,0,0,차대차 - 측면충돌,직진우회전진행방해,건조,맑음,교차로 - 교차로안,승용,남,64세,상해없음,이륜,남,27세,중상
2023061000100203,2023년 6월 10일 12시,토요일,전라남도 여수시 국동,중상사고,0,1,1,0,차대차 - 기타,교차로운행방법위반,건조,맑음,교차로 - 교차로안,승용,남,59세,경상,승용,여,65세,중상
2023061000100204,2023년 6월 10일 12시,토요일,전라남도 보성군 조성면,중상사고,0,1,1,0,차량단독 - 공작물충돌,안전운전불이행,건조,맑음,교차로 - 교차로안,화물,남,76세,경상,,,,
2023061000100235,2023년 6월 10일 13시,토요일,전라남도 순천시 용당동,경상사고,0,0,2,0,차대차 - 기타,신호위반,건조,맑음,교차로 - 교차로안,승용,여,33세,경상,승용,남,63세,경상
2023061000100277,2023년 6월 10일 14시,토요일,전라남도 여수시 종화동,경상사고,0,0,2,0,차대차 - 기타,안전운전불이행,건조,맑음,기타 - 기타,승용,남,60세,상해없음,승용,남,31세,경상
2023061000100278,2023년 6월 10일 14시,토요일,전라남도 나주시 남평읍,경상사고,0,0,3,0,차대차 - 측면충돌,안전운전불이행,건조,맑음,단일로 - 기타,승용,남,37세,경상,화물,남,36세,경상
2023061000100411,2023년 6월 10일 18시,토요일,전라남도 순천시 조례동,중상사고,0,1,0,0,차대차 - 기타,기타,젖음/습기,흐림,교차로 - 교차로부근,승용,남,71세,상해없음,이륜,남,48세,중상
2023061000100412,2023년 6월 10일 18시,토요일,전라남도 영광군 영광읍,중상사고,0,1,0,0,차대차 - 측면충돌,교차로운행방법위반,건조,맑음,교차로 - 교차로안,이륜,여,70세,중상,승용,여,48세,상해없음
2023061000100413,2023년 6월 10일 18시,토요일,전라남도 무안군 삼향읍,경상사고,0,0,1,0,차대사람 - 횡단중,안전운전불이행,건조,맑음,단일로 - 기타,승용,여,21세,상해없음,보행자,여,26세,경상
2023061000100441,2023년 6월 10일 19시,토요일,전라남도 담양군 고서면,경상사고,0,0,1,0,차량단독 - 전도전복 - 전도,안전운전불이행,건조,맑음,단일로 - 기타,자전거,남,13세,경상,,,,
2023061000100468,2023년 6월 10일 20시,토요일,전라남도 여수시 광무동,중상사고,0,1,0,0,차대차 - 측면충돌,중앙선침범,건조,맑음,교차로 - 교차로안,승합,남,57세,상해없음,이륜,남,43세,중상
2023061100100090,2023년 6월 11일 09시,일요일,전라남도 여수시 고소동,경상사고,0,0,1,0,차대차 - 후진중충돌,안전운전불이행,건조,맑음,단일로 - 기타,승용,남,65세,상해없음,승용,남,42세,경상
2023061100100107,2023년 6월 11일 10시,일요일,전라남도 순천시 주암면,중상사고,0,1,1,0,차대차 - 측면충돌,기타,건조,맑음,교차로 - 교차로안,이륜,남,38세,중상,농기계,남,75세,경상
2023061100100157,2023년 6월 11일 12시,일요일,전라남도 화순군 화순읍,경상사고,0,0,1,0,차대차 - 측면충돌,직진우회전진행방해,건조,맑음,교차로 - 교차로안,화물,남,52세,상해없음,승용,여,53세,경상
2023061100100212,2023년 6월 11일 14시,일요일,전라남도 순천시 해룡면,경상사고,0,0,3,0,차대차 - 기타,직진우회전진행방해,건조,맑음,교차로 - 교차로안,승용,여,56세,경상,승용,남,29세,경상
2023061100100249,2023년 6월 11일 15시,일요일,전라남도 신안군 하의면,중상사고,0,1,1,0,차대사람 - 기타,안전운전불이행,건조,맑음,단일로 - 기타,화물,남,67세,상해없음,보행자,남,75세,중상
2023061100100250,2023년 6월 11일 15시,일요일,전라남도 목포시 상동,경상사고,0,0,1,0,차대사람 - 기타,교차로운행방법위반,건조,맑음,교차로 - 교차로부근,승용,남,30세,상해없음,보행자,남,49세,경상
2023061100100251,2023년 6월 11일 15시,일요일,전라남도 순천시 황전면,중상사고,0,1,0,0,차량단독 - 공작물충돌,안전운전불이행,건조,맑음,단일로 - 기타,승용,남,57세,상해없음,,,,
2023061100100279,2023년 6월 11일 16시,일요일,전라남도 순천시 남정동,사망사고,1,0,0,0,차대사람 - 횡단중,보행자보호의무위반,건조,맑음,교차로 - 교차로안,승용,남,57세,상해없음,보행자,여,72세,사망
2023061100100280,2023년 6월 11일 16시,일요일,전라남도 장흥군 장흥읍,중상사고,0,1,0,0,차량단독 - 도로외이탈 - 추락,안전운전불이행,건조,맑음,단일로 - 기타,승용,남,53세,상해없음,,,,
2023061100100308,2023년 6월 11일 17시,일요일,전라남도 순천시 조곡동,경상사고,0,0,2,0,차대차 - 후진중충돌,안전운전불이행,건조,맑음,단일로 - 기타,승합,남,67세,상해없음,승용,여,39세,경상
2023061100100357,2023년 6월 11일 19시,일요일,전라남도 목포시 상동,경상사고,0,0,2,0,차대차 - 기타,안전운전불이행,건조,맑음,교차로 - 교차로안,승용,여,57세,상해없음,승용,남,20세,경상
2023061100100384,2023년 6월 11일 20시,일요일,전라남도 여수시 학동,경상사고,0,0,2,0,차대차 - 기타,중앙선침범,건조,맑음,주차장 - 주차장,이륜,남,27세,경상,이륜,남,26세,경상
2023061100100385,2023년 6월 11일 20시,일요일,전라남도 영암군 신북면,경상사고,0,0,1,0,차대차 - 추돌,안전운전불이행,건조,맑음,단일로 - 기타,화물,남,63세,상해없음,승용,남,69세,상해없음
2023061200100003,2023년 6월 12일 00시,월요일,전라남도 완도군 완도읍,사망사고,1,0,0,0,차대사람 - 횡단중,기타,건조,맑음,단일로 - 기타,승용,남,18세,상해없음,보행자,남,55세,사망
2023061200100060,2023년 6월 12일 07시,월요일,전라남도 광양시 광양읍,경상사고,0,0,1,0,차대사람 - 기타,안전운전불이행,건조,맑음,기타 - 기타,승용,남,57세,상해없음,보행자,남,48세,경상
2023061200100153,2023년 6월 12일 09시,월요일,전라남도 순천시 조례동,중상사고,0,2,0,0,차대차 - 기타,안전거리미확보,건조,맑음,교차로 - 교차로부근,승용,남,85세,중상,화물,남,50세,상해없음
2023061200100154,2023년 6월 12일 09시,월요일,전라남도 구례군 구례읍,부상신고사고,0,0,0,1,차량단독 - 도로외이탈 - 추락,안전운전불이행,건조,맑음,기타 - 기타,화물,남,72세,부상신고,,,,
2023061200100212,2023년 6월 12일 11시,월요일,전라남도 목포시 산정동,경상사고,0,0,1,0,차대차 - 기타,안전운전불이행,건조,맑음,단일로 - 기타,승용,남,71세,상해없음,승용,여,71세,경상
2023061200100213,2023년 6월 12일 11시,월요일,전라남도 여수시 서교동,경상사고,0,0,3,0,차대차 - 기타,안전운전불이행,건조,맑음,단일로 - 기타,승합,남,54세,상해없음,승용,여,50세,경상
2023061200100214,2023년 6월 12일 11시,월요일,전라남도 구례군 구례읍,중상사고,0,1,0,0,차량단독 - 전도전복 - 전복,안전운전불이행,건조,맑음,기타 - 기타,농기계,남,60세,중상,,,,
2023061200100309,2023년 6월 12일 14시,월요일,전라남도 여수시 중흥동,경상사고,0,0,1,0,차대차 - 기타,차로위반,건조,맑음,단일로 - 기타,승용,남,41세,기타불명,승용,남,62세,경상
2023061200100310,2023년 6월 12일 14시,월요일,전라남도 순천시 풍덕동,중상사고,0,1,0,0,차대사람 - 횡단중,중앙선침범,건조,맑음,단일로 - 기타,승용,남,76세,상해없음,보행자,여,68세,중상
2023061200100311,2023년 6월 12일 14시,월요일,전라남도 순천시 연향동,경상사고,0,0,1,0,차대차 - 기타,신호위반,건조,맑음,교차로 - 교차로안,승용,여,59세,상해없음,자전거,남,69세,경상
2023061200100312,2023년 6월 12일 14시,월요일,전라남도 장성군 남면,경상사고,0,0,2,0,차대차 - 추돌,안전거리미확보,건조,맑음,단일로 - 기타,건설기계,남,59세,상해없음,승용,여,72세,경상
2023061200100345,2023년 6월 12일 15시,월요일,전라남도 진도군 진도읍,경상사고,0,0,1,0,차대차 - 기타,기타,건조,맑음,교차로 - 교차로부근,승용,남,64세,상해없음,이륜,여,62세,경상
2023061200100428,2023년 6월 12일 17시,월요일,전라남도 목포시 상동,경상사고,0,0,1,0,차대차 - 기타,안전운전불이행,건조,맑음,교차로 - 교차로안,승용,남,46세,상해없음,승용,남,46세,경상
2023061200100429,2023년 6월 12일 17시,월요일,전라남도 여수시 웅천동,경상사고,0,0,1,0,차대차 - 추돌,안전운전불이행,건조,맑음,단일로 - 기타,원동기,남,59세,상해없음,승용,남,62세,경상
2023061200100430,2023년 6월 12일 17시,월요일,전라남도 여수시 안산동,경상사고,0,0,1,0,차대차 - 측면충돌,안전거리미확보,건조,맑음,단일로 - 기타,화물,남,72세,상해없음,승용,여,61세,경상
2023061200100431,2023년 6월 12일 17시,월요일,전라남도 나주시 삼도동,중상사고,0,1,1,0,차대차 - 측면충돌,교차로운행방법위반,건조,맑음,교차로 - 교차로부근,화물,여,60세,상해없음,이륜,남,77세,경상
2023061200100432,2023년 6월 12일 17시,월요일,전라남도 광양시 중동,경상사고,0,0,1,0,차대사람 - 횡단중,보행자보호의무위반,건조,맑음,교차로 - 교차로안,승용,여,67세,상해없음,보행자,남,15세,경상
2023061200100471,2023년 6월 12일 18시,월요일,전라남도 목포시 연산동,경상사고,0,0,4,0,차대차 - 기타,직진우회전진행방해,건조,맑음,교차로 - 교차로안,승용,남,47세,경상,승용,남,44세,경상
2023061200100472,2023년 6월 12일 18시,월요일,전라남도 여수시 신월동,경상사고,0,0,3,0,차대차 - 추돌,안전운전불이행,건조,맑음,교차로 - 교차로부근,승용,여,65세,기타불명,승용,남,37세,경상
2023061200100473,2023년 6월 12일 18시,월요일,전라남도 장흥군 장흥읍,경상사고,0,0,1,0,차대차 - 후진중충돌,안전운전불이행,건조,맑음,주차장 - 주차장,승용,남,71세,상해없음,화물,남,28세,경상
2023061200100474,2023년 6월 12일 18시,월요일,전라남도 해남군 옥천면,중상사고,0,1,0,0,차대차 - 측면충돌,기타,건조,맑음,교차로 - 교차로안,화물,남,33세,기타불명,자전거,남,81세,중상
2023061200100475,2023년 6월 12일 18시,월요일,전라남도 장성군 남면,경상사고,0,0,1,0,차대차 - 추돌,안전거리미확보,건조,맑음,단일로 - 기타,승용,남,50세,상해없음,승용,여,35세,경상
2023061200100476,2023년 6월 12일 18시,월요일,전라남도 담양군 담양읍,부상신고사고,0,0,0,1,차량단독 - 공작물충돌,안전운전불이행,건조,맑음,단일로 - 교량,승용,여,59세,부상신고,,,,
2023061200100514,2023년 6월 12일 19시,월요일,전라남도 여수시 선원동,경상사고,0,0,1,0,차대차 - 기타,안전운전불이행,건조,맑음,교차로 - 교차로부근,승용,남,21세,상해없음,승용,여,25세,경상
2023061300100046,2023년 6월 13일 06시,화요일,전라남도 목포시 산정동,경상사고,0,0,5,0,차대차 - 기타,안전운전불이행,건조,맑음,교차로 - 교차로부근,승합,남,69세,상해없음,승용,남,68세,경상
2023061300100100,2023년 6월 13일 08시,화요일,전라남도 함평군 손불면,경상사고,0,0,2,0,차량단독 - 전도전복 - 전복,안전운전불이행,건조,맑음,단일로 - 기타,승용,여,71세,경상,,,,
2023061300100138,2023년 6월 13일 09시,화요일,전라남도 목포시 석현동,경상사고,0,0,2,0,차대차 - 기타,안전거리미확보,건조,맑음,교차로 - 교차로부근,승용,여,45세,상해없음,승용,남,22세,경상
2023061300100139,2023년 6월 13일 09시,화요일,전라남도 여수시 주삼동,경상사고,0,0,1,0,차대차 - 추돌,안전운전불이행,건조,맑음,교차로 - 교차로안,화물,남,60세,상해없음,승용,남,49세,경상
2023061300100140,2023년 6월 13일 09시,화요일,전라남도 순천시 주암면,중상사고,0,1,0,0,차대차 - 측면충돌,직진우회전진행방해,건조,맑음,교차로 - 교차로안,승용,남,58세,상해없음,이륜,여,72세,중상
2023061300100141,2023년 6월 13일 09시,화요일,전라남도 순천시 매곡동,경상사고,0,0,1,0,차대차 - 측면충돌,교차로운행방법위반,건조,맑음,교차로 - 교차로안,승용,남,62세,상해없음,승용,남,50세,경상
2023061300100142,2023년 6월 13일 09시,화요일,전라남도 고흥군 도양읍,중상사고,0,1,0,0,차대사람 - 기타,안전운전불이행,기타,맑음,단일로 - 기타,화물,남,55세,상해없음,보행자,여,57세,중상
2023061300100143,2023년 6월 13일 09시,화요일,전라남도 광양시 중동,경상사고,0,0,1,0,차대차 - 기타,안전거리미확보,건조,맑음,교차로 - 교차로부근,승용,여,32세,상해없음,승용,여,72세,경상
2023061300100178,2023년 6월 13일 10시,화요일,전라남도 순천시 연향동,경상사고,0,0,1,0,차대차 - 측면충돌,신호위반,건조,맑음,교차로 - 교차로횡단보도내,승용,남,56세,상해없음,자전거,남,45세,경상
2023061300100236,2023년 6월 13일 12시,화요일,전라남도 함평군 함평읍,경상사고,0,0,1,0,차대차 - 측면충돌,직진우회전진행방해,건조,맑음,교차로 - 교차로안,승용,여,39세,상해없음,이륜,남,74세,경상
2023061300100237,2023년 6월 13일 12시,화요일,전라남도 영암군 삼호읍,중상사고,0,1,1,0,차대차 - 측면충돌,안전운전불이행,건조,맑음,교차로 - 교차로안,승용,여,42세,중상,승용,남,47세,경상
2023061300100270,2023년 6월 13일 13시,화요일,전라남도 순천시 서면,경상사고,0,0,1,0,차대차 - 기타,안전운전불이행,건조,맑음,교차로 - 교차로안,원동기,남,82세,경상,화물,남,45세,상해없음
2023061300100298,2023년 6월 13일 14시,화요일,전라남도 여수시 시전동,경상사고,0,0,1,0,차대차 - 기타,안전운전불이행,건조,맑음,단일로 - 기타,승용,남,60세,상해없음,승용,남,27세,경상
2023061300100299,2023년 6월 13일 14시,화요일,전라남도 영암군 미암면,중상사고,0,1,0,0,차대차 - 측면충돌,기타,건조,맑음,교차로 - 교차로안,승합,여,58세,상해없음,이륜,남,83세,중상
2023061300100300,2023년 6월 13일 14시,화요일,전라남도 담양군 고서면,경상사고,0,0,2,0,차대차 - 측면충돌,기타,건조,맑음,교차로 - 교차로안,승용,남,64세,경상,승용,여,46세,경상
2023061300100333,2023년 6월 13일 15시,화요일,전라남도 여수시 미평동,중상사고,0,1,0,0,차량단독 - 기타,기타,건조,맑음,교차로 - 교차로부근,승합,남,66세,상해없음,,,,
2023061300100334,2023년 6월 13일 15시,화요일,전라남도 순천시 석현동,경상사고,0,0,1,0,차대차 - 측면충돌,안전운전불이행,건조,맑음,단일로 - 기타,승용,여,64세,상해없음,자전거,남,80세,경상
2023061300100379,2023년 6월 13일 16시,화요일,전라남도 여수시 오림동,경상사고,0,0,1,0,차대차 - 기타,안전거리미확보,건조,맑음,교차로 - 교차로부근,승용,남,72세,상해없음,승합,남,57세,상해없음
2023061300100380,2023년 6월 13일 16시,화요일,전라남도 장성군 장성읍,중상사고,0,1,1,0,차대차 - 측면충돌,안전운전불이행,건조,맑음,교차로 - 교차로안,화물,남,53세,중상,화물,남,49세,경상
2023061300100431,2023년 6월 13일 17시,화요일,전라남도 목포시 옥암동,경상사고,0,0,1,0,차대차 - 측면충돌,안전운전불이행,건조,맑음,교차로 - 교차로부근,승용,남,30세,상해없음,이륜,남,35세,경상
2023061300100432,2023년 6월 13일 17시,화요일,전라남도 순천시 조례동,경상사고,0,0,1,0,차대사람 - 횡단중,보행자보호의무위반,건조,맑음,교차로 - 교차로횡단보도내,승용,여,33세,상해없음,보행자,남,17세,경상
2023061300100491,2023년 6월 13일 18시,화요일,전라남도 해남군 해남읍,중상사고,0,1,0,0,차대사람 - 횡단중,안전운전불이행,건조,맑음,단일로 - 기타,승용,여,50세,상해없음,보행자,여,82세,중상
2023061300100492,2023년 6월 13일 18시,화요일,전라남도 함평군 함평읍,중상사고,0,1,0,0,차대사람 - 기타,안전운전불이행,건조,맑음,단일로 - 기타,화물,남,44세,상해없음,보행자,여,81세,중상
2023061300100493,2023년 6월 13일 18시,화요일,전라남도 담양군 담양읍,경상사고,0,0,1,0,차대차 - 추돌,안전운전불이행,건조,맑음,단일로 - 기타,승용,남,63세,상해없음,승용,여,42세,경상
2023061300100532,2023년 6월 13일 19시,화요일,전라남도 목포시 상동,경상사고,0,0,2,0,차대차 - 기타,신호위반,건조,맑음,교차로 - 교차로안,승합,남,62세,상해없음,승용,남,38세,경상
2023061300100533,2023년 6월 13일 19시,화요일,전라남도 나주시 금천면,중상사고,0,1,0,0,차대차 - 기타,안전운전불이행,건조,맑음,단일로 - 기타,화물,남,68세,상해없음,원동기,남,82세,중상
2023061300100557,2023년 6월 13일 20시,화요일,전라남도 나주시 다시면,중상사고,0,1,0,0,차량단독 - 기타,안전운전불이행,건조,맑음,기타 - 기타,승합,남,48세,상해없음,,,,
2023061300100581,2023년 6월 13일 21시,화요일,전라남도 담양군 고서면,중상사고,0,1,0,0,차대차 - 정면충돌,중앙선침범,건조,맑음,교차로 - 교차로안,승용,남,58세,상해없음,승용,남,64세,중상
2023061300100582,2023년 6월 13일 21시,화요일,전라남도 광양시 중동,경상사고,0,0,1,0,차대차 - 기타,안전운전불이행,건조,맑음,기타 - 기타,승용,여,29세,상해없음,승합,남,52세,경상
2023061300100600,2023년 6월 13일 22시,화요일,전라남도 여수시 충무동,중상사고,0,1,0,0,차대차 - 측면충돌,중앙선침범,건조,맑음,단일로 - 기타,승용,남,37세,상해없음,이륜,남,28세,중상
2023061300100613,2023년 6월 13일 23시,화요일,전라남도 광양시 중동,경상사고,0,0,1,0,차대차 - 측면충돌,안전운전불이행,건조,맑음,단일로 - 기타,승용,남,34세,경상,승용,남,56세,상해없음
2023061400100103,2023년 6월 14일 08시,수요일,전라남도 순천시 주암면,사망사고,1,0,0,0,차대차 - 추돌,안전운전불이행,건조,맑음,단일로 - 기타,승용,남,27세,사망,화물,남,35세,상해없음
2023061400100146,2023년 6월 14일 09시,수요일,전라남도 목포시 수강동1가,경상사고,0,0,2,0,차대차 - 측면충돌,안전거리미확보,건조,맑음,교차로 - 교차로횡단보도내,화물,남,73세,상해없음,승용,남,44세,경상
2023061400100147,2023년 6월 14일 09시,수요일,전라남도 나주시 영산동,경상사고,0,0,1,0,차량단독 - 전도전복 - 전도,안전운전불이행,건조,맑음,단일로 - 기타,이륜,남,80세,경상,,,,
2023061400100148,2023년 6월 14일 09시,수요일,전라남도 광양시 마동,경상사고,0,0,1,0,차대차 - 측면충돌,직진우회전진행방해,건조,맑음,교차로 - 교차로안,승용,여,27세,상해없음,승용,여,39세,경상
2023061400100177,2023년 6월 14일 10시,수요일,전라남도 순천시 연향동,경상사고,0,0,1,0,차대차 - 측면충돌,안전운전불이행,건조,맑음,단일로 - 기타,승합,남,57세,상해없음,승용,여,47세,상해없음
2023061400100178,2023년 6월 14일 10시,수요일,전라남도 고흥군 고흥읍,중상사고,0,1,0,0,차대사람 - 기타,안전운전불이행,건조,맑음,기타 - 기타,승용,여,66세,상해없음,보행자,여,77세,중상
2023061400100255,2023년 6월 14일 12시,수요일,전라남도 순천시 해룡면,경상사고,0,0,1,0,차대차 - 측면충돌,직진우회전진행방해,건조,맑음,교차로 - 교차로안,화물,남,44세,상해없음,승용,여,26세,경상
2023061400100256,2023년 6월 14일 12시,수요일,전라남도 영암군 도포면,경상사고,0,0,1,0,차대차 - 추돌,안전운전불이행,건조,맑음,교차로 - 교차로부근,승용,여,66세,상해없음,화물,남,38세,경상
2023061400100312,2023년 6월 14일 14시,수요일,전라남도 해남군 송지면,중상사고,0,1,0,0,차대사람 - 기타,안전운전불이행,건조,맑음,단일로 - 기타,화물,남,64세,상해없음,보행자,여,88세,중상
2023061400100313,2023년 6월 14일 14시,수요일,전라남도 영암군 미암면,경상사고,0,0,1,0,차대사람 - 횡단중,안전운전불이행,건조,맑음,단일로 - 기타,승용,남,64세,상해없음,보행자,여,78세,경상
2023061400100351,2023년 6월 14일 15시,수요일,전라남도 여수시 여천동,중상사고,0,1,0,0,차량단독 - 전도전복 - 전도,안전운전불이행,건조,맑음,단일로 - 기타,이륜,남,31세,중상,,,,
2023061400100352,2023년 6월 14일 15시,수요일,전라남도 장흥군 부산면,중상사고,0,1,2,0,차대차 - 기타,안전운전불이행,건조,맑음,교차로 - 교차로안,승용,남,84세,상해없음,화물,남,44세,경상
2023061400100387,2023년 6월 14일 16시,수요일,전라남도 나주시 남내동,중상사고,0,1,0,0,차량단독 - 전도전복 - 전도,안전운전불이행,건조,맑음,교차로 - 교차로안,원동기,남,81세,상해없음,,,,
2023061400100434,2023년 6월 14일 17시,수요일,전라남도 여수시 신기동,경상사고,0,0,1,0,차대차 - 추돌,안전운전불이행,건조,맑음,단일로 - 기타,승용,남,84세,상해없음,승용,여,36세,경상
2023061400100435,2023년 6월 14일 17시,수요일,전라남도 여수시 안산동,경상사고,0,0,1,0,차대차 - 측면충돌,안전거리미확보,건조,맑음,교차로 - 교차로횡단보도내,화물,남,46세,상해없음,승용,여,31세,경상
2023061400100436,2023년 6월 14일 17시,수요일,전라남도 영광군 홍농읍,중상사고,0,1,0,0,차대차 - 측면충돌,직진우회전진행방해,건조,맑음,교차로 - 교차로안,화물,남,58세,상해없음,승용,여,36세,중상
2023061400100485,2023년 6월 14일 18시,수요일,전라남도 나주시 노안면,경상사고,0,0,1,0,차대차 - 기타,안전운전불이행,건조,맑음,기타 - 기타,승용,남,66세,상해없음,자전거,여,59세,경상
2023061400100520,2023년 6월 14일 19시,수요일,전라남도 순천시 오천동,경상사고,0,0,1,0,차대차 - 측면충돌,안전운전불이행,건조,맑음,단일로 - 기타,승용,남,25세,상해없음,승용,여,24세,경상
2023061400100551,2023년 6월 14일 20시,수요일,전라남도 순천시 승주읍,경상사고,0,0,1,0,차량단독 - 전도전복 - 전도,안전운전불이행,건조,맑음,단일로 - 기타,이륜,남,55세,경상,,,,
2023061500100017,2023년 6월 15일 01시,목요일,전라남도 여수시 소라면,경상사고,0,0,2,0,차대차 - 측면충돌,신호위반,건조,맑음,교차로 - 교차로안,승용,남,44세,상해없음,승용,남,67세,경상
2023061500100038,2023년 6월 15일 04시,목요일,전라남도 순천시 해룡면,중상사고,0,2,0,0,차대차 - 기타,안전운전불이행,건조,맑음,단일로 - 기타,특수,남,61세,중상,승용,남,49세,중상
2023061500100044,2023년 6월 15일 05시,목요일,전라남도 여수시 화양면,경상사고,0,0,1,0,차대차 - 기타,신호위반,건조,맑음,교차로 - 교차로안,승용,남,63세,상해없음,승용,남,60세,경상
2023061500100076,2023년 6월 15일 07시,목요일,전라남도 신안군 안좌면,경상사고,0,0,2,0,차대차 - 기타,중앙선침범,건조,맑음,단일로 - 기타,화물,남,54세,상해없음,화물,여,66세,경상
2023061500100125,2023년 6월 15일 08시,목요일,전라남도 여수시 웅천동,경상사고,0,0,1,0,차대차 - 기타,차로위반,건조,맑음,단일로 - 기타,화물,남,56세,상해없음,승용,남,32세,경상
2023061500100126,2023년 6월 15일 08시,목요일,전라남도 순천시 송광면,경상사고,0,0,2,0,차대차 - 측면충돌,직진우회전진행방해,건조,맑음,교차로 - 교차로안,승합,남,62세,상해없음,건설기계,남,60세,경상
2023061500100127,2023년 6월 15일 08시,목요일,전라남도 해남군 해남읍,중상사고,0,1,0,0,차대차 - 기타,안전운전불이행,건조,맑음,교차로 - 교차로안,승용,남,41세,상해없음,이륜,남,17세,중상
2023061500100128,2023년 6월 15일 08시,목요일,전라남도 광양시 마동,중상사고,0,1,1,0,차대차 - 측면충돌,직진우회전진행방해,건조,맑음,교차로 - 교차로안,승용,남,34세,경상,승용,남,75세,중상
2023061500100162,2023년 6월 15일 09시,목요일,전라남도 목포시 용당동,경상사고,0,0,1,0,차대사람 - 횡단중,신호위반,건조,맑음,교차로 - 교차로부근,승용,남,57세,상해없음,보행자,여,36세,경상
2023061500100163,2023년 6월 15일 09시,목요일,전라남도 나주시 세지면,경상사고,0,0,1,0,차대차 - 측면충돌,안전운전불이행,건조,맑음,교차로 - 교차로안,이륜,남,34세,경상,화물,남,63세,상해없음
2023061500100191,2023년 6월 15일 10시,목요일,전라남도 목포시 상동,경상사고,0,0,1,0,차대차 - 기타,신호위반,건조,맑음,교차로 - 교차로안,승용,남,53세,상해없음,승용,여,28세,경상
2023061500100192,2023년 6월 15일 10시,목요일,전라남도 목포시 상동,경상사고,0,0,3,0,차대차 - 측면충돌,직진우회전진행방해,건조,맑음,교차로 - 교차로안,승용,남,71세,경상,화물,남,67세,경상
2023061500100220,2023년 6월 15일 11시,목요일,전라남도 목포시 옥암동,경상사고,0,0,2,0,차대차 - 기타,신호위반,건조,맑음,교차로 - 교차로안,승용,여,61세,경상,승용,여,29세,경상
2023061500100221,2023년 6월 15일 11시,목요일,전라남도 여수시 덕충동,경상사고,0,0,1,0,차대차 - 기타,안전운전불이행,건조,맑음,기타 - 기타,승용,남,60세,기타불명,승용,남,28세,경상
2023061500100222,2023년 6월 15일 11시,목요일,전라남도 완도군 완도읍,경상사고,0,0,1,0,차대사람 - 길가장자리구역통행중,안전운전불이행,건조,맑음,단일로 - 기타,화물,남,54세,상해없음,보행자,남,49세,경상
2023061500100223,2023년 6월 15일 11시,목요일,전라남도 광양시 광양읍,경상사고,0,0,1,0,차대차 - 측면충돌,안전운전불이행,건조,맑음,교차로 - 교차로안,승용,남,74세,상해없음,이륜,남,47세,경상
2023061500100259,2023년 6월 15일 12시,목요일,전라남도 곡성군 입면,사망사고,1,0,1,0,차대차 - 정면충돌,중앙선침범,건조,맑음,단일로 - 기타,승용,남,66세,사망,특수,남,57세,경상
2023061500100298,2023년 6월 15일 13시,목요일,전라남도 무안군 현경면,중상사고,0,1,0,0,차대차 - 추돌,안전운전불이행,건조,맑음,단일로 - 기타,화물,남,50세,기타불명,원동기,남,80세,중상
2023061500100328,2023년 6월 15일 14시,목요일,전라남도 목포시 산정동,경상사고,0,0,2,0,차대차 - 측면충돌,직진우회전진행방해,건조,맑음,교차로 - 교차로안,이륜,남,37세,경상,승용,여,67세,경상
2023061500100372,2023년 6월 15일 15시,목요일,전라남도 여수시 소라면,중상사고,0,1,0,0,차대사람 - 차도통행중,안전운전불이행,건조,맑음,기타 - 기타,승용,남,69세,상해없음,보행자,남,9세,중상
2023061500100373,2023년 6월 15일 15시,목요일,전라남도 순천시 서면,경상사고,0,0,1,0,차대차 - 측면충돌,안전운전불이행,건조,맑음,단일로 - 기타,특수,남,56세,상해없음,승용,여,38세,경상
2023061500100406,2023년 6월 15일 16시,목요일,전라남도 목포시 용당동,경상사고,0,0,3,0,차대차 - 기타,직진우회전진행방해,건조,맑음,교차로 - 교차로안,승용,여,71세,경상,화물,남,77세,경상
2023061500100407,2023년 6월 15일 16시,목요일,전라남도 여수시 국동,중상사고,0,1,0,0,차대사람 - 기타,안전운전불이행,젖음/습기,비,단일로 - 기타,승용,남,73세,상해없음,보행자,여,61세,중상
2023061500100408,2023년 6월 15일 16시,목요일,전라남도 나주시 송월동,경상사고,0,0,2,0,차대차 - 추돌,안전운전불이행,건조,맑음,교차로 - 교차로부근,승용,여,67세,상해없음,승용,남,52세,경상