사고번호,사고일시,요일,시군구,사고내용,사망자수,중상자수,경상자수,부상신고자수,사고유형,법규위반,노면상태,기상상태,도로형태,가해운전자 차종,가해운전자 성별,가해운전자 연령,가해운전자 상해정도,피해운전자 차종,피해운전자 성별,피해운전자 연령,피해운전자 상해정도
2023061500100461,2023년 6월 15일 17시,목요일,전라남도 여수시 봉강동,경상사고,0,0,1,0,차대차 - 기타,안전운전불이행,건조,맑음,단일로 - 기타,화물,남,62세,상해없음,자전거,남,59세,경상
2023061500100462,2023년 6월 15일 17시,목요일,전라남도 해남군 해남읍,중상사고,0,1,0,0,차대차 - 측면충돌,안전운전불이행,건조,맑음,교차로 - 교차로안,승용,남,60세,기타불명,기타불명,여,88세,중상
2023061500100498,2023년 6월 15일 18시,목요일,전라남도 목포시 산정동,중상사고,0,1,0,0,차량단독 - 공작물충돌,안전운전불이행,건조,맑음,교차로 - 교차로안,자전거,남,13세,중상,,,,
2023061500100499,2023년 6월 15일 18시,목요일,전라남도 목포시 산정동,경상사고,0,0,1,0,차대사람 - 차도통행중,안전운전불이행,건조,맑음,단일로 - 기타,승용,여,56세,상해없음,보행자,여,68세,경상
2023061500100536,2023년 6월 15일 19시,목요일,전라남도 여수시 문수동,경상사고,0,0,2,0,차대차 - 측면충돌,안전운전불이행,건조,맑음,교차로 - 교차로안,승용,남,44세,기타불명,승용,남,31세,경상
2023061500100560,2023년 6월 15일 20시,목요일,전라남도 진도군 고군면,사망사고,1,0,0,0,차대사람 - 횡단중,안전운전불이행,건조,맑음,단일로 - 기타,승용,남,53세,상해없음,보행자,여,82세,사망
2023061500100561,2023년 6월 15일 20시,목요일,전라남도 광양시 광양읍,경상사고,0,0,1,0,차대차 - 추돌,안전운전불이행,건조,맑음,교차로 - 교차로안,승합,남,30세,상해없음,승용,여,38세,경상
2023061500100562,2023년 6월 15일 20시,목요일,전라남도 광양시 광양읍,경상사고,0,0,1,1,차대차 - 측면충돌,중앙선침범,건조,맑음,단일로 - 기타,이륜,남,26세,부상신고,자전거,남,55세,경상
2023061500100594,2023년 6월 15일 21시,목요일,전라남도 순천시 풍덕동,중상사고,0,1,0,0,차대차 - 측면충돌,안전운전불이행,건조,맑음,단일로 - 기타,원동기,남,22세,중상,승용,남,37세,기타불명
2023061500100595,2023년 6월 15일 21시,목요일,전라남도 순천시 장천동,경상사고,0,0,1,0,차대차 - 측면충돌,안전운전불이행,건조,맑음,교차로 - 교차로안,개인형이동수단(PM),남,14세,경상,승용,남,30세,상해없음
2023061500100596,2023년 6월 15일 21시,목요일,전라남도 순천시 연향동,경상사고,0,0,1,0,차대차 - 측면충돌,안전운전불이행,건조,맑음,교차로 - 교차로안,승용,남,41세,상해없음,이륜,남,42세,경상
2023061500100617,2023년 6월 15일 22시,목요일,전라남도 순천시 장천동,경상사고,0,0,1,0,차대차 - 측면충돌,신호위반,건조,맑음,교차로 - 교차로안,승용,남,26세,상해없음,승용,남,59세,경상
2023061600100005,2023년 6월 16일 00시,금요일,전라남도 목포시 상동,경상사고,0,0,2,1,차대차 - 기타,교차로운행방법위반,건조,맑음,교차로 - 교차로안,승용,남,43세,부상신고,승용,남,44세,경상
2023061600100038,2023년 6월 16일 05시,금요일,전라남도 순천시 왕지동,중상사고,0,1,1,0,차대차 - 측면충돌,신호위반,건조,맑음,교차로 - 교차로안,승용,여,58세,중상,승용,남,68세,경상
2023061600100066,2023년 6월 16일 07시,금요일,전라남도 순천시 해룡면,경상사고,0,0,1,0,차대차 - 기타,안전거리미확보,건조,맑음,단일로 - 기타,승용,여,67세,기타불명,승용,여,28세,경상
2023061600100067,2023년 6월 16일 07시,금요일,전라남도 보성군 벌교읍,경상사고,0,0,1,0,차대차 - 후진중충돌,안전운전불이행,건조,맑음,단일로 - 기타,화물,남,63세,상해없음,화물,남,59세,경상
2023061600100099,2023년 6월 16일 08시,금요일,전라남도 여수시 봉산동,경상사고,0,0,1,0,차량단독 - 기타,안전운전불이행,건조,맑음,단일로 - 기타,승합,남,69세,상해없음,,,,
2023061600100131,2023년 6월 16일 09시,금요일,전라남도 목포시 용해동,경상사고,0,0,1,0,차대차 - 측면충돌,신호위반,건조,맑음,교차로 - 교차로안,승용,남,57세,상해없음,승용,남,62세,경상
2023061600100196,2023년 6월 16일 11시,금요일,전라남도 여수시 미평동,경상사고,0,0,1,0,차대차 - 추돌,안전운전불이행,건조,맑음,단일로 - 기타,승용,여,70세,상해없음,승용,남,54세,경상
2023061600100197,2023년 6월 16일 11시,금요일,전라남도 장흥군 관산읍,중상사고,0,1,0,0,차량단독 - 전도전복 - 전도,기타,건조,맑음,단일로 - 기타,이륜,남,42세,중상,,,,
2023061600100198,2023년 6월 16일 11시,금요일,전라남도 해남군 문내면,경상사고,0,0,1,0,차대차 - 측면충돌,중앙선침범,건조,맑음,단일로 - 기타,화물,남,73세,기타불명,승용,여,64세,경상
2023061600100199,2023년 6월 16일 11시,금요일,전라남도 영암군 삼호읍,경상사고,0,0,4,1,차대차 - 측면충돌,안전운전불이행,건조,맑음,교차로 - 교차로부근,승용,여,43세,부상신고,승용,여,42세,경상
2023061600100236,2023년 6월 16일 12시,금요일,전라남도 여수시 화장동,경상사고,0,0,1,0,차대사람 - 차도통행중,안전운전불이행,건조,맑음,단일로 - 기타,승용,남,38세,상해없음,보행자,여,23세,경상
2023061600100237,2023년 6월 16일 12시,금요일,전라남도 여수시 화장동,경상사고,0,0,1,0,차대차 - 측면충돌,안전거리미확보,건조,맑음,교차로 - 교차로부근,승용,남,18세,기타불명,건설기계,남,62세,경상
2023061600100238,2023년 6월 16일 12시,금요일,전라남도 광양시 중동,중상사고,0,1,0,0,차대차 - 측면충돌,교차로운행방법위반,건조,맑음,교차로 - 교차로안,승용,남,55세,기타불명,이륜,남,40세,중상
2023061600100280,2023년 6월 16일 13시,금요일,전라남도 목포시 용당동,중상사고,0,1,0,0,차대사람 - 차도통행중,안전운전불이행,건조,맑음,교차로 - 교차로부근,승용,여,45세,상해없음,보행자,여,71세,중상
2023061600100281,2023년 6월 16일 13시,금요일,전라남도 고흥군 남양면,경상사고,0,0,1,0,차대차 - 추돌,안전운전불이행,건조,맑음,단일로 - 기타,화물,남,67세,상해없음,승용,남,60세,경상
2023061600100282,2023년 6월 16일 13시,금요일,전라남도 해남군 해남읍,중상사고,0,1,0,0,차대차 - 측면충돌,안전운전불이행,건조,맑음,단일로 - 기타,승용,남,76세,상해없음,이륜,남,18세,중상
2023061600100283,2023년 6월 16일 13시,금요일,전라남도 광양시 도이동,중상사고,0,1,2,0,차대차 - 측면충돌,신호위반,건조,맑음,교차로 - 교차로안,화물,남,34세,경상,특수,남,65세,경상
2023061600100284,2023년 6월 16일 13시,금요일,전라남도 구례군 구례읍,경상사고,0,0,1,0,차대차 - 측면충돌,안전운전불이행,건조,맑음,단일로 - 기타,자전거,남,75세,경상,승용,여,58세,상해없음
2023061600100323,2023년 6월 16일 14시,금요일,전라남도 여수시 학동,경상사고,0,0,1,0,차대차 - 측면충돌,교차로운행방법위반,건조,맑음,교차로 - 교차로안,승용,남,73세,상해없음,승용,남,30세,경상
2023061600100324,2023년 6월 16일 14시,금요일,전라남도 순천시 연향동,경상사고,0,0,1,0,차대차 - 기타,안전운전불이행,건조,맑음,교차로 - 교차로부근,승용,여,62세,상해없음,화물,남,76세,경상
2023061600100325,2023년 6월 16일 14시,금요일,전라남도 나주시 빛가람동,경상사고,0,0,2,0,차대차 - 추돌,안전운전불이행,건조,맑음,교차로 - 교차로부근,승용,남,47세,경상,승용,여,63세,경상
2023061600100362,2023년 6월 16일 15시,금요일,전라남도 여수시 공화동,경상사고,0,0,1,0,차대차 - 측면충돌,안전운전불이행,건조,맑음,교차로 - 교차로안,승용,여,61세,기타불명,승용,여,29세,경상
2023061600100363,2023년 6월 16일 15시,금요일,전라남도 순천시 조례동,경상사고,0,0,1,0,차대차 - 기타,안전운전불이행,건조,맑음,교차로 - 교차로부근,이륜,남,40세,상해없음,승용,여,61세,상해없음
2023061600100364,2023년 6월 16일 15시,금요일,전라남도 장흥군 대덕읍,중상사고,0,1,0,0,차대차 - 기타,안전운전불이행,건조,맑음,단일로 - 기타,원동기,남,74세,중상,화물,남,73세,상해없음
2023061600100365,2023년 6월 16일 15시,금요일,전라남도 영암군 삼호읍,경상사고,0,0,1,0,차대차 - 기타,안전거리미확보,건조,맑음,단일로 - 기타,건설기계,남,63세,상해없음,승용,남,57세,경상
2023061600100366,2023년 6월 16일 15시,금요일,전라남도 광양시 진월면,경상사고,0,0,1,0,차대차 - 기타,안전운전불이행,건조,맑음,주차장 - 주차장,승용,남,70세,상해없음,화물,남,49세,경상
2023061600100417,2023년 6월 16일 16시,금요일,전라남도 함평군 해보면,부상신고사고,0,0,0,1,차량단독 - 공작물충돌,안전운전불이행,건조,맑음,단일로 - 기타,승용,여,67세,부상신고,,,,
2023061600100472,2023년 6월 16일 17시,금요일,전라남도 목포시 용해동,경상사고,0,0,1,0,차대차 - 기타,안전운전불이행,건조,맑음,교차로 - 교차로부근,승용,남,72세,상해없음,승용,여,33세,경상
2023061600100473,2023년 6월 16일 17시,금요일,전라남도 목포시 상동,중상사고,0,1,0,0,차대사람 - 기타,안전운전불이행,건조,맑음,교차로 - 교차로부근,승합,남,58세,상해없음,보행자,여,81세,중상
2023061600100474,2023년 6월 16일 17시,금요일,전라남도 장흥군 장흥읍,부상신고사고,0,0,0,1,차량단독 - 공작물충돌,안전운전불이행,건조,맑음,교차로 - 교차로안,화물,남,64세,부상신고,,,,
2023061600100475,2023년 6월 16일 17시,금요일,전라남도 광양시 광영동,부상신고사고,0,0,0,1,차대차 - 측면충돌,교차로운행방법위반,건조,맑음,교차로 - 교차로안,승용,남,62세,부상신고,승용,여,54세,상해없음
2023061600100539,2023년 6월 16일 18시,금요일,전라남도 순천시 조례동,경상사고,0,0,1,0,차대사람 - 기타,안전운전불이행,건조,맑음,기타 - 기타,승용,남,58세,기타불명,보행자,여,6세,경상
2023061600100540,2023년 6월 16일 18시,금요일,전라남도 영광군 영광읍,경상사고,0,0,1,0,차량단독 - 공작물충돌,안전운전불이행,건조,맑음,단일로 - 기타,이륜,남,68세,경상,,,,
2023061600100541,2023년 6월 16일 18시,금요일,전라남도 영암군 영암읍,경상사고,0,0,2,0,차대차 - 후진중충돌,안전운전불이행,건조,맑음,단일로 - 기타,화물,남,55세,상해없음,승용,여,45세,경상
2023061600100646,2023년 6월 16일 21시,금요일,전라남도 여수시 안산동,경상사고,0,0,1,0,차대차 - 추돌,안전운전불이행,건조,맑음,교차로 - 교차로부근,승용,여,27세,기타불명,승용,남,63세,경상
2023061600100671,2023년 6월 16일 22시,금요일,전라남도 여수시 학동,경상사고,0,0,1,0,차대사람 - 차도통행중,안전운전불이행,건조,맑음,단일로 - 기타,승용,남,63세,상해없음,보행자,남,88세,경상
2023061600100672,2023년 6월 16일 22시,금요일,전라남도 여수시 학동,경상사고,0,0,1,0,차대차 - 추돌,안전운전불이행,건조,맑음,교차로 - 교차로부근,승용,여,53세,상해없음,승용,남,56세,경상
2023061700100074,2023년 6월 17일 06시,토요일,전라남도 광양시 금호동,경상사고,0,0,2,0,차대차 - 측면충돌,직진우회전진행방해,건조,맑음,교차로 - 교차로안,승용,남,43세,경상,승용,남,67세,경상
2023061700100086,2023년 6월 17일 07시,토요일,전라남도 곡성군 석곡면,경상사고,0,0,1,0,차대차 - 측면충돌,직진우회전진행방해,건조,맑음,교차로 - 교차로안,승용,남,65세,상해없음,이륜,여,60세,경상
2023061700100111,2023년 6월 17일 08시,토요일,전라남도 목포시 호남동,경상사고,0,0,1,0,차대차 - 측면충돌,안전운전불이행,건조,맑음,교차로 - 교차로부근,승용,여,25세,상해없음,자전거,남,74세,경상
2023061700100112,2023년 6월 17일 08시,토요일,전라남도 해남군 현산면,경상사고,0,0,5,0,차대차 - 기타,안전운전불이행,건조,맑음,단일로 - 기타,승용,남,39세,경상,승용,남,57세,상해없음
2023061700100139,2023년 6월 17일 09시,토요일,전라남도 목포시 산정동,경상사고,0,0,2,0,차대사람 - 기타,안전운전불이행,건조,맑음,단일로 - 기타,특수,남,65세,상해없음,보행자,남,40세,경상
2023061700100177,2023년 6월 17일 10시,토요일,전라남도 목포시 죽교동,경상사고,0,0,3,0,차대차 - 측면충돌,안전운전불이행,건조,맑음,단일로 - 기타,건설기계,남,34세,상해없음,승용,남,45세,경상
2023061700100262,2023년 6월 17일 12시,토요일,전라남도 순천시 해룡면,중상사고,0,1,4,0,차대차 - 추돌,안전운전불이행,건조,맑음,단일로 - 기타,승용,남,62세,상해없음,승용,남,36세,중상
2023061700100312,2023년 6월 17일 13시,토요일,전라남도 강진군 강진읍,경상사고,0,0,1,0,차대차 - 측면충돌,중앙선침범,건조,맑음,교차로 - 교차로부근,화물,남,18세,상해없음,승용,남,55세,경상
2023061700100355,2023년 6월 17일 14시,토요일,전라남도 여수시 학동,중상사고,0,1,0,0,차량단독 - 공작물충돌,안전운전불이행,건조,맑음,단일로 - 기타,원동기,남,16세,중상,,,,
2023061700100393,2023년 6월 17일 15시,토요일,전라남도 영암군 삼호읍,부상신고사고,0,0,0,1,차량단독 - 전도전복 - 전도,안전운전불이행,건조,맑음,단일로 - 기타,원동기,남,22세,부상신고,,,,
2023061700100476,2023년 6월 17일 17시,토요일,전라남도 무안군 삼향읍,부상신고사고,0,0,0,1,차대사람 - 횡단중,보행자보호의무위반,건조,맑음,교차로 - 교차로횡단보도내,승용,남,51세,상해없음,보행자,여,19세,부상신고
2023061700100506,2023년 6월 17일 18시,토요일,전라남도 목포시 산정동,경상사고,0,0,1,0,차대차 - 측면충돌,신호위반,건조,맑음,단일로 - 기타,이륜,남,19세,상해없음,승용,남,76세,경상
2023061700100507,2023년 6월 17일 18시,토요일,전라남도 여수시 광무동,중상사고,0,1,0,0,차대사람 - 횡단중,신호위반,건조,맑음,교차로 - 교차로부근,특수,남,51세,상해없음,보행자,여,54세,중상
2023061700100508,2023년 6월 17일 18시,토요일,전라남도 담양군 담양읍,경상사고,0,0,1,0,차대차 - 기타,신호위반,건조,맑음,교차로 - 교차로안,승용,남,42세,상해없음,승용,여,32세,상해없음
2023061700100555,2023년 6월 17일 20시,토요일,전라남도 목포시 연산동,경상사고,0,0,1,0,차대사람 - 횡단중,신호위반,건조,맑음,교차로 - 교차로부근,승용,남,50세,상해없음,보행자,남,60세,경상
2023061700100580,2023년 6월 17일 21시,토요일,전라남도 여수시 봉산동,중상사고,0,1,0,0,차대차 - 측면충돌,안전운전불이행,건조,맑음,단일로 - 기타,자전거,남,31세,중상,승용,남,42세,상해없음
2023061800100021,2023년 6월 18일 01시,일요일,전라남도 해남군 문내면,사망사고,1,2,2,0,차대차 - 추돌,기타,건조,맑음,단일로 - 기타,승용,남,25세,사망,화물,남,63세,중상
2023061800100080,2023년 6월 18일 08시,일요일,전라남도 화순군 청풍면,경상사고,0,0,2,0,차대차 - 측면충돌,교차로운행방법위반,건조,맑음,교차로 - 교차로안,승용,여,63세,경상,승합,남,46세,경상
2023061800100112,2023년 6월 18일 10시,일요일,전라남도 강진군 병영면,경상사고,0,0,1,0,차량단독 - 공작물충돌,안전운전불이행,건조,맑음,단일로 - 기타,화물,남,39세,경상,,,,
2023061800100113,2023년 6월 18일 10시,일요일,전라남도 곡성군 입면,중상사고,0,1,3,0,차대차 - 측면충돌,직진우회전진행방해,건조,맑음,교차로 - 교차로안,승용,여,51세,경상,승용,남,54세,중상
2023061800100131,2023년 6월 18일 11시,일요일,전라남도 나주시 다시면,중상사고,0,1,0,0,차대사람 - 횡단중,안전운전불이행,건조,맑음,교차로 - 교차로부근,승용,남,55세,상해없음,보행자,여,86세,중상
2023061800100132,2023년 6월 18일 11시,일요일,전라남도 담양군 금성면,경상사고,0,0,1,0,차대차 - 측면충돌,안전운전불이행,건조,맑음,교차로 - 교차로안,화물,남,68세,상해없음,승용,여,58세,경상
2023061800100194,2023년 6월 18일 13시,일요일,전라남도 순천시 황전면,부상신고사고,0,0,0,1,차량단독 - 기타,안전운전불이행,건조,맑음,단일로 - 기타,농기계,남,57세,부상신고,,,,
2023061800100195,2023년 6월 18일 13시,일요일,전라남도 영암군 시종면,경상사고,0,0,2,0,차대차 - 측면충돌,직진우회전진행방해,건조,맑음,교차로 - 교차로안,승용,남,81세,경상,화물,남,60세,경상
2023061800100287,2023년 6월 18일 16시,일요일,전라남도 목포시 상동,경상사고,0,0,2,0,차대차 - 측면충돌,안전운전불이행,건조,맑음,단일로 - 기타,승용,남,59세,상해없음,승합,남,54세,상해없음
2023061800100288,2023년 6월 18일 16시,일요일,전라남도 목포시 산정동,경상사고,0,0,2,0,차대차 - 측면충돌,안전운전불이행,건조,맑음,교차로 - 교차로부근,승용,남,54세,상해없음,승용,남,60세,경상
2023061800100289,2023년 6월 18일 16시,일요일,전라남도 여수시 문수동,중상사고,0,1,0,1,차대차 - 기타,중앙선침범,건조,맑음,교차로 - 교차로부근,개인형이동수단(PM),남,14세,부상신고,승용,여,48세,상해없음
2023061800100312,2023년 6월 18일 17시,일요일,전라남도 목포시 옥암동,경상사고,0,0,1,0,차대차 - 측면충돌,안전운전불이행,건조,맑음,교차로 - 교차로안,승용,여,37세,상해없음,승용,남,47세,경상
2023061800100313,2023년 6월 18일 17시,일요일,전라남도 순천시 해룡면,경상사고,0,0,3,0,차대차 - 기타,차로위반,건조,맑음,단일로 - 기타,승용,여,42세,경상,승용,남,25세,상해없음
2023061800100314,2023년 6월 18일 17시,일요일,전라남도 순천시 조례동,경상사고,0,0,2,0,차대차 - 기타,교차로운행방법위반,건조,맑음,단일로 - 기타,승용,남,31세,상해없음,승용,남,42세,경상
2023061800100315,2023년 6월 18일 17시,일요일,전라남도 순천시 황전면,중상사고,0,1,0,0,차대사람 - 횡단중,안전운전불이행,건조,맑음,교차로 - 교차로안,승용,여,41세,상해없음,보행자,남,87세,중상
2023061800100368,2023년 6월 18일 19시,일요일,전라남도 여수시 학동,경상사고,0,0,1,0,차대사람 - 기타,안전운전불이행,건조,맑음,단일로 - 기타,승용,여,64세,상해없음,보행자,여,43세,경상
2023061800100369,2023년 6월 18일 19시,일요일,전라남도 여수시 웅천동,경상사고,0,0,1,0,차대차 - 측면충돌,신호위반,건조,맑음,교차로 - 교차로안,승용,남,26세,상해없음,승용,여,36세,경상
2023061800100370,2023년 6월 18일 19시,일요일,전라남도 순천시 오천동,중상사고,0,1,0,0,차대사람 - 횡단중,신호위반,건조,맑음,교차로 - 교차로안,화물,남,63세,상해없음,보행자,여,68세,중상
2023061800100395,2023년 6월 18일 20시,일요일,전라남도 여수시 여서동,경상사고,0,0,1,0,차대차 - 측면충돌,안전운전불이행,건조,맑음,교차로 - 교차로부근,승용,여,26세,기타불명,승용,남,37세,경상
2023061900100029,2023년 6월 19일 05시,월요일,전라남도 순천시 서면,경상사고,0,0,2,1,차대차 - 추돌,안전운전불이행,건조,맑음,단일로 - 기타,화물,남,53세,부상신고,승용,여,24세,경상
2023061900100045,2023년 6월 19일 06시,월요일,전라남도 목포시 옥암동,경상사고,0,0,1,0,차대차 - 정면충돌,중앙선침범,건조,맑음,교차로 - 교차로부근,승용,남,42세,상해없음,승용,여,63세,경상
2023061900100116,2023년 6월 19일 08시,월요일,전라남도 담양군 창평면,중상사고,0,1,0,0,차대차 - 측면충돌,직진우회전진행방해,건조,맑음,교차로 - 교차로안,이륜,남,76세,중상,승용,여,32세,상해없음
2023061900100117,2023년 6월 19일 08시,월요일,전라남도 무안군 삼향읍,경상사고,0,0,1,0,차대차 - 측면충돌,안전운전불이행,건조,맑음,단일로 - 기타,승용,여,23세,상해없음,승용,남,33세,경상
2023061900100118,2023년 6월 19일 08시,월요일,전라남도 광양시 중군동,중상사고,0,3,3,0,차대차 - 측면충돌,신호위반,건조,맑음,단일로 - 기타,승용,여,72세,중상,화물,남,55세,경상
2023061900100162,2023년 6월 19일 09시,월요일,전라남도 고흥군 도양읍,경상사고,0,0,1,0,차대사람 - 기타,안전운전불이행,건조,맑음,단일로 - 기타,승용,여,55세,상해없음,보행자,여,65세,경상
2023061900100163,2023년 6월 19일 09시,월요일,전라남도 영광군 홍농읍,경상사고,0,0,1,0,차대차 - 후진중충돌,안전운전불이행,건조,맑음,교차로 - 교차로부근,승용,남,43세,상해없음,승용,여,29세,경상
2023061900100202,2023년 6월 19일 10시,월요일,전라남도 무안군 운남면,경상사고,0,0,1,0,차대차 - 기타,신호위반,건조,맑음,교차로 - 교차로안,화물,남,37세,상해없음,화물,남,24세,경상
2023061900100237,2023년 6월 19일 11시,월요일,전라남도 순천시 해룡면,경상사고,0,0,2,0,차대차 - 측면충돌,신호위반,건조,맑음,교차로 - 교차로안,승용,여,56세,경상,화물,남,53세,경상
2023061900100238,2023년 6월 19일 11시,월요일,전라남도 장흥군 안양면,경상사고,0,0,2,0,차대차 - 기타,안전운전불이행,건조,맑음,교차로 - 교차로안,승용,여,63세,경상,승용,여,66세,경상
2023061900100239,2023년 6월 19일 11시,월요일,전라남도 고흥군 남양면,경상사고,0,0,1,0,차대차 - 기타,안전운전불이행,건조,맑음,기타 - 기타,화물,남,34세,상해없음,화물,남,55세,경상
2023061900100281,2023년 6월 19일 12시,월요일,전라남도 순천시 월등면,중상사고,0,1,1,0,차대차 - 기타,기타,건조,맑음,단일로 - 기타,화물,여,67세,상해없음,사륜오토바이(ATV),여,72세,경상
2023061900100313,2023년 6월 19일 13시,월요일,전라남도 목포시 석현동,중상사고,0,1,0,0,차대차 - 측면충돌,안전운전불이행,건조,맑음,단일로 - 기타,승용,남,61세,상해없음,개인형이동수단(PM),여,23세,중상
2023061900100314,2023년 6월 19일 13시,월요일,전라남도 목포시 상동,경상사고,0,0,1,0,차대차 - 측면충돌,차로위반,건조,맑음,단일로 - 기타,승용,여,35세,기타불명,승용,여,37세,경상
2023061900100315,2023년 6월 19일 13시,월요일,전라남도 장흥군 장흥읍,경상사고,0,0,1,0,차대차 - 기타,기타,건조,맑음,교차로 - 교차로안,승용,여,41세,상해없음,자전거,여,20세,경상
2023061900100316,2023년 6월 19일 13시,월요일,전라남도 해남군 송지면,중상사고,0,1,0,0,차대차 - 측면충돌,신호위반,건조,맑음,교차로 - 교차로안,화물,남,44세,기타불명,승용,여,68세,중상
2023061900100317,2023년 6월 19일 13시,월요일,전라남도 완도군 완도읍,경상사고,0,0,1,0,차대차 - 기타,교차로운행방법위반,건조,맑음,교차로 - 교차로안,화물,남,26세,상해없음,이륜,남,71세,경상
2023061900100356,2023년 6월 19일 14시,월요일,전라남도 강진군 강진읍,중상사고,0,1,1,0,차대차 - 기타,직진우회전진행방해,건조,맑음,교차로 - 교차로안,승용,남,54세,경상,화물,남,57세,중상
2023061900100398,2023년 6월 19일 15시,월요일,전라남도 영광군 법성면,중상사고,0,1,1,0,차대차 - 측면충돌,교차로운행방법위반,건조,맑음,교차로 - 교차로안,이륜,남,81세,중상,화물,남,55세,상해없음
2023061900100399,2023년 6월 19일 15시,월요일,전라남도 완도군 완도읍,경상사고,0,0,1,0,차대차 - 측면충돌,안전운전불이행,건조,맑음,교차로 - 교차로안,승합,남,61세,상해없음,화물,남,81세,경상
2023061900100463,2023년 6월 19일 16시,월요일,전라남도 여수시 군자동,부상신고사고,0,0,0,1,차대사람 - 차도통행중,보행자보호의무위반,건조,맑음,교차로 - 교차로횡단보도내,승용,여,43세,상해없음,보행자,여,57세,부상신고
2023061900100504,2023년 6월 19일 17시,월요일,전라남도 순천시 서면,경상사고,0,0,2,0,차대차 - 측면충돌,안전운전불이행,건조,맑음,교차로 - 교차로안,화물,남,71세,경상,승용,남,61세,경상
2023061900100505,2023년 6월 19일 17시,월요일,전라남도 광양시 중동,경상사고,0,0,1,0,차대사람 - 횡단중,보행자보호의무위반,건조,맑음,단일로 - 기타,승용,여,52세,상해없음,보행자,남,10세,경상
2023061900100540,2023년 6월 19일 18시,월요일,전라남도 목포시 연산동,중상사고,0,1,0,0,차대사람 - 기타,안전운전불이행,건조,맑음,주차장 - 주차장,화물,남,25세,상해없음,보행자,여,77세,중상
2023061900100576,2023년 6월 19일 19시,월요일,전라남도 여수시 연등동,경상사고,0,0,1,0,차대사람 - 횡단중,안전운전불이행,건조,맑음,단일로 - 기타,자전거,남,61세,상해없음,보행자,여,63세,경상
2023061900100577,2023년 6월 19일 19시,월요일,전라남도 강진군 도암면,경상사고,0,0,1,0,차량단독 - 전도전복 - 전도,안전운전불이행,건조,맑음,단일로 - 기타,사륜오토바이(ATV),여,77세,경상,,,,
2023061900100578,2023년 6월 19일 19시,월요일,전라남도 담양군 대전면,부상신고사고,0,0,0,1,차량단독 - 도로외이탈 - 기타,기타,건조,맑음,단일로 - 기타,이륜,남,32세,부상신고,,,,
2023061900100634,2023년 6월 19일 21시,월요일,전라남도 여수시 봉계동,경상사고,0,0,1,0,차대사람 - 길가장자리구역통행중,안전운전불이행,건조,맑음,단일로 - 기타,이륜,남,31세,상해없음,보행자,남,36세,경상
2023061900100635,2023년 6월 19일 21시,월요일,전라남도 여수시 학동,경상사고,0,0,1,0,차대차 - 추돌,교차로운행방법위반,건조,맑음,교차로 - 교차로안,화물,남,66세,기타불명,승용,남,25세,경상
2023061900100662,2023년 6월 19일 22시,월요일,전라남도 담양군 담양읍,부상신고사고,0,0,0,1,차대차 - 측면충돌,안전운전불이행,건조,맑음,단일로 - 기타,이륜,남,28세,부상신고,승용,남,21세,상해없음
2023062000100011,2023년 6월 20일 01시,화요일,전라남도 나주시 빛가람동,중상사고,0,1,2,0,차대차 - 추돌,기타,건조,기타,기타 - 기타,이륜,남,16세,중상,승용,남,34세,경상
2023062000100028,2023년 6월 20일 05시,화요일,전라남도 순천시 서면,경상사고,0,0,1,0,차대차 - 기타,안전거리미확보,건조,맑음,단일로 - 기타,승용,남,83세,기타불명,화물,남,36세,경상
2023062000100038,2023년 6월 20일 06시,화요일,전라남도 여수시 중흥동,경상사고,0,0,1,0,차대차 - 추돌,중앙선침범,건조,맑음,단일로 - 기타,승용,남,34세,기타불명,승용,남,49세,경상
2023062000100039,2023년 6월 20일 06시,화요일,전라남도 고흥군 금산면,중상사고,0,1,0,0,차대차 - 기타,중앙선침범,건조,맑음,교차로 - 교차로안,화물,남,71세,상해없음,원동기,남,79세,중상
2023062000100051,2023년 6월 20일 07시,화요일,전라남도 고흥군 남양면,경상사고,0,0,1,0,차량단독 - 기타,안전운전불이행,건조,맑음,기타 - 기타,승용,여,62세,경상,,,,
2023062000100052,2023년 6월 20일 07시,화요일,전라남도 광양시 광양읍,경상사고,0,0,1,0,차대차 - 측면충돌,안전거리미확보,건조,맑음,기타 - 기타,화물,남,72세,상해없음,승용,여,66세,경상
2023062000100085,2023년 6월 20일 08시,화요일,전라남도 순천시 조례동,경상사고,0,0,2,0,차대차 - 측면충돌,안전운전불이행,건조,맑음,교차로 - 교차로안,승용,여,40세,경상,승용,남,55세,경상
2023062000100086,2023년 6월 20일 08시,화요일,전라남도 나주시 빛가람동,중상사고,0,1,1,0,차대차 - 추돌,안전운전불이행,건조,맑음,기타 - 기타,승용,여,53세,경상,승용,여,52세,중상
2023062000100087,2023년 6월 20일 08시,화요일,전라남도 해남군 산이면,경상사고,0,0,1,0,차대차 - 기타,중앙선침범,건조,맑음,단일로 - 기타,승용,남,49세,상해없음,승용,남,33세,경상
2023062000100088,2023년 6월 20일 08시,화요일,전라남도 곡성군 옥과면,중상사고,0,1,0,0,차대차 - 측면충돌,직진우회전진행방해,건조,맑음,교차로 - 교차로안,승용,여,54세,상해없음,자전거,남,61세,중상