사고번호,사고일시,요일,시군구,사고내용,사망자수,중상자수,경상자수,부상신고자수,사고유형,법규위반,노면상태,기상상태,도로형태,가해운전자 차종,가해운전자 성별,가해운전자 연령,가해운전자 상해정도,피해운전자 차종,피해운전자 성별,피해운전자 연령,피해운전자 상해정도
2023062000100164,2023년 6월 20일 10시,화요일,전라남도 순천시 서면,중상사고,0,1,0,0,차대차 - 추돌,안전운전불이행,건조,맑음,단일로 - 교량,화물,남,54세,상해없음,화물,남,64세,중상
2023062000100193,2023년 6월 20일 11시,화요일,전라남도 여수시 돌산읍,경상사고,0,0,1,0,차대사람 - 기타,안전운전불이행,건조,맑음,교차로 - 교차로부근,화물,남,62세,상해없음,보행자,남,41세,경상
2023062000100194,2023년 6월 20일 11시,화요일,전라남도 광양시 중동,경상사고,0,0,1,0,차대차 - 기타,교차로운행방법위반,건조,맑음,교차로 - 교차로안,화물,여,24세,상해없음,승용,여,30세,경상
2023062000100227,2023년 6월 20일 12시,화요일,전라남도 목포시 산정동,경상사고,0,0,2,0,차대차 - 기타,안전운전불이행,건조,맑음,기타 - 기타,화물,남,25세,경상,승용,남,49세,경상
2023062000100295,2023년 6월 20일 14시,화요일,전라남도 광양시 광양읍,중상사고,0,1,0,0,차대사람 - 횡단중,보행자보호의무위반,젖음/습기,비,교차로 - 교차로횡단보도내,승용,여,66세,상해없음,보행자,여,9세,중상
2023062000100331,2023년 6월 20일 15시,화요일,전라남도 목포시 옥암동,경상사고,0,0,2,0,차대차 - 추돌,안전운전불이행,젖음/습기,비,교차로 - 교차로부근,화물,남,31세,상해없음,승용,여,58세,경상
2023062000100332,2023년 6월 20일 15시,화요일,전라남도 목포시 옥암동,경상사고,0,0,1,0,차대사람 - 횡단중,신호위반,젖음/습기,비,교차로 - 교차로횡단보도내,승용,남,65세,상해없음,보행자,남,8세,경상
2023062000100333,2023년 6월 20일 15시,화요일,전라남도 목포시 옥암동,경상사고,0,0,3,0,차대차 - 측면충돌,안전운전불이행,건조,맑음,교차로 - 교차로안,승용,여,37세,경상,승용,남,38세,경상
2023062000100368,2023년 6월 20일 16시,화요일,전라남도 강진군 성전면,부상신고사고,0,0,0,1,차량단독 - 도로외이탈 - 추락,안전운전불이행,젖음/습기,비,단일로 - 기타,승용,여,27세,부상신고,,,,
2023062000100414,2023년 6월 20일 17시,화요일,전라남도 신안군 압해읍,경상사고,0,0,2,0,차대차 - 기타,안전운전불이행,건조,맑음,기타 - 기타,승용,여,53세,상해없음,승용,여,58세,경상
2023062000100461,2023년 6월 20일 18시,화요일,전라남도 광양시 금호동,경상사고,0,0,1,0,차대차 - 측면충돌,중앙선침범,건조,맑음,단일로 - 기타,승용,남,54세,상해없음,승용,남,27세,경상
2023062000100489,2023년 6월 20일 19시,화요일,전라남도 순천시 연향동,경상사고,0,0,3,0,차대차 - 추돌,안전운전불이행,젖음/습기,비,교차로 - 교차로부근,승용,남,42세,상해없음,승용,남,24세,경상
2023062000100490,2023년 6월 20일 19시,화요일,전라남도 순천시 용당동,경상사고,0,0,3,0,차대차 - 추돌,안전운전불이행,젖음/습기,비,교차로 - 교차로부근,승용,남,28세,상해없음,승용,남,58세,경상
2023062000100514,2023년 6월 20일 20시,화요일,전라남도 여수시 학동,경상사고,0,0,1,0,차대차 - 측면충돌,안전운전불이행,젖음/습기,비,교차로 - 교차로부근,승용,남,57세,상해없음,승용,남,72세,경상
2023062000100515,2023년 6월 20일 20시,화요일,전라남도 영암군 영암읍,중상사고,0,1,1,0,차량단독 - 공작물충돌,안전운전불이행,젖음/습기,비,단일로 - 기타,승용,남,65세,경상,,,,
2023062000100541,2023년 6월 20일 21시,화요일,전라남도 나주시 경현동,경상사고,0,0,1,0,차량단독 - 공작물충돌,안전운전불이행,젖음/습기,비,단일로 - 기타,승용,남,41세,상해없음,,,,
2023062000100542,2023년 6월 20일 21시,화요일,전라남도 광양시 마동,경상사고,0,0,1,0,차대차 - 측면충돌,교차로운행방법위반,젖음/습기,비,교차로 - 교차로안,승용,남,53세,상해없음,승합,남,38세,경상
2023062000100567,2023년 6월 20일 22시,화요일,전라남도 나주시 중앙동,중상사고,0,1,1,0,차대차 - 측면충돌,기타,젖음/습기,비,교차로 - 교차로안,이륜,남,49세,중상,승용,남,53세,경상
2023062000100595,2023년 6월 20일 23시,화요일,전라남도 목포시 상동,경상사고,0,0,1,0,차대사람 - 보도통행중,보행자보호의무위반,건조,기타,교차로 - 교차로횡단보도내,승용,여,31세,상해없음,보행자,남,50세,경상
2023062000100596,2023년 6월 20일 23시,화요일,전라남도 여수시 학동,경상사고,0,0,2,0,차대차 - 기타,안전운전불이행,젖음/습기,비,교차로 - 교차로안,승용,여,46세,상해없음,승용,남,47세,경상
2023062100100059,2023년 6월 21일 06시,수요일,전라남도 나주시 남평읍,경상사고,0,0,1,0,차대차 - 측면충돌,안전운전불이행,건조,흐림,교차로 - 교차로안,승용,남,58세,상해없음,화물,남,65세,경상
2023062100100075,2023년 6월 21일 07시,수요일,전라남도 해남군 해남읍,경상사고,0,0,2,0,차대차 - 추돌,안전운전불이행,젖음/습기,맑음,단일로 - 기타,승용,남,53세,상해없음,승용,여,32세,경상
2023062100100111,2023년 6월 21일 08시,수요일,전라남도 목포시 옥암동,경상사고,0,0,1,0,차대사람 - 횡단중,보행자보호의무위반,건조,맑음,단일로 - 기타,승용,여,44세,상해없음,보행자,여,5세,경상
2023062100100112,2023년 6월 21일 08시,수요일,전라남도 여수시 안산동,경상사고,0,0,1,0,차대차 - 측면충돌,신호위반,젖음/습기,흐림,교차로 - 교차로안,승용,여,56세,상해없음,승용,여,60세,경상
2023062100100113,2023년 6월 21일 08시,수요일,전라남도 고흥군 두원면,사망사고,1,0,0,0,차량단독 - 기타,안전운전불이행,건조,맑음,단일로 - 기타,농기계,남,80세,사망,,,,
2023062100100114,2023년 6월 21일 08시,수요일,전라남도 영암군 삼호읍,경상사고,0,0,2,0,차대차 - 추돌,안전운전불이행,건조,맑음,교차로 - 교차로부근,화물,남,66세,상해없음,승용,남,28세,경상
2023062100100198,2023년 6월 21일 11시,수요일,전라남도 여수시 문수동,경상사고,0,0,2,0,차대차 - 측면충돌,신호위반,건조,맑음,교차로 - 교차로안,승용,여,64세,경상,승용,남,62세,경상
2023062100100199,2023년 6월 21일 11시,수요일,전라남도 순천시 용당동,경상사고,0,0,1,0,차대차 - 측면충돌,안전운전불이행,건조,맑음,단일로 - 기타,승용,남,64세,상해없음,이륜,남,35세,경상
2023062100100354,2023년 6월 21일 16시,수요일,전라남도 여수시 문수동,중상사고,0,1,0,0,차대사람 - 횡단중,보행자보호의무위반,건조,맑음,교차로 - 교차로횡단보도내,승용,여,47세,상해없음,보행자,여,7세,중상
2023062100100381,2023년 6월 21일 17시,수요일,전라남도 목포시 옥암동,경상사고,0,0,2,0,차대차 - 측면충돌,안전운전불이행,건조,맑음,기타 - 기타,승용,남,34세,상해없음,승용,여,40세,경상
2023062100100382,2023년 6월 21일 17시,수요일,전라남도 여수시 주삼동,중상사고,0,1,4,0,차대차 - 측면충돌,신호위반,건조,맑음,교차로 - 교차로안,승용,남,31세,상해없음,이륜,남,27세,중상
2023062100100428,2023년 6월 21일 18시,수요일,전라남도 목포시 상동,중상사고,0,1,0,0,차대사람 - 보도통행중,보행자보호의무위반,건조,맑음,단일로 - 기타,승용,여,35세,상해없음,보행자,여,7세,중상
2023062100100454,2023년 6월 21일 19시,수요일,전라남도 해남군 마산면,경상사고,0,0,1,0,차대차 - 추돌,안전운전불이행,건조,맑음,단일로 - 기타,화물,남,54세,경상,농기계,남,41세,상해없음
2023062100100455,2023년 6월 21일 19시,수요일,전라남도 완도군 보길면,경상사고,0,0,2,0,차대차 - 정면충돌,중앙선침범,건조,맑음,단일로 - 기타,화물,여,53세,상해없음,화물,남,43세,경상
2023062100100475,2023년 6월 21일 20시,수요일,전라남도 영광군 묘량면,경상사고,0,0,1,0,차대차 - 추돌,안전운전불이행,건조,맑음,단일로 - 기타,승용,남,43세,상해없음,화물,남,67세,경상
2023062100100505,2023년 6월 21일 21시,수요일,전라남도 강진군 강진읍,경상사고,0,0,1,0,차대차 - 측면충돌,안전거리미확보,건조,맑음,교차로 - 교차로부근,화물,남,41세,상해없음,승용,남,68세,경상
2023062100100543,2023년 6월 21일 23시,수요일,전라남도 목포시 석현동,경상사고,0,0,2,0,차대차 - 추돌,안전거리미확보,젖음/습기,비,단일로 - 기타,승용,남,40세,상해없음,승용,남,22세,경상
2023062200100008,2023년 6월 22일 00시,목요일,전라남도 영암군 삼호읍,사망사고,1,0,1,0,차대차 - 추돌,안전운전불이행,건조,맑음,단일로 - 기타,승용,남,34세,사망,화물,남,57세,경상
2023062200100068,2023년 6월 22일 07시,목요일,전라남도 진도군 임회면,중상사고,0,1,2,0,차대차 - 기타,안전운전불이행,건조,맑음,단일로 - 기타,승용,여,65세,경상,승합,남,62세,상해없음
2023062200100113,2023년 6월 22일 08시,목요일,전라남도 광양시 마동,경상사고,0,0,1,0,차대사람 - 횡단중,신호위반,건조,맑음,교차로 - 교차로횡단보도내,승합,남,61세,상해없음,보행자,여,15세,경상
2023062200100150,2023년 6월 22일 09시,목요일,전라남도 화순군 동면,중상사고,0,1,0,0,차대차 - 측면충돌,안전운전불이행,건조,맑음,교차로 - 교차로안,사륜오토바이(ATV),남,95세,중상,화물,남,78세,상해없음
2023062200100204,2023년 6월 22일 11시,목요일,전라남도 곡성군 옥과면,경상사고,0,0,2,0,차대차 - 측면충돌,직진우회전진행방해,건조,맑음,교차로 - 교차로안,승용,여,36세,경상,승용,여,56세,경상
2023062200100239,2023년 6월 22일 12시,목요일,전라남도 순천시 오천동,중상사고,0,1,0,0,차대차 - 추돌,안전운전불이행,건조,맑음,교차로 - 교차로부근,승용,남,62세,상해없음,승용,여,62세,중상
2023062200100258,2023년 6월 22일 13시,목요일,전라남도 여수시 소라면,경상사고,0,0,1,0,차대차 - 측면충돌,신호위반,건조,맑음,교차로 - 교차로안,화물,남,54세,상해없음,승용,여,33세,경상
2023062200100259,2023년 6월 22일 13시,목요일,전라남도 무안군 무안읍,경상사고,0,0,2,0,차대차 - 측면충돌,차로위반,건조,맑음,기타 - 기타,승용,여,68세,경상,승용,여,57세,경상
2023062200100260,2023년 6월 22일 13시,목요일,전라남도 장성군 서삼면,중상사고,0,1,0,0,차대차 - 측면충돌,안전운전불이행,건조,맑음,기타 - 기타,화물,남,65세,상해없음,승용,여,48세,중상
2023062200100297,2023년 6월 22일 14시,목요일,전라남도 화순군 도곡면,경상사고,0,0,2,0,차대차 - 측면충돌,교차로운행방법위반,건조,맑음,교차로 - 교차로안,승용,여,68세,상해없음,승용,남,70세,경상
2023062200100298,2023년 6월 22일 14시,목요일,전라남도 함평군 엄다면,중상사고,0,1,0,0,차대차 - 측면충돌,안전운전불이행,건조,맑음,단일로 - 교량,이륜,남,84세,중상,승용,여,56세,상해없음
2023062200100327,2023년 6월 22일 15시,목요일,전라남도 목포시 용당동,경상사고,0,0,1,1,차대차 - 기타,안전거리미확보,건조,맑음,단일로 - 기타,승용,여,41세,부상신고,승용,남,62세,경상
2023062200100328,2023년 6월 22일 15시,목요일,전라남도 여수시 안산동,중상사고,0,2,0,0,차대차 - 추돌,안전운전불이행,건조,맑음,교차로 - 교차로부근,승용,여,50세,상해없음,승용,남,23세,중상
2023062200100329,2023년 6월 22일 15시,목요일,전라남도 강진군 대구면,경상사고,0,0,1,0,차대차 - 기타,안전운전불이행,건조,맑음,단일로 - 기타,승용,여,25세,경상,화물,남,72세,기타불명
2023062200100360,2023년 6월 22일 16시,목요일,전라남도 목포시 산정동,경상사고,0,0,1,0,차대차 - 측면충돌,안전거리미확보,건조,맑음,단일로 - 기타,원동기,남,70세,경상,승용,남,71세,상해없음
2023062200100361,2023년 6월 22일 16시,목요일,전라남도 보성군 득량면,경상사고,0,0,1,0,차대차 - 후진중충돌,불법유턴,건조,맑음,단일로 - 기타,화물,남,51세,상해없음,이륜,남,46세,경상
2023062200100362,2023년 6월 22일 16시,목요일,전라남도 보성군 보성읍,경상사고,0,0,1,0,차량단독 - 전도전복 - 전도,안전운전불이행,건조,맑음,단일로 - 기타,이륜,남,87세,경상,,,,
2023062200100407,2023년 6월 22일 17시,목요일,전라남도 목포시 석현동,경상사고,0,0,2,0,차대차 - 기타,안전거리미확보,건조,맑음,교차로 - 교차로안,승용,남,33세,상해없음,승용,남,41세,경상
2023062200100467,2023년 6월 22일 18시,목요일,전라남도 순천시 조례동,경상사고,0,0,1,0,차대차 - 측면충돌,안전운전불이행,건조,맑음,기타 - 기타,이륜,남,17세,상해없음,승용,여,49세,경상
2023062200100468,2023년 6월 22일 18시,목요일,전라남도 함평군 함평읍,경상사고,0,0,5,0,차대차 - 추돌,안전운전불이행,건조,맑음,교차로 - 교차로부근,승용,남,32세,상해없음,승용,남,65세,경상
2023062200100469,2023년 6월 22일 18시,목요일,전라남도 담양군 창평면,경상사고,0,0,1,0,차대사람 - 기타,안전운전불이행,젖음/습기,흐림,단일로 - 기타,승합,남,61세,상해없음,보행자,여,73세,경상
2023062200100506,2023년 6월 22일 19시,목요일,전라남도 순천시 연향동,경상사고,0,0,1,0,차대차 - 측면충돌,직진우회전진행방해,건조,맑음,교차로 - 교차로안,승합,남,50세,상해없음,승용,남,54세,경상
2023062200100554,2023년 6월 22일 21시,목요일,전라남도 목포시 상동,경상사고,0,0,1,0,차대차 - 추돌,안전운전불이행,건조,맑음,교차로 - 교차로부근,승용,남,26세,상해없음,승용,남,35세,경상
2023062200100555,2023년 6월 22일 21시,목요일,전라남도 여수시 웅천동,경상사고,0,0,1,1,차대차 - 기타,교차로운행방법위반,건조,맑음,교차로 - 교차로부근,승용,남,55세,상해없음,승합,여,50세,경상
2023062200100557,2023년 6월 22일 21시,목요일,전라남도 무안군 삼향읍,경상사고,0,0,3,0,차대차 - 추돌,안전운전불이행,건조,맑음,단일로 - 기타,승용,남,41세,상해없음,승용,남,41세,경상
2023062200100574,2023년 6월 22일 22시,목요일,전라남도 나주시 금천면,중상사고,0,1,0,0,차대사람 - 보도통행중,기타,건조,맑음,단일로 - 기타,승용,남,31세,상해없음,보행자,여,68세,중상
2023062200100575,2023년 6월 22일 22시,목요일,전라남도 무안군 삼향읍,경상사고,0,0,1,0,차대차 - 추돌,안전운전불이행,건조,맑음,교차로 - 교차로부근,승용,남,38세,상해없음,승용,여,31세,경상
2023062200100598,2023년 6월 22일 23시,목요일,전라남도 신안군 비금면,부상신고사고,0,0,0,1,차대사람 - 기타,안전운전불이행,건조,맑음,단일로 - 기타,화물,남,48세,상해없음,보행자,남,61세,부상신고
2023062200100599,2023년 6월 22일 23시,목요일,전라남도 나주시 빛가람동,경상사고,0,0,1,0,차량단독 - 공작물충돌,안전운전불이행,건조,맑음,단일로 - 지하차도(도로)내,승용,남,35세,경상,,,,
2023062300100060,2023년 6월 23일 07시,금요일,전라남도 고흥군 도화면,중상사고,0,1,0,0,차대차 - 기타,안전운전불이행,건조,맑음,교차로 - 교차로부근,승용,여,61세,상해없음,이륜,남,77세,중상
2023062300100061,2023년 6월 23일 07시,금요일,전라남도 담양군 담양읍,중상사고,0,1,0,0,차대차 - 기타,안전운전불이행,건조,맑음,단일로 - 기타,자전거,여,72세,중상,승용,남,51세,상해없음
2023062300100175,2023년 6월 23일 10시,금요일,전라남도 목포시 석현동,경상사고,0,0,1,0,차대차 - 기타,직진우회전진행방해,건조,맑음,교차로 - 교차로안,화물,남,29세,상해없음,승용,여,71세,경상
2023062300100213,2023년 6월 23일 11시,금요일,전라남도 여수시 해산동,경상사고,0,0,1,0,차대차 - 측면충돌,기타,건조,맑음,단일로 - 기타,건설기계,남,52세,상해없음,승용,여,35세,경상
2023062300100246,2023년 6월 23일 12시,금요일,전라남도 고흥군 동강면,중상사고,0,1,2,0,차대차 - 기타,중앙선침범,건조,맑음,단일로 - 기타,승용,남,30세,경상,화물,남,58세,경상
2023062300100286,2023년 6월 23일 13시,금요일,전라남도 목포시 상동,경상사고,0,0,2,0,차대차 - 측면충돌,신호위반,건조,맑음,단일로 - 기타,승용,남,51세,상해없음,승용,남,22세,경상
2023062300100326,2023년 6월 23일 14시,금요일,전라남도 목포시 옥암동,경상사고,0,0,2,0,차대차 - 기타,안전거리미확보,건조,맑음,단일로 - 기타,승용,남,69세,상해없음,특수,남,54세,상해없음
2023062300100327,2023년 6월 23일 14시,금요일,전라남도 신안군 압해읍,경상사고,0,0,1,0,차대차 - 추돌,안전운전불이행,건조,맑음,단일로 - 기타,화물,남,74세,상해없음,승용,여,41세,경상
2023062300100328,2023년 6월 23일 14시,금요일,전라남도 완도군 보길면,경상사고,0,0,1,0,차대차 - 측면충돌,안전운전불이행,건조,맑음,단일로 - 기타,농기계,남,78세,상해없음,건설기계,남,49세,상해없음
2023062300100405,2023년 6월 23일 16시,금요일,전라남도 목포시 용당동,경상사고,0,0,2,0,차대차 - 측면충돌,직진우회전진행방해,건조,맑음,교차로 - 교차로안,승용,여,70세,경상,승용,남,46세,경상
2023062300100406,2023년 6월 23일 16시,금요일,전라남도 광양시 황금동,경상사고,0,0,1,0,차대차 - 측면충돌,차로위반,건조,맑음,단일로 - 터널,승용,남,27세,상해없음,승용,여,33세,경상
2023062300100447,2023년 6월 23일 17시,금요일,전라남도 목포시 상동,중상사고,0,1,0,0,차대차 - 측면충돌,신호위반,건조,맑음,단일로 - 기타,승합,남,60세,상해없음,이륜,남,43세,중상
2023062300100448,2023년 6월 23일 17시,금요일,전라남도 여수시 소라면,경상사고,0,0,2,0,차대차 - 측면충돌,중앙선침범,건조,맑음,단일로 - 기타,승용,남,78세,상해없음,화물,남,77세,경상
2023062300100449,2023년 6월 23일 17시,금요일,전라남도 나주시 다시면,경상사고,0,0,1,0,차량단독 - 전도전복 - 전도,안전운전불이행,건조,흐림,단일로 - 기타,원동기,남,73세,경상,,,,
2023062300100450,2023년 6월 23일 17시,금요일,전라남도 완도군 완도읍,중상사고,0,1,0,0,차대차 - 측면충돌,교차로운행방법위반,건조,맑음,교차로 - 교차로횡단보도내,승합,남,45세,상해없음,이륜,남,38세,중상
2023062300100451,2023년 6월 23일 17시,금요일,전라남도 광양시 마동,경상사고,0,0,2,0,차대차 - 측면충돌,직진우회전진행방해,건조,맑음,교차로 - 교차로안,이륜,남,53세,경상,승용,남,62세,경상
2023062300100513,2023년 6월 23일 18시,금요일,전라남도 순천시 해룡면,경상사고,0,0,1,0,차대차 - 추돌,안전운전불이행,건조,맑음,단일로 - 기타,원동기,남,17세,상해없음,승용,여,55세,경상
2023062300100514,2023년 6월 23일 18시,금요일,전라남도 순천시 덕월동,경상사고,0,0,2,0,차대차 - 측면충돌,중앙선침범,건조,맑음,단일로 - 기타,승용,남,65세,상해없음,승용,남,72세,경상
2023062300100515,2023년 6월 23일 18시,금요일,전라남도 광양시 중동,경상사고,0,0,1,0,차대사람 - 길가장자리구역통행중,안전운전불이행,건조,맑음,기타 - 기타,승용,여,35세,상해없음,보행자,남,41세,경상
2023062300100564,2023년 6월 23일 19시,금요일,전라남도 목포시 옥암동,경상사고,0,0,1,0,차대차 - 측면충돌,안전운전불이행,건조,맑음,교차로 - 교차로부근,승용,여,37세,상해없음,자전거,남,14세,경상
2023062300100565,2023년 6월 23일 19시,금요일,전라남도 영암군 영암읍,경상사고,0,0,1,0,차대차 - 추돌,안전운전불이행,건조,맑음,교차로 - 교차로부근,승용,남,47세,상해없음,승용,여,21세,경상
2023062300100598,2023년 6월 23일 20시,금요일,전라남도 여수시 학동,중상사고,0,1,0,0,차대차 - 기타,교차로운행방법위반,건조,맑음,교차로 - 교차로안,승용,남,44세,상해없음,승용,남,49세,중상
2023062300100599,2023년 6월 23일 20시,금요일,전라남도 담양군 담양읍,경상사고,0,0,1,0,차대차 - 추돌,안전운전불이행,건조,흐림,교차로 - 교차로부근,승용,여,43세,상해없음,승용,여,33세,경상
2023062300100600,2023년 6월 23일 20시,금요일,전라남도 완도군 완도읍,경상사고,0,0,1,0,차대차 - 기타,안전운전불이행,건조,맑음,단일로 - 기타,승용,남,43세,상해없음,자전거,남,42세,경상
2023062300100628,2023년 6월 23일 21시,금요일,전라남도 광양시 광양읍,경상사고,0,0,4,0,차대차 - 측면충돌,직진우회전진행방해,건조,맑음,교차로 - 교차로부근,승용,남,63세,상해없음,승용,남,48세,경상
2023062300100646,2023년 6월 23일 22시,금요일,전라남도 나주시 빛가람동,경상사고,0,0,1,0,차대차 - 추돌,안전운전불이행,건조,맑음,교차로 - 교차로부근,승용,남,68세,상해없음,승용,남,53세,경상
2023062300100647,2023년 6월 23일 22시,금요일,전라남도 고흥군 고흥읍,중상사고,0,1,0,0,차대사람 - 기타,신호위반,건조,맑음,교차로 - 교차로부근,승용,여,54세,상해없음,보행자,여,24세,중상
2023062300100668,2023년 6월 23일 23시,금요일,전라남도 여수시 화장동,경상사고,0,0,1,0,차대차 - 측면충돌,안전거리미확보,건조,맑음,기타 - 기타,승용,여,26세,상해없음,원동기,남,32세,경상
2023062400100007,2023년 6월 24일 00시,토요일,전라남도 목포시 상동,경상사고,0,0,1,0,차대차 - 측면충돌,안전운전불이행,건조,맑음,단일로 - 기타,승용,남,29세,경상,승용,남,47세,상해없음
2023062400100068,2023년 6월 24일 07시,토요일,전라남도 고흥군 고흥읍,경상사고,0,0,1,0,차대사람 - 기타,안전운전불이행,건조,맑음,교차로 - 교차로부근,승용,여,65세,상해없음,보행자,남,65세,경상
2023062400100106,2023년 6월 24일 09시,토요일,전라남도 구례군 구례읍,부상신고사고,0,0,0,1,차대사람 - 차도통행중,안전운전불이행,건조,맑음,단일로 - 기타,승용,여,64세,상해없음,보행자,여,37세,부상신고
2023062400100139,2023년 6월 24일 10시,토요일,전라남도 보성군 득량면,경상사고,0,0,1,0,차대차 - 측면충돌,기타,건조,맑음,교차로 - 교차로안,승용,남,62세,상해없음,화물,남,67세,경상
2023062400100181,2023년 6월 24일 11시,토요일,전라남도 곡성군 죽곡면,중상사고,0,1,0,0,차대차 - 측면충돌,직진우회전진행방해,건조,맑음,교차로 - 교차로안,원동기,여,41세,중상,승용,남,49세,상해없음
2023062400100216,2023년 6월 24일 12시,토요일,전라남도 순천시 해룡면,중상사고,0,1,0,0,차대차 - 기타,안전운전불이행,건조,맑음,기타 - 기타,화물,남,61세,상해없음,이륜,남,23세,중상
2023062400100217,2023년 6월 24일 12시,토요일,전라남도 순천시 연향동,중상사고,0,1,0,0,차대사람 - 기타,안전운전불이행,건조,맑음,교차로 - 교차로부근,승용,여,35세,상해없음,보행자,여,62세,중상
2023062400100219,2023년 6월 24일 12시,토요일,전라남도 무안군 삼향읍,경상사고,0,0,1,0,차대차 - 측면충돌,안전운전불이행,건조,맑음,교차로 - 교차로부근,승용,여,34세,상해없음,이륜,남,50세,경상
2023062400100253,2023년 6월 24일 13시,토요일,전라남도 목포시 상동,중상사고,0,1,1,0,차대차 - 기타,안전운전불이행,건조,맑음,단일로 - 기타,승합,남,64세,상해없음,이륜,남,26세,경상
2023062400100254,2023년 6월 24일 13시,토요일,전라남도 나주시 다도면,중상사고,0,1,1,0,차대차 - 측면충돌,신호위반,건조,맑음,교차로 - 교차로안,이륜,남,38세,중상,화물,남,57세,경상
2023062400100307,2023년 6월 24일 14시,토요일,전라남도 완도군 완도읍,중상사고,0,1,0,0,차대차 - 측면충돌,교차로운행방법위반,건조,맑음,교차로 - 교차로안,승용,남,76세,상해없음,승용,여,39세,중상
2023062400100344,2023년 6월 24일 15시,토요일,전라남도 여수시 웅천동,경상사고,0,0,3,0,차대차 - 추돌,안전운전불이행,건조,맑음,교차로 - 교차로부근,승용,남,65세,기타불명,승용,여,35세,경상
2023062400100345,2023년 6월 24일 15시,토요일,전라남도 여수시 문수동,경상사고,0,0,2,0,차대차 - 측면충돌,안전운전불이행,건조,맑음,교차로 - 교차로안,승용,여,60세,상해없음,승용,남,25세,경상
2023062400100346,2023년 6월 24일 15시,토요일,전라남도 순천시 연향동,경상사고,0,0,2,0,차대차 - 기타,안전운전불이행,건조,맑음,기타 - 기타,승용,남,58세,상해없음,승용,남,29세,경상
2023062400100347,2023년 6월 24일 15시,토요일,전라남도 장흥군 장흥읍,경상사고,0,0,1,0,차대사람 - 차도통행중,교차로운행방법위반,건조,맑음,교차로 - 교차로안,승용,남,33세,상해없음,보행자,여,89세,경상
2023062400100348,2023년 6월 24일 15시,토요일,전라남도 담양군 월산면,경상사고,0,0,6,0,차대차 - 측면충돌,직진우회전진행방해,건조,맑음,교차로 - 교차로안,승용,여,27세,상해없음,승합,남,37세,경상
2023062400100428,2023년 6월 24일 17시,토요일,전라남도 순천시 연향동,부상신고사고,0,0,0,1,차대차 - 기타,교차로운행방법위반,건조,맑음,교차로 - 교차로부근,승용,남,41세,상해없음,자전거,남,65세,부상신고
2023062400100429,2023년 6월 24일 17시,토요일,전라남도 강진군 군동면,경상사고,0,0,3,0,차대차 - 추돌,안전운전불이행,건조,맑음,교차로 - 교차로부근,이륜,남,61세,경상,승용,남,55세,경상
2023062400100540,2023년 6월 24일 21시,토요일,전라남도 여수시 관문동,경상사고,0,0,1,0,차대차 - 기타,안전운전불이행,건조,맑음,교차로 - 교차로안,승용,남,70세,기타불명,이륜,남,35세,경상
2023062400100568,2023년 6월 24일 22시,토요일,전라남도 광양시 광양읍,경상사고,0,0,1,0,차대차 - 측면충돌,교차로운행방법위반,건조,맑음,교차로 - 교차로안,이륜,남,62세,경상,승용,여,35세,상해없음
2023062500100087,2023년 6월 25일 09시,일요일,전라남도 여수시 신기동,경상사고,0,0,1,0,차대차 - 기타,안전거리미확보,건조,맑음,단일로 - 기타,승용,여,59세,상해없음,승용,남,65세,상해없음
2023062500100147,2023년 6월 25일 12시,일요일,전라남도 보성군 회천면,사망사고,1,0,0,0,차대사람 - 횡단중,안전운전불이행,젖음/습기,비,교차로 - 교차로안,승용,여,46세,상해없음,보행자,여,80세,사망
2023062500100172,2023년 6월 25일 13시,일요일,전라남도 목포시 옥암동,경상사고,0,0,2,0,차대차 - 기타,안전운전불이행,건조,맑음,기타 - 기타,승용,여,37세,상해없음,승용,남,22세,경상
2023062500100190,2023년 6월 25일 14시,일요일,전라남도 여수시 미평동,경상사고,0,0,1,0,차대차 - 기타,차로위반,건조,맑음,단일로 - 기타,승용,남,57세,상해없음,승용,여,56세,경상
2023062500100191,2023년 6월 25일 14시,일요일,전라남도 나주시 운곡동,경상사고,0,0,2,0,차대차 - 측면충돌,안전거리미확보,젖음/습기,비,기타 - 기타,승합,남,63세,상해없음,승용,남,60세,상해없음
2023062500100192,2023년 6월 25일 14시,일요일,전라남도 곡성군 곡성읍,사망사고,1,0,0,0,차대차 - 추돌,안전거리미확보,건조,맑음,단일로 - 기타,승용,남,63세,상해없음,이륜,여,64세,사망
2023062500100229,2023년 6월 25일 15시,일요일,전라남도 여수시 학동,경상사고,0,0,2,0,차대차 - 추돌,안전거리미확보,젖음/습기,맑음,교차로 - 교차로부근,화물,남,48세,상해없음,승용,남,28세,경상
2023062500100230,2023년 6월 25일 15시,일요일,전라남도 무안군 삼향읍,경상사고,0,0,1,0,차대차 - 추돌,안전운전불이행,건조,맑음,교차로 - 교차로부근,승용,남,21세,상해없음,승용,여,37세,경상
2023062500100308,2023년 6월 25일 18시,일요일,전라남도 여수시 오림동,경상사고,0,0,2,0,차대차 - 측면충돌,신호위반,젖음/습기,비,교차로 - 교차로안,승용,남,61세,상해없음,화물,남,76세,경상