사고번호,사고일시,요일,시군구,사고내용,사망자수,중상자수,경상자수,부상신고자수,사고유형,법규위반,노면상태,기상상태,도로형태,가해운전자 차종,가해운전자 성별,가해운전자 연령,가해운전자 상해정도,피해운전자 차종,피해운전자 성별,피해운전자 연령,피해운전자 상해정도
2023062500100337,2023년 6월 25일 19시,일요일,전라남도 목포시 옥암동,경상사고,0,0,2,0,차대차 - 측면충돌,신호위반,젖음/습기,맑음,교차로 - 교차로안,승용,남,42세,경상,화물,남,55세,경상
2023062500100338,2023년 6월 25일 19시,일요일,전라남도 장성군 동화면,경상사고,0,0,2,0,차대차 - 추돌,안전운전불이행,젖음/습기,비,기타 - 기타,승용,남,33세,경상,화물,남,34세,경상
2023062500100364,2023년 6월 25일 20시,일요일,전라남도 순천시 연향동,경상사고,0,0,2,0,차대차 - 측면충돌,안전거리미확보,젖음/습기,비,단일로 - 기타,화물,남,61세,상해없음,화물,남,54세,경상
2023062500100389,2023년 6월 25일 21시,일요일,전라남도 여수시 문수동,경상사고,0,0,3,0,차대차 - 측면충돌,신호위반,젖음/습기,비,단일로 - 기타,승용,남,29세,기타불명,승용,여,59세,경상
2023062500100414,2023년 6월 25일 22시,일요일,전라남도 목포시 연산동,경상사고,0,0,1,0,차대차 - 기타,안전거리미확보,젖음/습기,흐림,단일로 - 기타,승용,여,38세,상해없음,승용,남,55세,경상
2023062600100019,2023년 6월 26일 03시,월요일,전라남도 광양시 금호동,경상사고,0,0,1,0,차량단독 - 공작물충돌,안전운전불이행,젖음/습기,비,단일로 - 교량,승용,남,39세,경상,,,,
2023062600100022,2023년 6월 26일 04시,월요일,전라남도 목포시 연산동,경상사고,0,0,1,0,차대차 - 기타,신호위반,젖음/습기,비,교차로 - 교차로안,승용,남,20세,상해없음,승합,남,50세,경상
2023062600100056,2023년 6월 26일 07시,월요일,전라남도 담양군 수북면,사망사고,1,0,0,0,차량단독 - 공작물충돌,안전운전불이행,젖음/습기,비,단일로 - 기타,승용,여,71세,사망,,,,
2023062600100057,2023년 6월 26일 07시,월요일,전라남도 완도군 완도읍,경상사고,0,0,2,0,차대차 - 측면충돌,중앙선침범,건조,흐림,단일로 - 기타,화물,남,76세,상해없음,승용,남,39세,경상
2023062600100101,2023년 6월 26일 08시,월요일,전라남도 여수시 교동,중상사고,0,1,0,0,차대차 - 기타,중앙선침범,젖음/습기,비,단일로 - 기타,이륜,남,50세,중상,승용,남,79세,상해없음
2023062600100102,2023년 6월 26일 08시,월요일,전라남도 함평군 학교면,중상사고,0,1,1,0,차대차 - 정면충돌,직진우회전진행방해,젖음/습기,비,교차로 - 교차로안,승용,남,61세,경상,승용,여,59세,중상
2023062600100136,2023년 6월 26일 09시,월요일,전라남도 광양시 중동,경상사고,0,0,1,0,차대사람 - 횡단중,안전운전불이행,젖음/습기,비,교차로 - 교차로부근,승용,여,51세,상해없음,보행자,남,16세,경상
2023062600100168,2023년 6월 26일 10시,월요일,전라남도 영암군 삼호읍,경상사고,0,0,2,0,차대차 - 측면충돌,안전운전불이행,젖음/습기,비,단일로 - 기타,승용,남,55세,상해없음,승용,여,53세,경상
2023062600100169,2023년 6월 26일 10시,월요일,전라남도 무안군 해제면,경상사고,0,0,1,0,차대차 - 측면충돌,안전운전불이행,건조,맑음,교차로 - 교차로안,화물,남,75세,상해없음,승용,남,64세,경상
2023062600100193,2023년 6월 26일 11시,월요일,전라남도 목포시 연산동,경상사고,0,0,2,0,차대차 - 측면충돌,안전운전불이행,젖음/습기,비,단일로 - 기타,승용,남,59세,경상,승용,남,52세,경상
2023062600100221,2023년 6월 26일 12시,월요일,전라남도 목포시 용해동,경상사고,0,0,1,0,차대차 - 측면충돌,안전거리미확보,젖음/습기,비,단일로 - 기타,화물,남,66세,상해없음,승용,남,33세,경상
2023062600100222,2023년 6월 26일 12시,월요일,전라남도 나주시 남평읍,중상사고,0,1,0,0,차대차 - 측면충돌,안전운전불이행,젖음/습기,흐림,교차로 - 교차로안,자전거,여,76세,중상,승용,여,51세,상해없음
2023062600100223,2023년 6월 26일 12시,월요일,전라남도 해남군 해남읍,중상사고,0,1,0,0,차대사람 - 횡단중,안전운전불이행,건조,맑음,교차로 - 교차로안,화물,남,62세,상해없음,보행자,여,72세,중상
2023062600100224,2023년 6월 26일 12시,월요일,전라남도 보성군 벌교읍,부상신고사고,0,0,0,1,차대사람 - 길가장자리구역통행중,안전운전불이행,건조,맑음,단일로 - 기타,승용,남,75세,상해없음,보행자,남,37세,부상신고
2023062600100259,2023년 6월 26일 13시,월요일,전라남도 목포시 산정동,경상사고,0,0,3,0,차대차 - 기타,중앙선침범,젖음/습기,흐림,교차로 - 교차로부근,승용,남,40세,경상,승용,남,66세,경상
2023062600100260,2023년 6월 26일 13시,월요일,전라남도 순천시 덕암동,중상사고,0,1,0,0,차대사람 - 기타,안전운전불이행,건조,맑음,단일로 - 기타,화물,여,64세,상해없음,보행자,여,61세,중상
2023062600100288,2023년 6월 26일 14시,월요일,전라남도 보성군 겸백면,경상사고,0,0,4,0,차대차 - 측면충돌,안전운전불이행,건조,맑음,주차장 - 주차장,승용,남,68세,경상,승용,남,40세,경상
2023062600100320,2023년 6월 26일 15시,월요일,전라남도 목포시 용당동,경상사고,0,0,1,0,차대차 - 측면충돌,안전운전불이행,건조,맑음,단일로 - 기타,화물,남,52세,상해없음,화물,여,55세,경상
2023062600100321,2023년 6월 26일 15시,월요일,전라남도 여수시 돌산읍,부상신고사고,0,0,0,3,차대차 - 기타,안전운전불이행,건조,맑음,단일로 - 기타,승용,여,44세,상해없음,승용,남,44세,부상신고
2023062600100322,2023년 6월 26일 15시,월요일,전라남도 영암군 영암읍,경상사고,0,0,1,0,차대차 - 후진중충돌,안전운전불이행,건조,맑음,단일로 - 기타,화물,여,72세,상해없음,승용,여,54세,경상
2023062600100358,2023년 6월 26일 16시,월요일,전라남도 목포시 용당동,경상사고,0,0,3,0,차대차 - 기타,교차로운행방법위반,젖음/습기,흐림,교차로 - 교차로안,승용,여,33세,경상,이륜,남,58세,경상
2023062600100359,2023년 6월 26일 16시,월요일,전라남도 순천시 황전면,중상사고,0,1,0,0,차량단독 - 공작물충돌,안전운전불이행,건조,맑음,단일로 - 기타,화물,남,66세,중상,,,,
2023062600100360,2023년 6월 26일 16시,월요일,전라남도 보성군 벌교읍,경상사고,0,0,1,0,차대차 - 측면충돌,직진우회전진행방해,건조,맑음,교차로 - 교차로부근,승용,남,85세,상해없음,자전거,남,82세,경상
2023062600100394,2023년 6월 26일 17시,월요일,전라남도 여수시 신기동,경상사고,0,0,1,0,차대차 - 측면충돌,교차로운행방법위반,건조,맑음,교차로 - 교차로안,승용,여,56세,상해없음,승용,여,52세,경상
2023062600100443,2023년 6월 26일 18시,월요일,전라남도 여수시 국동,경상사고,0,0,1,0,차대차 - 정면충돌,안전운전불이행,젖음/습기,비,단일로 - 기타,승용,여,23세,상해없음,이륜,남,68세,경상
2023062600100489,2023년 6월 26일 20시,월요일,전라남도 영광군 영광읍,경상사고,0,0,1,0,차대차 - 기타,안전운전불이행,젖음/습기,비,단일로 - 기타,승용,남,61세,상해없음,승용,여,39세,경상
2023062600100543,2023년 6월 26일 22시,월요일,전라남도 나주시 빛가람동,중상사고,0,1,1,0,차대차 - 측면충돌,신호위반,젖음/습기,비,교차로 - 교차로안,자전거,남,13세,중상,승용,여,55세,상해없음
2023062700100031,2023년 6월 27일 05시,화요일,전라남도 여수시 선원동,부상신고사고,0,0,0,1,차대차 - 추돌,안전운전불이행,젖음/습기,비,단일로 - 기타,승용,여,53세,기타불명,승용,남,62세,부상신고
2023062700100128,2023년 6월 27일 09시,화요일,전라남도 강진군 성전면,경상사고,0,0,4,0,차대차 - 추돌,안전운전불이행,건조,흐림,교차로 - 교차로부근,화물,남,24세,상해없음,화물,남,52세,경상
2023062700100222,2023년 6월 27일 12시,화요일,전라남도 영광군 불갑면,경상사고,0,0,1,0,차대차 - 기타,교차로운행방법위반,건조,맑음,교차로 - 교차로횡단보도내,승용,남,52세,상해없음,화물,남,29세,경상
2023062700100256,2023년 6월 27일 13시,화요일,전라남도 영암군 삼호읍,중상사고,0,1,3,1,차대차 - 측면충돌,교차로운행방법위반,건조,맑음,교차로 - 교차로안,승용,남,31세,경상,승용,남,60세,경상
2023062700100291,2023년 6월 27일 14시,화요일,전라남도 해남군 해남읍,경상사고,0,0,1,0,차대차 - 측면충돌,교차로운행방법위반,건조,맑음,교차로 - 교차로안,승용,여,51세,상해없음,원동기,남,48세,경상
2023062700100332,2023년 6월 27일 15시,화요일,전라남도 진도군 임회면,중상사고,0,2,1,0,차대차 - 기타,중앙선침범,젖음/습기,흐림,단일로 - 기타,승용,여,29세,경상,승용,여,37세,중상
2023062700100417,2023년 6월 27일 17시,화요일,전라남도 목포시 용당동,경상사고,0,0,1,0,차대차 - 기타,안전운전불이행,건조,맑음,교차로 - 교차로안,승용,남,55세,상해없음,승용,남,46세,상해없음
2023062700100418,2023년 6월 27일 17시,화요일,전라남도 영암군 삼호읍,경상사고,0,0,1,0,차대차 - 측면충돌,신호위반,건조,맑음,교차로 - 교차로안,승용,남,74세,상해없음,승용,남,22세,경상
2023062700100465,2023년 6월 27일 18시,화요일,전라남도 목포시 옥암동,경상사고,0,0,2,0,차대차 - 기타,안전운전불이행,젖음/습기,비,교차로 - 교차로안,승용,남,41세,경상,화물,남,66세,경상
2023062700100466,2023년 6월 27일 18시,화요일,전라남도 순천시 연향동,경상사고,0,0,1,0,차대차 - 측면충돌,직진우회전진행방해,건조,맑음,단일로 - 기타,승용,남,66세,기타불명,승용,남,57세,경상
2023062700100467,2023년 6월 27일 18시,화요일,전라남도 장성군 남면,사망사고,1,0,1,0,차대차 - 기타,안전거리미확보,건조,흐림,단일로 - 기타,승용,여,57세,상해없음,승용,남,22세,사망
2023062700100504,2023년 6월 27일 19시,화요일,전라남도 목포시 산정동,경상사고,0,0,4,0,차대차 - 기타,안전운전불이행,건조,맑음,단일로 - 기타,승용,여,27세,상해없음,승용,남,22세,경상
2023062700100505,2023년 6월 27일 19시,화요일,전라남도 순천시 풍덕동,중상사고,0,1,0,0,차량단독 - 기타,안전운전불이행,젖음/습기,비,단일로 - 기타,이륜,남,61세,중상,,,,
2023062700100506,2023년 6월 27일 19시,화요일,전라남도 영암군 영암읍,경상사고,0,0,1,0,차대사람 - 차도통행중,안전운전불이행,건조,맑음,단일로 - 기타,승용,남,68세,상해없음,보행자,남,54세,경상
2023062700100531,2023년 6월 27일 20시,화요일,전라남도 나주시 다도면,경상사고,0,0,2,0,차대차 - 추돌,안전운전불이행,젖음/습기,비,교차로 - 교차로안,승용,여,41세,경상,승용,여,36세,상해없음
2023062700100556,2023년 6월 27일 21시,화요일,전라남도 여수시 학동,경상사고,0,0,1,0,차대차 - 측면충돌,안전거리미확보,젖음/습기,비,교차로 - 교차로안,승용,남,57세,상해없음,승용,남,30세,경상
2023062700100557,2023년 6월 27일 21시,화요일,전라남도 순천시 연향동,경상사고,0,0,1,0,차대사람 - 차도통행중,안전운전불이행,건조,맑음,교차로 - 교차로안,승용,여,19세,상해없음,보행자,여,17세,경상
2023062700100586,2023년 6월 27일 22시,화요일,전라남도 목포시 산정동,경상사고,0,0,2,0,차대차 - 추돌,안전운전불이행,젖음/습기,비,교차로 - 교차로부근,승용,남,40세,상해없음,승용,여,26세,경상
2023062700100587,2023년 6월 27일 22시,화요일,전라남도 여수시 화장동,경상사고,0,0,1,0,차량단독 - 전도전복 - 전복,안전운전불이행,건조,맑음,단일로 - 기타,승용,남,36세,경상,,,,
2023062800100011,2023년 6월 28일 00시,수요일,전라남도 순천시 풍덕동,중상사고,0,1,0,0,차대사람 - 횡단중,보행자보호의무위반,젖음/습기,비,교차로 - 교차로안,승용,남,75세,상해없음,보행자,남,57세,중상
2023062800100012,2023년 6월 28일 00시,수요일,전라남도 나주시 빛가람동,경상사고,0,0,2,0,차대차 - 측면충돌,안전운전불이행,젖음/습기,비,교차로 - 교차로부근,승용,남,43세,상해없음,승용,남,47세,경상
2023062800100076,2023년 6월 28일 07시,수요일,전라남도 장흥군 장평면,경상사고,0,0,1,0,차대차 - 측면충돌,중앙선침범,젖음/습기,비,단일로 - 기타,승용,남,57세,상해없음,승용,남,24세,경상
2023062800100077,2023년 6월 28일 07시,수요일,전라남도 완도군 완도읍,중상사고,0,1,0,0,차대사람 - 기타,안전운전불이행,건조,맑음,단일로 - 기타,승용,여,76세,상해없음,보행자,여,74세,중상
2023062800100078,2023년 6월 28일 07시,수요일,전라남도 광양시 광양읍,경상사고,0,0,1,0,차대차 - 측면충돌,교차로운행방법위반,젖음/습기,비,교차로 - 교차로안,승용,남,31세,상해없음,승용,남,56세,상해없음
2023062800100106,2023년 6월 28일 08시,수요일,전라남도 영암군 삼호읍,경상사고,0,0,2,0,차대차 - 측면충돌,신호위반,젖음/습기,비,교차로 - 교차로안,승용,여,41세,경상,승용,여,47세,경상
2023062800100139,2023년 6월 28일 09시,수요일,전라남도 목포시 용해동,경상사고,0,0,2,0,차대차 - 추돌,안전운전불이행,건조,맑음,교차로 - 교차로부근,화물,남,45세,상해없음,승용,여,60세,경상
2023062800100140,2023년 6월 28일 09시,수요일,전라남도 영암군 삼호읍,경상사고,0,0,1,0,차대차 - 측면충돌,안전거리미확보,건조,맑음,단일로 - 기타,승용,남,73세,상해없음,화물,남,61세,경상
2023062800100169,2023년 6월 28일 10시,수요일,전라남도 광양시 중동,경상사고,0,0,2,0,차대차 - 측면충돌,교차로운행방법위반,건조,맑음,교차로 - 교차로부근,화물,남,54세,상해없음,승용,여,32세,경상
2023062800100197,2023년 6월 28일 11시,수요일,전라남도 해남군 화원면,경상사고,0,0,3,0,차대차 - 추돌,안전운전불이행,젖음/습기,흐림,교차로 - 교차로부근,건설기계,남,44세,상해없음,승합,남,33세,경상
2023062800100198,2023년 6월 28일 11시,수요일,전라남도 화순군 화순읍,경상사고,0,0,2,0,차대차 - 측면충돌,직진우회전진행방해,건조,맑음,교차로 - 교차로안,승용,여,29세,경상,승용,여,55세,경상
2023062800100226,2023년 6월 28일 12시,수요일,전라남도 해남군 해남읍,중상사고,0,1,1,0,차대차 - 측면충돌,직진우회전진행방해,젖음/습기,비,교차로 - 교차로안,승용,여,24세,경상,화물,남,47세,중상
2023062800100356,2023년 6월 28일 16시,수요일,전라남도 광양시 금호동,경상사고,0,0,1,0,차대차 - 측면충돌,교차로운행방법위반,건조,맑음,교차로 - 교차로안,화물,남,47세,상해없음,승용,남,32세,경상
2023062800100400,2023년 6월 28일 17시,수요일,전라남도 여수시 신기동,경상사고,0,0,1,0,차대사람 - 기타,안전운전불이행,건조,맑음,기타 - 기타,승용,여,60세,상해없음,보행자,여,53세,경상
2023062800100450,2023년 6월 28일 18시,수요일,전라남도 목포시 연산동,경상사고,0,0,1,0,차대차 - 측면충돌,신호위반,건조,맑음,단일로 - 기타,승용,남,51세,상해없음,이륜,남,27세,경상
2023062800100451,2023년 6월 28일 18시,수요일,전라남도 여수시 서교동,경상사고,0,0,4,0,차대차 - 기타,신호위반,건조,맑음,교차로 - 교차로안,승용,남,65세,상해없음,승용,남,70세,경상
2023062800100452,2023년 6월 28일 18시,수요일,전라남도 장성군 장성읍,부상신고사고,0,0,0,1,차대차 - 측면충돌,안전운전불이행,건조,맑음,교차로 - 교차로부근,승용,남,63세,상해없음,승용,남,26세,부상신고
2023062800100483,2023년 6월 28일 19시,수요일,전라남도 목포시 옥암동,중상사고,0,1,0,0,차대차 - 측면충돌,신호위반,건조,흐림,교차로 - 교차로횡단보도내,이륜,남,31세,상해없음,자전거,여,45세,중상
2023062800100484,2023년 6월 28일 19시,수요일,전라남도 목포시 용해동,중상사고,0,1,0,0,차대차 - 추돌,안전운전불이행,건조,맑음,교차로 - 교차로부근,승용,남,20세,상해없음,이륜,남,26세,중상
2023062800100485,2023년 6월 28일 19시,수요일,전라남도 함평군 학교면,부상신고사고,0,0,0,1,차량단독 - 공작물충돌,안전운전불이행,건조,맑음,교차로 - 교차로안,이륜,남,78세,부상신고,,,,
2023062800100544,2023년 6월 28일 21시,수요일,전라남도 여수시 소라면,중상사고,0,1,0,0,차대사람 - 차도통행중,안전운전불이행,건조,맑음,단일로 - 기타,이륜,남,60세,상해없음,보행자,여,79세,중상
2023062800100545,2023년 6월 28일 21시,수요일,전라남도 영암군 신북면,사망사고,1,0,0,0,차대사람 - 횡단중,안전운전불이행,건조,흐림,교차로 - 교차로안,승용,남,40세,상해없음,보행자,남,66세,사망
2023062900100048,2023년 6월 29일 06시,목요일,전라남도 영광군 염산면,중상사고,0,1,0,0,차대사람 - 길가장자리구역통행중,안전운전불이행,건조,흐림,단일로 - 기타,화물,남,64세,상해없음,보행자,여,69세,중상
2023062900100063,2023년 6월 29일 07시,목요일,전라남도 여수시 선원동,경상사고,0,0,1,0,차대차 - 측면충돌,교차로운행방법위반,건조,맑음,교차로 - 교차로안,화물,남,52세,상해없음,승용,여,55세,경상
2023062900100064,2023년 6월 29일 07시,목요일,전라남도 나주시 남평읍,중상사고,0,1,0,0,차대차 - 측면충돌,신호위반,건조,맑음,교차로 - 교차로안,이륜,남,56세,중상,화물,남,75세,상해없음
2023062900100065,2023년 6월 29일 07시,목요일,전라남도 장흥군 장흥읍,경상사고,0,0,1,0,차대차 - 추돌,안전운전불이행,건조,맑음,교차로 - 교차로부근,화물,남,76세,상해없음,화물,여,49세,경상
2023062900100097,2023년 6월 29일 08시,목요일,전라남도 여수시 여서동,경상사고,0,0,1,0,차대차 - 측면충돌,교차로운행방법위반,건조,맑음,교차로 - 교차로안,승용,여,54세,기타불명,승용,남,67세,상해없음
2023062900100098,2023년 6월 29일 08시,목요일,전라남도 광양시 광양읍,경상사고,0,0,1,1,차대차 - 측면충돌,신호위반,젖음/습기,흐림,교차로 - 교차로안,승용,여,36세,경상,화물,남,65세,부상신고
2023062900100192,2023년 6월 29일 11시,목요일,전라남도 여수시 학동,경상사고,0,0,2,0,차대차 - 측면충돌,안전운전불이행,건조,맑음,교차로 - 교차로안,승용,남,40세,상해없음,승용,남,34세,경상
2023062900100193,2023년 6월 29일 11시,목요일,전라남도 순천시 조례동,경상사고,0,0,2,0,차대차 - 측면충돌,신호위반,건조,맑음,교차로 - 교차로안,승용,여,63세,경상,승용,여,38세,경상
2023062900100232,2023년 6월 29일 12시,목요일,전라남도 목포시 산정동,경상사고,0,0,2,0,차대차 - 측면충돌,신호위반,건조,맑음,교차로 - 교차로안,승합,여,53세,상해없음,승합,남,43세,경상
2023062900100274,2023년 6월 29일 13시,목요일,전라남도 여수시 평여동,부상신고사고,0,0,0,1,차대차 - 측면충돌,안전운전불이행,젖음/습기,비,기타 - 기타,승용,남,32세,상해없음,건설기계,기타불명,미분류,기타불명
2023062900100275,2023년 6월 29일 13시,목요일,전라남도 순천시 연향동,경상사고,0,0,1,0,차대차 - 측면충돌,안전운전불이행,건조,맑음,단일로 - 기타,화물,남,65세,상해없음,승용,남,49세,경상
2023062900100276,2023년 6월 29일 13시,목요일,전라남도 해남군 해남읍,경상사고,0,0,1,0,차대차 - 기타,차로위반,건조,맑음,단일로 - 기타,자전거,남,63세,경상,승용,남,39세,상해없음
2023062900100277,2023년 6월 29일 13시,목요일,전라남도 보성군 벌교읍,경상사고,0,0,1,0,차대사람 - 차도통행중,안전운전불이행,건조,맑음,기타 - 기타,승용,남,36세,상해없음,보행자,여,81세,경상
2023062900100278,2023년 6월 29일 13시,목요일,전라남도 영광군 백수읍,경상사고,0,0,1,0,차대차 - 정면충돌,중앙선침범,건조,맑음,단일로 - 기타,승용,남,67세,상해없음,화물,남,65세,경상
2023062900100344,2023년 6월 29일 15시,목요일,전라남도 목포시 상동,경상사고,0,0,1,0,차대차 - 추돌,안전운전불이행,건조,맑음,교차로 - 교차로부근,승용,남,66세,상해없음,승용,남,44세,경상
2023062900100345,2023년 6월 29일 15시,목요일,전라남도 강진군 강진읍,사망사고,1,1,0,0,차량단독 - 도로외이탈 - 기타,안전운전불이행,젖음/습기,흐림,단일로 - 기타,승용,여,72세,사망,,,,
2023062900100415,2023년 6월 29일 17시,목요일,전라남도 나주시 문평면,중상사고,0,1,0,0,차대차 - 기타,교차로운행방법위반,건조,맑음,교차로 - 교차로안,승용,남,32세,상해없음,이륜,남,57세,중상
2023062900100580,2023년 6월 29일 23시,목요일,전라남도 목포시 상동,경상사고,0,0,1,0,차대사람 - 횡단중,안전운전불이행,젖음/습기,비,단일로 - 기타,승용,남,36세,상해없음,보행자,남,64세,경상
2023062900100581,2023년 6월 29일 23시,목요일,전라남도 고흥군 고흥읍,경상사고,0,0,1,0,차대차 - 기타,안전운전불이행,젖음/습기,비,교차로 - 교차로안,승용,남,71세,기타불명,승용,여,61세,경상
2023063000100013,2023년 6월 30일 00시,금요일,전라남도 장흥군 장흥읍,경상사고,0,0,1,0,차대사람 - 기타,안전운전불이행,젖음/습기,비,단일로 - 기타,승용,남,20세,상해없음,보행자,남,28세,경상
2023063000100129,2023년 6월 30일 09시,금요일,전라남도 완도군 완도읍,경상사고,0,0,1,0,차대차 - 측면충돌,중앙선침범,젖음/습기,비,단일로 - 기타,화물,남,59세,상해없음,승용,여,33세,경상
2023063000100154,2023년 6월 30일 10시,금요일,전라남도 목포시 용당동,경상사고,0,0,4,0,차대차 - 측면충돌,교차로운행방법위반,건조,맑음,교차로 - 교차로안,화물,남,72세,경상,승용,여,56세,상해없음
2023063000100185,2023년 6월 30일 11시,금요일,전라남도 순천시 인월동,경상사고,0,0,1,0,차대차 - 추돌,안전운전불이행,건조,맑음,교차로 - 교차로안,화물,남,63세,기타불명,승용,남,52세,경상
2023063000100186,2023년 6월 30일 11시,금요일,전라남도 화순군 동면,경상사고,0,0,5,0,차대차 - 추돌,안전운전불이행,건조,맑음,교차로 - 교차로부근,승용,남,48세,상해없음,승용,남,68세,경상
2023063000100187,2023년 6월 30일 11시,금요일,전라남도 강진군 작천면,경상사고,0,0,1,0,차량단독 - 공작물충돌,안전운전불이행,젖음/습기,비,단일로 - 기타,승용,여,61세,경상,,,,
2023063000100188,2023년 6월 30일 11시,금요일,전라남도 완도군 고금면,경상사고,0,0,2,0,차대차 - 추돌,안전운전불이행,젖음/습기,비,교차로 - 교차로부근,승합,남,68세,상해없음,화물,남,68세,경상
2023063000100215,2023년 6월 30일 12시,금요일,전라남도 나주시 삼영동,경상사고,0,0,1,0,차대차 - 기타,안전운전불이행,건조,맑음,교차로 - 교차로안,승용,남,67세,상해없음,승합,남,54세,상해없음
2023063000100280,2023년 6월 30일 14시,금요일,전라남도 순천시 조례동,경상사고,0,0,1,0,차대차 - 추돌,안전운전불이행,젖음/습기,흐림,단일로 - 기타,승용,남,74세,상해없음,승용,남,27세,경상
2023063000100314,2023년 6월 30일 15시,금요일,전라남도 여수시 광무동,경상사고,0,0,2,0,차대차 - 측면충돌,교차로운행방법위반,건조,흐림,교차로 - 교차로안,승용,남,56세,기타불명,승용,여,70세,경상
2023063000100340,2023년 6월 30일 16시,금요일,전라남도 여수시 문수동,경상사고,0,0,1,0,차대차 - 측면충돌,안전운전불이행,건조,맑음,단일로 - 기타,승용,여,36세,상해없음,화물,남,46세,경상
2023063000100370,2023년 6월 30일 17시,금요일,전라남도 목포시 상동,경상사고,0,0,1,0,차대차 - 측면충돌,교차로운행방법위반,건조,맑음,교차로 - 교차로안,화물,남,65세,상해없음,승용,남,39세,경상
2023063000100371,2023년 6월 30일 17시,금요일,전라남도 나주시 송월동,경상사고,0,0,1,0,차대차 - 추돌,안전운전불이행,건조,맑음,교차로 - 교차로부근,승용,남,52세,상해없음,승용,남,57세,경상
2023063000100372,2023년 6월 30일 17시,금요일,전라남도 장흥군 장흥읍,부상신고사고,0,0,0,1,차대차 - 측면충돌,안전운전불이행,젖음/습기,비,단일로 - 기타,승용,여,51세,상해없음,이륜,남,32세,부상신고
2023063000100416,2023년 6월 30일 18시,금요일,전라남도 순천시 오천동,경상사고,0,0,1,0,차대차 - 측면충돌,교차로운행방법위반,건조,맑음,단일로 - 기타,승용,남,32세,경상,화물,남,46세,상해없음
2023063000100504,2023년 6월 30일 21시,금요일,전라남도 목포시 옥암동,경상사고,0,0,2,0,차대차 - 추돌,안전운전불이행,건조,맑음,교차로 - 교차로부근,승용,남,44세,상해없음,승용,남,40세,경상
2023063000100550,2023년 6월 30일 23시,금요일,전라남도 화순군 화순읍,경상사고,0,0,1,0,차대차 - 측면충돌,교차로운행방법위반,젖음/습기,흐림,교차로 - 교차로안,화물,남,61세,상해없음,승용,남,43세,경상
2023070100100012,2023년 7월 1일 00시,토요일,전라남도 광양시 중동,경상사고,0,0,1,0,차대사람 - 횡단중,보행자보호의무위반,건조,맑음,교차로 - 교차로횡단보도내,승용,여,31세,상해없음,보행자,남,30세,경상
2023070100100067,2023년 7월 1일 05시,토요일,전라남도 무안군 삼향읍,중상사고,0,1,0,0,차대사람 - 차도통행중,안전운전불이행,건조,맑음,단일로 - 지하차도(도로)내,승용,남,37세,상해없음,보행자,남,57세,중상
2023070100100077,2023년 7월 1일 06시,토요일,전라남도 여수시 선원동,중상사고,0,1,0,0,차대차 - 측면충돌,교차로운행방법위반,건조,맑음,교차로 - 교차로안,승용,여,52세,상해없음,원동기,남,57세,중상
2023070100100098,2023년 7월 1일 08시,토요일,전라남도 여수시 웅천동,부상신고사고,0,0,0,1,차량단독 - 전도전복 - 전도,안전운전불이행,젖음/습기,비,단일로 - 기타,이륜,남,23세,부상신고,,,,
2023070100100099,2023년 7월 1일 08시,토요일,전라남도 담양군 고서면,경상사고,0,0,1,0,차대차 - 추돌,안전운전불이행,젖음/습기,비,교차로 - 교차로부근,화물,남,36세,기타불명,승용,여,40세,경상
2023070100100114,2023년 7월 1일 09시,토요일,전라남도 목포시 옥암동,경상사고,0,0,1,0,차대차 - 측면충돌,차로위반,건조,맑음,단일로 - 기타,승용,여,60세,상해없음,원동기,남,42세,경상
2023070100100138,2023년 7월 1일 10시,토요일,전라남도 여수시 수정동,경상사고,0,0,1,0,차대차 - 측면충돌,안전운전불이행,건조,흐림,교차로 - 교차로안,승용,여,38세,상해없음,승용,남,45세,경상
2023070100100179,2023년 7월 1일 11시,토요일,전라남도 여수시 화양면,경상사고,0,0,1,0,차대차 - 측면충돌,신호위반,건조,맑음,교차로 - 교차로안,화물,남,61세,상해없음,승용,남,39세,경상
2023070100100208,2023년 7월 1일 12시,토요일,전라남도 목포시 명륜동,경상사고,0,0,1,0,차량단독 - 공작물충돌,안전운전불이행,건조,맑음,단일로 - 기타,승용,남,75세,경상,,,,
2023070100100209,2023년 7월 1일 12시,토요일,전라남도 목포시 항동,경상사고,0,0,1,0,차대차 - 기타,안전운전불이행,건조,맑음,단일로 - 기타,승용,남,62세,상해없음,승용,남,31세,경상
2023070100100242,2023년 7월 1일 13시,토요일,전라남도 순천시 승주읍,중상사고,0,1,0,0,차대차 - 측면충돌,안전운전불이행,건조,맑음,단일로 - 기타,승용,남,66세,상해없음,원동기,남,73세,중상
2023070100100243,2023년 7월 1일 13시,토요일,전라남도 곡성군 목사동면,중상사고,0,1,0,0,차대차 - 측면충돌,직진우회전진행방해,건조,맑음,교차로 - 교차로안,화물,남,50세,상해없음,이륜,여,50세,중상
2023070100100286,2023년 7월 1일 14시,토요일,전라남도 여수시 교동,경상사고,0,0,1,0,차대사람 - 차도통행중,안전운전불이행,건조,맑음,기타 - 기타,승용,여,55세,상해없음,보행자,여,68세,경상
2023070100100328,2023년 7월 1일 15시,토요일,전라남도 강진군 강진읍,경상사고,0,0,1,0,차대차 - 측면충돌,중앙선침범,건조,흐림,교차로 - 교차로부근,승용,남,63세,상해없음,이륜,남,73세,경상