사고번호,사고일시,요일,시군구,사고내용,사망자수,중상자수,경상자수,부상신고자수,사고유형,법규위반,노면상태,기상상태,도로형태,가해운전자 차종,가해운전자 성별,가해운전자 연령,가해운전자 상해정도,피해운전자 차종,피해운전자 성별,피해운전자 연령,피해운전자 상해정도
2023070100100329,2023년 7월 1일 15시,토요일,전라남도 광양시 광양읍,경상사고,0,0,1,0,차대사람 - 기타,보행자보호의무위반,건조,맑음,교차로 - 교차로횡단보도내,이륜,남,35세,상해없음,보행자,남,27세,경상
2023070100100373,2023년 7월 1일 16시,토요일,전라남도 목포시 옥암동,경상사고,0,0,1,0,차대차 - 추돌,안전운전불이행,건조,맑음,주차장 - 주차장,승용,여,36세,상해없음,승용,남,30세,경상
2023070100100374,2023년 7월 1일 16시,토요일,전라남도 목포시 용해동,경상사고,0,0,2,0,차대차 - 측면충돌,안전거리미확보,건조,맑음,단일로 - 기타,승용,여,38세,상해없음,승용,여,33세,경상
2023070100100375,2023년 7월 1일 16시,토요일,전라남도 무안군 일로읍,중상사고,0,1,1,0,차대차 - 측면충돌,안전운전불이행,건조,맑음,교차로 - 교차로안,승용,남,30세,상해없음,자전거,남,53세,경상
2023070100100423,2023년 7월 1일 17시,토요일,전라남도 장흥군 부산면,경상사고,0,0,2,0,차대차 - 추돌,안전거리미확보,건조,맑음,교차로 - 교차로부근,승용,여,41세,상해없음,승용,남,64세,경상
2023070100100527,2023년 7월 1일 20시,토요일,전라남도 여수시 덕충동,경상사고,0,0,2,0,차대차 - 추돌,교차로운행방법위반,건조,맑음,교차로 - 교차로안,승용,남,53세,기타불명,승용,남,47세,경상
2023070100100528,2023년 7월 1일 20시,토요일,전라남도 완도군 완도읍,중상사고,0,2,0,0,차대사람 - 차도통행중,안전운전불이행,건조,맑음,단일로 - 기타,화물,남,60세,상해없음,보행자,남,69세,중상
2023070100100570,2023년 7월 1일 21시,토요일,전라남도 광양시 광양읍,경상사고,0,0,1,0,차대차 - 측면충돌,기타,건조,맑음,교차로 - 교차로안,이륜,남,26세,경상,승용,남,46세,상해없음
2023070200100006,2023년 7월 2일 00시,일요일,전라남도 장흥군 장흥읍,부상신고사고,0,0,0,1,차대차 - 측면충돌,안전운전불이행,건조,맑음,단일로 - 기타,승용,남,28세,부상신고,승합,남,48세,기타불명
2023070200100090,2023년 7월 2일 10시,일요일,전라남도 목포시 상동,경상사고,0,0,3,0,차대차 - 측면충돌,차로위반,건조,흐림,교차로 - 교차로부근,승용,남,56세,경상,승용,남,59세,경상
2023070200100109,2023년 7월 2일 11시,일요일,전라남도 구례군 구례읍,중상사고,0,1,0,0,차대차 - 측면충돌,교차로운행방법위반,건조,맑음,교차로 - 교차로안,이륜,남,80세,중상,승용,남,52세,상해없음
2023070200100162,2023년 7월 2일 13시,일요일,전라남도 화순군 청풍면,중상사고,0,1,0,0,차량단독 - 전도전복 - 전도,안전운전불이행,건조,맑음,단일로 - 기타,화물,여,53세,중상,,,,
2023070200100163,2023년 7월 2일 13시,일요일,전라남도 함평군 함평읍,경상사고,0,0,3,0,차대차 - 후진중충돌,안전운전불이행,건조,맑음,단일로 - 기타,승용,남,52세,상해없음,승용,남,27세,경상
2023070200100259,2023년 7월 2일 17시,일요일,전라남도 나주시 금천면,중상사고,0,1,2,0,차대차 - 정면충돌,중앙선침범,건조,맑음,단일로 - 기타,승용,남,65세,상해없음,승용,남,62세,중상
2023070200100260,2023년 7월 2일 17시,일요일,전라남도 영암군 영암읍,경상사고,0,0,1,0,차량단독 - 전도전복 - 전도,안전운전불이행,건조,맑음,단일로 - 기타,사륜오토바이(ATV),남,80세,경상,,,,
2023070200100318,2023년 7월 2일 19시,일요일,전라남도 보성군 보성읍,중상사고,0,1,7,0,차대차 - 측면충돌,직진우회전진행방해,건조,맑음,교차로 - 교차로안,승용,여,60세,경상,화물,남,51세,경상
2023070200100340,2023년 7월 2일 20시,일요일,전라남도 나주시 동수동,경상사고,0,0,2,0,차대차 - 추돌,안전운전불이행,건조,맑음,교차로 - 교차로부근,승용,남,56세,상해없음,승용,남,27세,경상
2023070200100341,2023년 7월 2일 20시,일요일,전라남도 강진군 대구면,사망사고,1,0,0,0,차대사람 - 횡단중,안전운전불이행,건조,맑음,교차로 - 교차로부근,화물,남,63세,상해없음,보행자,남,86세,사망
2023070200100364,2023년 7월 2일 21시,일요일,전라남도 여수시 신월동,중상사고,0,1,0,0,차대차 - 추돌,안전운전불이행,건조,맑음,교차로 - 교차로부근,승용,여,37세,상해없음,승용,여,48세,중상
2023070200100392,2023년 7월 2일 22시,일요일,전라남도 순천시 가곡동,중상사고,0,1,0,0,차량단독 - 기타,안전운전불이행,건조,맑음,단일로 - 기타,자전거,남,17세,중상,,,,
2023070300100027,2023년 7월 3일 05시,월요일,전라남도 보성군 벌교읍,사망사고,1,0,0,0,차대차 - 측면충돌,안전운전불이행,젖음/습기,흐림,단일로 - 기타,이륜,남,71세,사망,화물,남,58세,기타불명
2023070300100037,2023년 7월 3일 06시,월요일,전라남도 영암군 삼호읍,경상사고,0,0,1,0,차량단독 - 전도전복 - 전도,안전운전불이행,젖음/습기,비,교차로 - 교차로부근,이륜,남,23세,경상,,,,
2023070300100062,2023년 7월 3일 07시,월요일,전라남도 여수시 웅천동,경상사고,0,0,1,0,차대차 - 측면충돌,신호위반,건조,맑음,교차로 - 교차로안,원동기,남,82세,경상,승용,여,45세,상해없음
2023070300100063,2023년 7월 3일 07시,월요일,전라남도 장흥군 안양면,중상사고,0,1,1,0,차대차 - 측면충돌,직진우회전진행방해,젖음/습기,흐림,교차로 - 교차로안,화물,남,68세,경상,화물,남,64세,중상
2023070300100064,2023년 7월 3일 07시,월요일,전라남도 해남군 해남읍,경상사고,0,0,2,0,차대차 - 측면충돌,안전운전불이행,건조,맑음,교차로 - 교차로안,승용,여,25세,경상,화물,남,30세,경상
2023070300100101,2023년 7월 3일 08시,월요일,전라남도 목포시 대양동,경상사고,0,0,1,0,차대차 - 측면충돌,중앙선침범,건조,맑음,단일로 - 기타,승용,남,66세,상해없음,화물,남,35세,경상
2023070300100102,2023년 7월 3일 08시,월요일,전라남도 목포시 석현동,중상사고,0,2,0,0,차대차 - 추돌,안전운전불이행,건조,맑음,교차로 - 교차로안,승용,여,50세,중상,승용,남,65세,상해없음
2023070300100103,2023년 7월 3일 08시,월요일,전라남도 나주시 남평읍,경상사고,0,0,1,0,차대차 - 측면충돌,안전운전불이행,건조,맑음,단일로 - 기타,자전거,남,13세,경상,승용,여,28세,상해없음
2023070300100145,2023년 7월 3일 09시,월요일,전라남도 목포시 용당동,경상사고,0,0,1,0,차대차 - 측면충돌,안전운전불이행,건조,맑음,교차로 - 교차로안,자전거,남,81세,경상,승용,남,58세,상해없음
2023070300100146,2023년 7월 3일 09시,월요일,전라남도 진도군 군내면,경상사고,0,0,1,0,차량단독 - 공작물충돌,안전운전불이행,젖음/습기,흐림,단일로 - 기타,승용,남,48세,경상,,,,
2023070300100185,2023년 7월 3일 10시,월요일,전라남도 나주시 산포면,중상사고,0,1,1,0,차대차 - 측면충돌,안전운전불이행,건조,맑음,교차로 - 교차로안,승용,남,68세,중상,화물,남,62세,경상
2023070300100224,2023년 7월 3일 11시,월요일,전라남도 진도군 고군면,중상사고,0,1,0,0,차대차 - 정면충돌,안전운전불이행,건조,맑음,단일로 - 기타,화물,남,36세,상해없음,이륜,남,75세,중상
2023070300100247,2023년 7월 3일 12시,월요일,전라남도 여수시 돌산읍,사망사고,2,0,2,0,차량단독 - 전도전복 - 전도,안전운전불이행,건조,맑음,단일로 - 기타,농기계,남,80세,사망,,,,
2023070300100248,2023년 7월 3일 12시,월요일,전라남도 순천시 덕암동,경상사고,0,0,1,0,차량단독 - 기타,안전운전불이행,건조,맑음,단일로 - 기타,이륜,여,31세,경상,,,,
2023070300100285,2023년 7월 3일 13시,월요일,전라남도 영암군 학산면,경상사고,0,0,1,0,차량단독 - 전도전복 - 전도,안전운전불이행,건조,맑음,단일로 - 기타,이륜,남,69세,경상,,,,
2023070300100325,2023년 7월 3일 14시,월요일,전라남도 고흥군 풍양면,경상사고,0,0,3,0,차대차 - 기타,안전운전불이행,건조,맑음,단일로 - 기타,화물,남,33세,경상,승합,남,58세,경상
2023070300100355,2023년 7월 3일 15시,월요일,전라남도 보성군 노동면,중상사고,0,1,0,0,차대차 - 기타,기타,건조,맑음,단일로 - 기타,화물,남,33세,상해없음,이륜,남,54세,중상
2023070300100395,2023년 7월 3일 16시,월요일,전라남도 함평군 대동면,부상신고사고,0,0,0,1,차량단독 - 도로외이탈 - 기타,안전운전불이행,건조,맑음,단일로 - 기타,이륜,남,85세,부상신고,,,,
2023070300100428,2023년 7월 3일 17시,월요일,전라남도 진도군 진도읍,경상사고,0,0,1,0,차대차 - 후진중충돌,안전운전불이행,건조,흐림,교차로 - 교차로안,승용,남,61세,상해없음,이륜,남,72세,경상
2023070300100517,2023년 7월 3일 20시,월요일,전라남도 순천시 해룡면,중상사고,0,1,0,0,차대차 - 측면충돌,신호위반,건조,맑음,교차로 - 교차로안,이륜,남,40세,중상,승용,남,51세,상해없음
2023070300100535,2023년 7월 3일 21시,월요일,전라남도 구례군 구례읍,중상사고,0,1,0,0,차대차 - 측면충돌,안전운전불이행,건조,맑음,단일로 - 기타,승용,여,27세,상해없음,이륜,남,31세,중상
2023070400100021,2023년 7월 4일 01시,화요일,전라남도 목포시 용해동,중상사고,0,1,0,0,차대사람 - 기타,안전운전불이행,건조,맑음,교차로 - 교차로안,승용,남,33세,상해없음,보행자,남,62세,중상
2023070400100047,2023년 7월 4일 05시,화요일,전라남도 순천시 해룡면,경상사고,0,0,2,0,차대차 - 기타,신호위반,건조,맑음,교차로 - 교차로안,건설기계,남,71세,경상,화물,남,64세,경상
2023070400100084,2023년 7월 4일 07시,화요일,전라남도 나주시 동수동,중상사고,0,1,2,0,차대차 - 정면충돌,안전운전불이행,젖음/습기,비,교차로 - 교차로안,승용,여,73세,중상,승용,남,35세,경상
2023070400100085,2023년 7월 4일 07시,화요일,전라남도 고흥군 동강면,중상사고,0,1,0,0,차대차 - 추돌,안전운전불이행,건조,맑음,교차로 - 교차로안,승용,남,60세,상해없음,이륜,남,72세,중상
2023070400100115,2023년 7월 4일 08시,화요일,전라남도 여수시 소라면,경상사고,0,0,4,0,차대차 - 측면충돌,신호위반,젖음/습기,비,단일로 - 고가도로위,화물,남,52세,상해없음,승용,여,58세,경상
2023070400100116,2023년 7월 4일 08시,화요일,전라남도 여수시 율촌면,부상신고사고,0,0,0,1,차대차 - 추돌,안전거리미확보,건조,맑음,단일로 - 기타,승용,여,25세,상해없음,승용,여,47세,부상신고
2023070400100117,2023년 7월 4일 08시,화요일,전라남도 담양군 대전면,경상사고,0,0,2,0,차대차 - 측면충돌,안전운전불이행,젖음/습기,비,교차로 - 교차로안,승용,여,55세,경상,승용,남,58세,경상
2023070400100118,2023년 7월 4일 08시,화요일,전라남도 광양시 태인동,경상사고,0,0,1,0,차대차 - 측면충돌,신호위반,건조,맑음,교차로 - 교차로안,화물,남,67세,상해없음,이륜,남,87세,경상
2023070400100119,2023년 7월 4일 08시,화요일,전라남도 광양시 옥곡면,경상사고,0,0,1,0,차대차 - 추돌,안전운전불이행,젖음/습기,비,교차로 - 교차로부근,화물,남,48세,기타불명,승용,여,33세,기타불명
2023070400100156,2023년 7월 4일 09시,화요일,전라남도 여수시 둔덕동,경상사고,0,0,1,0,차대차 - 추돌,안전거리미확보,젖음/습기,흐림,단일로 - 기타,승합,남,42세,상해없음,승용,남,74세,상해없음
2023070400100157,2023년 7월 4일 09시,화요일,전라남도 해남군 해남읍,중상사고,0,2,0,0,차대차 - 후진중충돌,안전운전불이행,건조,맑음,기타 - 기타,승용,남,76세,기타불명,승용,여,44세,중상
2023070400100158,2023년 7월 4일 09시,화요일,전라남도 광양시 중동,경상사고,0,0,1,0,차대차 - 측면충돌,신호위반,젖음/습기,비,교차로 - 교차로안,이륜,남,40세,상해없음,승용,남,26세,경상
2023070400100188,2023년 7월 4일 10시,화요일,전라남도 장흥군 부산면,경상사고,0,0,2,0,차대차 - 측면충돌,중앙선침범,젖음/습기,비,단일로 - 교량,승용,여,31세,상해없음,승용,남,34세,경상
2023070400100238,2023년 7월 4일 12시,화요일,전라남도 순천시 조례동,경상사고,0,0,2,0,차대차 - 추돌,안전운전불이행,건조,기타,교차로 - 교차로부근,승용,남,50세,상해없음,승용,여,31세,경상
2023070400100267,2023년 7월 4일 13시,화요일,전라남도 여수시 문수동,경상사고,0,0,1,0,차대사람 - 횡단중,신호위반,젖음/습기,비,단일로 - 기타,승용,여,33세,상해없음,보행자,여,75세,경상
2023070400100295,2023년 7월 4일 14시,화요일,전라남도 여수시 월하동,경상사고,0,0,1,0,차대차 - 정면충돌,중앙선침범,젖음/습기,비,교차로 - 교차로부근,승용,여,36세,상해없음,화물,남,36세,경상
2023070400100296,2023년 7월 4일 14시,화요일,전라남도 장흥군 장흥읍,경상사고,0,0,1,0,차량단독 - 기타,안전운전불이행,젖음/습기,비,교차로 - 교차로부근,이륜,남,19세,경상,,,,
2023070400100297,2023년 7월 4일 14시,화요일,전라남도 나주시 문평면,경상사고,0,0,1,0,차대차 - 기타,기타,건조,맑음,단일로 - 기타,화물,남,56세,상해없음,승용,남,30세,경상
2023070400100327,2023년 7월 4일 15시,화요일,전라남도 순천시 해룡면,경상사고,0,0,1,0,차량단독 - 기타,안전운전불이행,젖음/습기,비,단일로 - 기타,특수,남,50세,경상,,,,
2023070400100328,2023년 7월 4일 15시,화요일,전라남도 함평군 함평읍,경상사고,0,0,2,0,차대차 - 측면충돌,기타,건조,맑음,교차로 - 교차로안,승용,남,55세,경상,승용,남,28세,경상
2023070400100365,2023년 7월 4일 16시,화요일,전라남도 목포시 산정동,중상사고,0,1,0,0,차대사람 - 기타,안전운전불이행,건조,맑음,교차로 - 교차로안,승용,여,29세,상해없음,보행자,여,63세,중상
2023070400100366,2023년 7월 4일 16시,화요일,전라남도 순천시 서면,경상사고,0,0,2,0,차대차 - 측면충돌,직진우회전진행방해,젖음/습기,비,교차로 - 교차로안,승용,여,53세,경상,승용,여,66세,경상
2023070400100405,2023년 7월 4일 17시,화요일,전라남도 진도군 진도읍,경상사고,0,0,1,0,차대차 - 기타,안전운전불이행,건조,맑음,단일로 - 기타,화물,남,54세,상해없음,이륜,남,39세,경상
2023070400100537,2023년 7월 4일 20시,화요일,전라남도 영암군 삼호읍,경상사고,0,0,2,0,차대사람 - 길가장자리구역통행중,안전운전불이행,건조,맑음,교차로 - 교차로부근,승용,남,42세,상해없음,보행자,남,71세,경상
2023070400100538,2023년 7월 4일 20시,화요일,전라남도 광양시 금호동,경상사고,0,0,1,0,차대차 - 측면충돌,안전거리미확보,젖음/습기,흐림,교차로 - 교차로부근,화물,남,21세,상해없음,승용,남,27세,경상
2023070400100571,2023년 7월 4일 21시,화요일,전라남도 목포시 옥암동,경상사고,0,0,1,0,차대차 - 추돌,안전운전불이행,건조,기타,기타 - 기타,승용,여,75세,상해없음,승용,여,57세,경상
2023070400100572,2023년 7월 4일 21시,화요일,전라남도 순천시 서면,경상사고,0,0,2,0,차대차 - 측면충돌,교차로운행방법위반,젖음/습기,비,교차로 - 교차로안,승용,남,52세,상해없음,승용,남,29세,경상
2023070400100573,2023년 7월 4일 21시,화요일,전라남도 순천시 조곡동,경상사고,0,0,1,0,차대차 - 측면충돌,안전운전불이행,젖음/습기,비,교차로 - 교차로안,승용,남,31세,상해없음,승용,남,36세,경상
2023070400100574,2023년 7월 4일 21시,화요일,전라남도 나주시 금천면,경상사고,0,0,2,0,차대차 - 측면충돌,교차로운행방법위반,젖음/습기,비,교차로 - 교차로부근,승용,남,48세,경상,승용,여,28세,경상
2023070400100596,2023년 7월 4일 22시,화요일,전라남도 목포시 대성동,경상사고,0,0,4,0,차대차 - 기타,안전운전불이행,건조,맑음,교차로 - 교차로부근,화물,남,72세,상해없음,승용,여,55세,경상
2023070400100622,2023년 7월 4일 23시,화요일,전라남도 장흥군 장흥읍,경상사고,0,0,2,0,차대차 - 측면충돌,안전운전불이행,젖음/습기,흐림,교차로 - 교차로안,화물,남,32세,상해없음,승용,남,63세,경상
2023070400100623,2023년 7월 4일 23시,화요일,전라남도 장성군 남면,중상사고,0,2,0,0,차대차 - 기타,안전운전불이행,젖음/습기,비,단일로 - 기타,화물,남,45세,중상,승용,남,42세,중상
2023070500100002,2023년 7월 5일 00시,수요일,전라남도 광양시 중군동,사망사고,1,0,0,0,차대차 - 기타,안전운전불이행,젖음/습기,비,단일로 - 기타,승용,남,24세,상해없음,승용,남,47세,상해없음
2023070500100020,2023년 7월 5일 02시,수요일,전라남도 나주시 남평읍,경상사고,0,0,1,0,차대차 - 측면충돌,중앙선침범,젖음/습기,비,단일로 - 교량,승용,남,70세,기타불명,승용,남,26세,경상
2023070500100087,2023년 7월 5일 08시,수요일,전라남도 목포시 옥암동,경상사고,0,0,1,0,차대차 - 추돌,안전운전불이행,건조,맑음,단일로 - 기타,화물,남,64세,상해없음,화물,남,56세,경상
2023070500100088,2023년 7월 5일 08시,수요일,전라남도 화순군 청풍면,경상사고,0,0,2,0,차대차 - 추돌,안전운전불이행,젖음/습기,흐림,단일로 - 기타,승용,여,31세,경상,승용,남,48세,경상
2023070500100089,2023년 7월 5일 08시,수요일,전라남도 화순군 청풍면,경상사고,0,0,1,0,차대차 - 추돌,안전거리미확보,젖음/습기,흐림,단일로 - 기타,승용,남,23세,상해없음,승용,여,40세,경상
2023070500100127,2023년 7월 5일 09시,수요일,전라남도 담양군 담양읍,부상신고사고,0,0,0,1,차대차 - 측면충돌,불법유턴,건조,맑음,단일로 - 기타,자전거,남,82세,부상신고,승합,여,49세,상해없음
2023070500100159,2023년 7월 5일 10시,수요일,전라남도 여수시 만흥동,경상사고,0,0,1,0,차량단독 - 공작물충돌,안전운전불이행,건조,맑음,단일로 - 기타,화물,남,77세,경상,,,,
2023070500100160,2023년 7월 5일 10시,수요일,전라남도 함평군 함평읍,경상사고,0,0,1,0,차대사람 - 횡단중,안전운전불이행,건조,맑음,교차로 - 교차로안,승용,여,37세,상해없음,보행자,여,68세,경상
2023070500100199,2023년 7월 5일 11시,수요일,전라남도 목포시 산정동,경상사고,0,0,1,0,차대차 - 기타,안전운전불이행,건조,맑음,교차로 - 교차로안,이륜,남,28세,경상,승용,남,77세,상해없음
2023070500100200,2023년 7월 5일 11시,수요일,전라남도 여수시 만흥동,경상사고,0,0,1,0,차대차 - 추돌,안전운전불이행,건조,맑음,단일로 - 기타,화물,남,54세,상해없음,화물,남,50세,경상
2023070500100201,2023년 7월 5일 11시,수요일,전라남도 여수시 관문동,경상사고,0,0,1,0,차대차 - 측면충돌,차로위반,건조,맑음,교차로 - 교차로부근,승용,남,77세,상해없음,승용,남,50세,경상
2023070500100202,2023년 7월 5일 11시,수요일,전라남도 함평군 함평읍,중상사고,0,3,0,0,차대차 - 정면충돌,신호위반,건조,맑음,교차로 - 교차로안,승용,여,57세,중상,승용,남,47세,중상
2023070500100203,2023년 7월 5일 11시,수요일,전라남도 영암군 삼호읍,경상사고,0,0,4,0,차대차 - 측면충돌,안전거리미확보,건조,맑음,단일로 - 기타,승용,여,42세,상해없음,승용,남,74세,경상
2023070500100230,2023년 7월 5일 12시,수요일,전라남도 여수시 수정동,경상사고,0,0,1,0,차대차 - 측면충돌,안전운전불이행,건조,맑음,교차로 - 교차로안,승용,남,53세,상해없음,승용,여,48세,경상
2023070500100262,2023년 7월 5일 13시,수요일,전라남도 고흥군 과역면,중상사고,0,5,0,0,차량단독 - 도로외이탈 - 추락,안전운전불이행,건조,맑음,단일로 - 기타,승합,남,60세,상해없음,,,,
2023070500100263,2023년 7월 5일 13시,수요일,전라남도 영암군 미암면,경상사고,0,0,1,0,차대차 - 측면충돌,신호위반,건조,맑음,교차로 - 교차로안,건설기계,남,47세,상해없음,승용,남,62세,경상
2023070500100323,2023년 7월 5일 15시,수요일,전라남도 나주시 경현동,경상사고,0,0,2,0,차대차 - 추돌,안전거리미확보,건조,맑음,단일로 - 기타,승용,여,26세,기타불명,승용,남,38세,경상
2023070500100359,2023년 7월 5일 16시,수요일,전라남도 목포시 대양동,경상사고,0,0,3,0,차대차 - 기타,직진우회전진행방해,건조,맑음,교차로 - 교차로안,승용,남,64세,경상,건설기계,남,40세,경상
2023070500100360,2023년 7월 5일 16시,수요일,전라남도 여수시 국동,경상사고,0,0,1,0,차대차 - 추돌,안전운전불이행,건조,맑음,교차로 - 교차로안,승용,여,29세,기타불명,이륜,남,25세,경상
2023070500100412,2023년 7월 5일 17시,수요일,전라남도 진도군 진도읍,중상사고,0,1,0,0,차대차 - 측면충돌,안전거리미확보,건조,맑음,단일로 - 기타,승용,여,62세,상해없음,원동기,남,43세,중상
2023070500100479,2023년 7월 5일 19시,수요일,전라남도 신안군 임자면,중상사고,0,1,0,0,차대차 - 측면충돌,교차로운행방법위반,건조,맑음,교차로 - 교차로안,승용,여,33세,상해없음,이륜,남,58세,중상
2023070500100502,2023년 7월 5일 20시,수요일,전라남도 여수시 중앙동,부상신고사고,0,0,0,1,차량단독 - 전도전복 - 전도,안전운전불이행,건조,맑음,단일로 - 기타,이륜,남,42세,부상신고,,,,
2023070500100531,2023년 7월 5일 21시,수요일,전라남도 신안군 안좌면,중상사고,0,1,0,0,차대사람 - 기타,안전운전불이행,건조,맑음,단일로 - 기타,승용,남,57세,상해없음,보행자,남,62세,중상
2023070500100552,2023년 7월 5일 22시,수요일,전라남도 순천시 조례동,경상사고,0,0,1,0,차대차 - 측면충돌,안전운전불이행,건조,맑음,단일로 - 기타,승용,여,27세,상해없음,이륜,여,21세,경상
2023070500100569,2023년 7월 5일 23시,수요일,전라남도 나주시 중앙동,중상사고,0,1,0,0,차대차 - 기타,교차로운행방법위반,건조,맑음,교차로 - 교차로안,승용,여,62세,상해없음,개인형이동수단(PM),여,60세,중상
2023070600100018,2023년 7월 6일 01시,목요일,전라남도 광양시 광양읍,중상사고,0,1,0,0,차대차 - 정면충돌,신호위반,건조,맑음,교차로 - 교차로안,승용,여,22세,상해없음,이륜,남,40세,중상
2023070600100024,2023년 7월 6일 02시,목요일,전라남도 담양군 담양읍,경상사고,0,0,1,0,차량단독 - 공작물충돌,안전운전불이행,건조,맑음,교차로 - 교차로부근,승용,남,23세,경상,,,,
2023070600100031,2023년 7월 6일 04시,목요일,전라남도 여수시 서교동,경상사고,0,0,1,0,차대차 - 측면충돌,신호위반,건조,맑음,교차로 - 교차로안,승용,남,59세,기타불명,승합,남,60세,경상
2023070600100046,2023년 7월 6일 06시,목요일,전라남도 여수시 국동,경상사고,0,0,3,0,차대차 - 측면충돌,교차로운행방법위반,건조,맑음,교차로 - 교차로안,승용,여,47세,경상,승용,남,61세,경상
2023070600100120,2023년 7월 6일 08시,목요일,전라남도 여수시 학동,경상사고,0,0,1,0,차대차 - 기타,교차로운행방법위반,건조,맑음,교차로 - 교차로안,승용,남,58세,상해없음,화물,남,63세,경상
2023070600100121,2023년 7월 6일 08시,목요일,전라남도 여수시 학동,경상사고,0,0,1,0,차대차 - 기타,교차로운행방법위반,건조,맑음,교차로 - 교차로안,승용,남,35세,상해없음,승합,남,61세,상해없음
2023070600100122,2023년 7월 6일 08시,목요일,전라남도 여수시 학동,경상사고,0,0,1,0,차대차 - 측면충돌,안전운전불이행,건조,맑음,교차로 - 교차로부근,승용,남,47세,상해없음,승용,남,45세,경상
2023070600100123,2023년 7월 6일 08시,목요일,전라남도 순천시 조례동,중상사고,0,1,0,0,차대사람 - 기타,안전운전불이행,건조,맑음,기타 - 기타,승용,여,31세,상해없음,보행자,남,81세,중상
2023070600100124,2023년 7월 6일 08시,목요일,전라남도 영암군 삼호읍,경상사고,0,0,1,0,차대차 - 측면충돌,안전거리미확보,건조,맑음,단일로 - 기타,승용,남,45세,상해없음,승용,여,34세,경상
2023070600100162,2023년 7월 6일 09시,목요일,전라남도 여수시 둔덕동,경상사고,0,0,1,0,차대차 - 기타,중앙선침범,건조,맑음,교차로 - 교차로부근,승용,여,67세,기타불명,승용,남,65세,경상
2023070600100163,2023년 7월 6일 09시,목요일,전라남도 순천시 남내동,중상사고,0,1,0,0,차대사람 - 기타,안전운전불이행,건조,맑음,단일로 - 기타,승용,남,71세,상해없음,보행자,여,70세,중상
2023070600100235,2023년 7월 6일 11시,목요일,전라남도 담양군 담양읍,경상사고,0,0,1,0,차대차 - 기타,안전거리미확보,건조,맑음,교차로 - 교차로안,승용,여,31세,상해없음,승용,여,28세,경상
2023070600100236,2023년 7월 6일 11시,목요일,전라남도 담양군 담양읍,경상사고,0,0,1,0,차대차 - 기타,기타,건조,맑음,단일로 - 기타,화물,남,25세,상해없음,이륜,여,64세,경상
2023070600100262,2023년 7월 6일 12시,목요일,전라남도 영암군 삼호읍,경상사고,0,0,1,0,차대차 - 측면충돌,교차로운행방법위반,건조,맑음,교차로 - 교차로안,승용,남,68세,기타불명,승용,여,41세,경상
2023070600100286,2023년 7월 6일 13시,목요일,전라남도 목포시 용해동,경상사고,0,0,2,0,차대차 - 추돌,안전운전불이행,건조,맑음,교차로 - 교차로부근,화물,여,42세,상해없음,승용,남,48세,경상
2023070600100287,2023년 7월 6일 13시,목요일,전라남도 장성군 장성읍,경상사고,0,0,1,0,차대차 - 측면충돌,안전운전불이행,건조,맑음,단일로 - 기타,화물,남,36세,상해없음,승용,여,39세,경상
2023070600100344,2023년 7월 6일 15시,목요일,전라남도 함평군 월야면,부상신고사고,0,0,0,1,차대차 - 측면충돌,직진우회전진행방해,건조,맑음,교차로 - 교차로안,이륜,남,83세,부상신고,화물,여,59세,상해없음
2023070600100346,2023년 7월 6일 15시,목요일,전라남도 담양군 수북면,중상사고,0,3,1,0,차대차 - 측면충돌,신호위반,건조,맑음,교차로 - 교차로안,승용,여,48세,경상,승용,여,59세,중상
2023070600100385,2023년 7월 6일 16시,목요일,전라남도 순천시 승주읍,경상사고,0,0,1,0,차대차 - 기타,안전운전불이행,건조,맑음,교차로 - 교차로안,승용,남,58세,상해없음,승용,여,56세,경상
2023070600100386,2023년 7월 6일 16시,목요일,전라남도 나주시 이창동,경상사고,0,0,2,0,차대차 - 측면충돌,직진우회전진행방해,건조,맑음,교차로 - 교차로안,승용,남,76세,경상,화물,남,56세,경상
2023070600100387,2023년 7월 6일 16시,목요일,전라남도 광양시 중동,경상사고,0,0,2,0,차대차 - 측면충돌,교차로운행방법위반,건조,맑음,교차로 - 교차로안,승용,남,71세,경상,승용,남,41세,경상
2023070600100388,2023년 7월 6일 16시,목요일,전라남도 구례군 토지면,중상사고,0,1,0,0,차대사람 - 기타,안전운전불이행,건조,맑음,단일로 - 기타,승용,남,44세,상해없음,보행자,여,89세,중상
2023070600100423,2023년 7월 6일 17시,목요일,전라남도 목포시 용해동,경상사고,0,0,2,0,차대차 - 측면충돌,보행자보호의무위반,건조,맑음,교차로 - 교차로안,승합,남,65세,상해없음,자전거,남,7세,경상
2023070600100424,2023년 7월 6일 17시,목요일,전라남도 광양시 중동,경상사고,0,0,1,0,차대차 - 추돌,안전운전불이행,건조,맑음,기타 - 기타,승용,여,47세,상해없음,승용,여,39세,경상
2023070600100467,2023년 7월 6일 18시,목요일,전라남도 목포시 옥암동,경상사고,0,0,1,0,차대차 - 측면충돌,안전운전불이행,건조,맑음,단일로 - 기타,승용,남,41세,상해없음,이륜,남,41세,경상
2023070600100468,2023년 7월 6일 18시,목요일,전라남도 순천시 덕암동,경상사고,0,0,1,0,차대차 - 후진중충돌,안전운전불이행,건조,맑음,교차로 - 교차로부근,승용,남,67세,상해없음,승용,여,25세,경상
2023070600100493,2023년 7월 6일 19시,목요일,전라남도 목포시 용해동,경상사고,0,0,2,0,차대차 - 기타,안전운전불이행,건조,맑음,기타 - 기타,승합,남,46세,경상,화물,남,38세,경상