사고번호,사고일시,요일,시군구,사고내용,사망자수,중상자수,경상자수,부상신고자수,사고유형,법규위반,노면상태,기상상태,도로형태,가해운전자 차종,가해운전자 성별,가해운전자 연령,가해운전자 상해정도,피해운전자 차종,피해운전자 성별,피해운전자 연령,피해운전자 상해정도
2023071900100141,2023년 7월 19일 09시,수요일,전라남도 담양군 담양읍,중상사고,0,1,0,0,차대사람 - 기타,안전운전불이행,건조,맑음,단일로 - 기타,승용,여,67세,상해없음,보행자,남,73세,중상
2023071900100224,2023년 7월 19일 11시,수요일,전라남도 여수시 봉산동,경상사고,0,0,1,0,차대사람 - 기타,안전운전불이행,건조,맑음,단일로 - 기타,승용,남,29세,상해없음,보행자,남,85세,경상
2023071900100225,2023년 7월 19일 11시,수요일,전라남도 순천시 연향동,경상사고,0,0,1,0,차대사람 - 횡단중,안전운전불이행,건조,맑음,단일로 - 기타,승용,남,56세,상해없음,보행자,남,85세,경상
2023071900100226,2023년 7월 19일 11시,수요일,전라남도 화순군 화순읍,경상사고,0,0,2,0,차대차 - 추돌,안전운전불이행,건조,맑음,주차장 - 주차장,화물,남,61세,상해없음,승용,여,48세,경상
2023071900100227,2023년 7월 19일 11시,수요일,전라남도 무안군 삼향읍,경상사고,0,0,3,0,차대차 - 측면충돌,신호위반,건조,맑음,교차로 - 교차로안,이륜,남,36세,상해없음,승용,남,28세,경상
2023071900100259,2023년 7월 19일 12시,수요일,전라남도 함평군 손불면,중상사고,0,1,0,0,차대차 - 기타,중앙선침범,건조,맑음,단일로 - 기타,승용,여,57세,상해없음,승용,여,43세,중상
2023071900100299,2023년 7월 19일 13시,수요일,전라남도 목포시 옥암동,중상사고,0,1,0,0,차대차 - 기타,안전운전불이행,건조,맑음,기타 - 기타,승용,남,65세,상해없음,이륜,남,42세,중상
2023071900100300,2023년 7월 19일 13시,수요일,전라남도 영암군 삼호읍,중상사고,0,2,2,0,차대차 - 측면충돌,신호위반,건조,맑음,교차로 - 교차로안,승합,남,66세,경상,건설기계,남,64세,중상
2023071900100326,2023년 7월 19일 14시,수요일,전라남도 목포시 옥암동,경상사고,0,0,1,0,차대차 - 추돌,안전운전불이행,건조,맑음,단일로 - 기타,화물,여,79세,상해없음,승용,여,53세,경상
2023071900100327,2023년 7월 19일 14시,수요일,전라남도 여수시 국동,중상사고,0,1,0,0,차대차 - 측면충돌,교차로운행방법위반,건조,맑음,교차로 - 교차로안,승용,남,62세,상해없음,이륜,남,65세,중상
2023071900100403,2023년 7월 19일 16시,수요일,전라남도 목포시 용당동,경상사고,0,0,1,0,차대차 - 측면충돌,교차로운행방법위반,건조,맑음,교차로 - 교차로부근,승용,여,63세,상해없음,승용,남,61세,경상
2023071900100404,2023년 7월 19일 16시,수요일,전라남도 강진군 강진읍,경상사고,0,0,1,0,차대차 - 측면충돌,직진우회전진행방해,건조,맑음,교차로 - 교차로안,승용,여,63세,경상,화물,남,48세,상해없음
2023071900100448,2023년 7월 19일 17시,수요일,전라남도 목포시 산정동,경상사고,0,0,2,0,차대차 - 측면충돌,안전거리미확보,건조,맑음,단일로 - 기타,승용,여,74세,경상,승용,여,50세,경상
2023071900100449,2023년 7월 19일 17시,수요일,전라남도 해남군 해남읍,중상사고,0,1,0,0,차대차 - 측면충돌,안전거리미확보,건조,맑음,교차로 - 교차로부근,승용,남,63세,상해없음,이륜,남,36세,중상
2023071900100500,2023년 7월 19일 18시,수요일,전라남도 강진군 칠량면,경상사고,0,0,1,1,차대차 - 측면충돌,직진우회전진행방해,건조,맑음,교차로 - 교차로안,화물,남,75세,부상신고,승용,여,39세,경상
2023071900100531,2023년 7월 19일 19시,수요일,전라남도 장성군 장성읍,중상사고,0,1,0,0,차량단독 - 전도전복 - 전도,안전운전불이행,건조,맑음,단일로 - 기타,화물,남,70세,중상,,,,
2023071900100556,2023년 7월 19일 20시,수요일,전라남도 나주시 빛가람동,경상사고,0,0,2,0,차대차 - 측면충돌,중앙선침범,건조,맑음,교차로 - 교차로부근,승용,남,57세,상해없음,승용,여,59세,경상
2023071900100598,2023년 7월 19일 22시,수요일,전라남도 목포시 석현동,경상사고,0,0,2,0,차대차 - 측면충돌,신호위반,건조,기타,교차로 - 교차로안,승용,남,34세,상해없음,승용,여,42세,경상
2023071900100599,2023년 7월 19일 22시,수요일,전라남도 순천시 조례동,중상사고,0,1,0,0,차대차 - 측면충돌,안전운전불이행,건조,맑음,교차로 - 교차로횡단보도내,승용,남,57세,상해없음,개인형이동수단(PM),여,16세,중상
2023071900100600,2023년 7월 19일 22시,수요일,전라남도 순천시 연향동,경상사고,0,0,1,0,차대차 - 측면충돌,교차로운행방법위반,건조,맑음,교차로 - 교차로안,승용,남,48세,상해없음,승용,남,30세,경상
2023072000100009,2023년 7월 20일 00시,목요일,전라남도 영암군 도포면,사망사고,1,0,1,0,차대차 - 정면충돌,중앙선침범,건조,맑음,단일로 - 기타,승용,여,63세,사망,화물,남,48세,경상
2023072000100035,2023년 7월 20일 04시,목요일,전라남도 광양시 마동,중상사고,0,1,0,0,차대차 - 측면충돌,안전운전불이행,건조,맑음,단일로 - 기타,승용,남,67세,상해없음,개인형이동수단(PM),남,32세,중상
2023072000100044,2023년 7월 20일 05시,목요일,전라남도 장성군 북이면,중상사고,0,1,1,0,차대차 - 추돌,안전운전불이행,건조,흐림,단일로 - 터널,승용,남,37세,중상,화물,남,37세,경상
2023072000100098,2023년 7월 20일 08시,목요일,전라남도 장성군 장성읍,경상사고,0,0,1,0,차대차 - 측면충돌,안전운전불이행,건조,맑음,교차로 - 교차로안,화물,남,81세,상해없음,화물,여,44세,경상
2023072000100204,2023년 7월 20일 11시,목요일,전라남도 여수시 신기동,경상사고,0,0,1,0,차대차 - 기타,안전운전불이행,건조,맑음,교차로 - 교차로부근,승용,남,73세,상해없음,승용,남,46세,경상
2023072000100205,2023년 7월 20일 11시,목요일,전라남도 순천시 덕암동,경상사고,0,0,1,1,차대차 - 추돌,안전운전불이행,건조,맑음,단일로 - 기타,승용,여,61세,상해없음,승용,남,59세,상해없음
2023072000100206,2023년 7월 20일 11시,목요일,전라남도 화순군 화순읍,경상사고,0,0,1,0,차대차 - 측면충돌,신호위반,건조,맑음,교차로 - 교차로안,승용,남,68세,기타불명,승용,남,50세,경상
2023072000100243,2023년 7월 20일 12시,목요일,전라남도 나주시 평산동,경상사고,0,0,3,0,차대차 - 추돌,안전거리미확보,건조,맑음,단일로 - 기타,승용,여,57세,경상,승용,여,64세,경상
2023072000100244,2023년 7월 20일 12시,목요일,전라남도 장흥군 장흥읍,경상사고,0,0,1,0,차대차 - 추돌,안전운전불이행,건조,맑음,단일로 - 기타,승용,남,52세,상해없음,화물,남,57세,경상
2023072000100245,2023년 7월 20일 12시,목요일,전라남도 함평군 해보면,경상사고,0,0,1,0,차대사람 - 기타,안전운전불이행,건조,맑음,단일로 - 기타,화물,남,60세,상해없음,보행자,남,55세,경상
2023072000100275,2023년 7월 20일 13시,목요일,전라남도 순천시 조례동,경상사고,0,0,2,0,차대차 - 측면충돌,중앙선침범,건조,맑음,단일로 - 기타,승용,남,44세,상해없음,승용,남,40세,경상
2023072000100312,2023년 7월 20일 14시,목요일,전라남도 여수시 웅천동,중상사고,0,1,0,0,차대차 - 추돌,안전운전불이행,건조,맑음,교차로 - 교차로안,승용,여,30세,상해없음,이륜,남,26세,중상
2023072000100396,2023년 7월 20일 16시,목요일,전라남도 목포시 상동,경상사고,0,0,1,0,차대차 - 기타,안전거리미확보,건조,맑음,단일로 - 기타,승용,남,74세,상해없음,승용,남,39세,경상
2023072000100397,2023년 7월 20일 16시,목요일,전라남도 순천시 연향동,경상사고,0,0,1,0,차대사람 - 횡단중,안전운전불이행,건조,맑음,교차로 - 교차로횡단보도내,승용,여,46세,상해없음,보행자,여,84세,경상
2023072000100437,2023년 7월 20일 17시,목요일,전라남도 강진군 마량면,중상사고,0,1,0,0,차대사람 - 기타,안전운전불이행,건조,맑음,교차로 - 교차로안,화물,남,55세,상해없음,보행자,남,52세,중상
2023072000100473,2023년 7월 20일 18시,목요일,전라남도 장흥군 장흥읍,경상사고,0,0,1,0,차대차 - 기타,중앙선침범,건조,맑음,단일로 - 기타,승용,여,33세,상해없음,승용,남,70세,경상
2023072000100506,2023년 7월 20일 19시,목요일,전라남도 영암군 삼호읍,경상사고,0,0,1,0,차대차 - 측면충돌,안전운전불이행,건조,맑음,교차로 - 교차로안,자전거,여,33세,경상,승합,여,35세,상해없음
2023072000100532,2023년 7월 20일 20시,목요일,전라남도 고흥군 금산면,사망사고,1,0,0,0,차량단독 - 전도전복 - 전도,안전운전불이행,건조,맑음,단일로 - 기타,사륜오토바이(ATV),남,66세,사망,,,,
2023072000100559,2023년 7월 20일 21시,목요일,전라남도 목포시 금화동,사망사고,1,0,0,0,차대사람 - 차도통행중,기타,건조,맑음,단일로 - 기타,승용,여,19세,상해없음,보행자,남,66세,사망
2023072000100574,2023년 7월 20일 22시,목요일,전라남도 영암군 삼호읍,경상사고,0,0,4,0,차대차 - 측면충돌,교차로운행방법위반,건조,맑음,교차로 - 교차로안,승용,여,48세,경상,승용,남,58세,경상
2023072100100037,2023년 7월 21일 05시,금요일,전라남도 장성군 삼계면,경상사고,0,0,1,0,차대차 - 추돌,안전운전불이행,건조,맑음,교차로 - 교차로부근,승용,남,49세,상해없음,승용,남,47세,경상
2023072100100055,2023년 7월 21일 06시,금요일,전라남도 순천시 조례동,경상사고,0,0,2,0,차대차 - 측면충돌,안전운전불이행,건조,맑음,교차로 - 교차로안,승용,남,54세,상해없음,승용,남,80세,경상
2023072100100104,2023년 7월 21일 08시,금요일,전라남도 나주시 금천면,경상사고,0,0,3,0,차대차 - 추돌,안전운전불이행,건조,맑음,단일로 - 기타,화물,남,65세,상해없음,승용,여,56세,경상
2023072100100105,2023년 7월 21일 08시,금요일,전라남도 나주시 금천면,경상사고,0,0,3,0,차대차 - 추돌,안전거리미확보,건조,맑음,단일로 - 기타,승용,남,34세,상해없음,승용,남,26세,경상
2023072100100133,2023년 7월 21일 09시,금요일,전라남도 여수시 국동,중상사고,0,1,0,0,차대사람 - 보도통행중,기타,건조,맑음,단일로 - 기타,화물,남,46세,상해없음,보행자,여,57세,중상
2023072100100134,2023년 7월 21일 09시,금요일,전라남도 여수시 덕충동,경상사고,0,0,1,0,차대차 - 측면충돌,교차로운행방법위반,건조,맑음,교차로 - 교차로안,승용,여,50세,상해없음,승용,여,58세,경상
2023072100100135,2023년 7월 21일 09시,금요일,전라남도 영광군 법성면,경상사고,0,0,1,0,차대차 - 기타,중앙선침범,건조,맑음,단일로 - 기타,화물,남,82세,상해없음,승용,남,69세,경상
2023072100100136,2023년 7월 21일 09시,금요일,전라남도 영암군 서호면,경상사고,0,0,1,0,차대차 - 측면충돌,안전운전불이행,건조,맑음,단일로 - 기타,승용,여,47세,상해없음,화물,여,48세,경상
2023072100100164,2023년 7월 21일 10시,금요일,전라남도 진도군 진도읍,중상사고,0,1,0,0,차대차 - 기타,중앙선침범,건조,맑음,교차로 - 교차로부근,화물,남,65세,상해없음,이륜,남,80세,중상
2023072100100195,2023년 7월 21일 11시,금요일,전라남도 목포시 연산동,중상사고,0,1,0,0,차대차 - 정면충돌,신호위반,건조,맑음,단일로 - 기타,승용,남,52세,상해없음,자전거,남,76세,중상
2023072100100196,2023년 7월 21일 11시,금요일,전라남도 고흥군 풍양면,중상사고,0,2,0,0,차대차 - 측면충돌,안전운전불이행,건조,맑음,단일로 - 기타,건설기계,남,64세,중상,화물,남,54세,중상
2023072100100197,2023년 7월 21일 11시,금요일,전라남도 광양시 태인동,경상사고,0,0,2,2,차대차 - 측면충돌,신호위반,건조,맑음,교차로 - 교차로안,화물,남,51세,부상신고,승용,남,68세,경상
2023072100100282,2023년 7월 21일 13시,금요일,전라남도 여수시 선원동,경상사고,0,0,1,0,차대차 - 추돌,안전운전불이행,건조,기타,교차로 - 교차로부근,승용,남,50세,기타불명,승용,여,59세,경상
2023072100100283,2023년 7월 21일 13시,금요일,전라남도 완도군 신지면,경상사고,0,0,2,0,차대차 - 기타,안전운전불이행,건조,맑음,단일로 - 기타,농기계,남,72세,경상,승용,여,62세,경상
2023072100100284,2023년 7월 21일 13시,금요일,전라남도 광양시 성황동,중상사고,0,1,1,0,차대차 - 측면충돌,교차로운행방법위반,건조,맑음,교차로 - 교차로안,승용,남,64세,기타불명,건설기계,남,53세,경상
2023072100100285,2023년 7월 21일 13시,금요일,전라남도 광양시 광양읍,경상사고,0,0,1,0,차대차 - 측면충돌,신호위반,건조,맑음,교차로 - 교차로안,화물,남,66세,상해없음,승용,남,39세,경상
2023072100100321,2023년 7월 21일 14시,금요일,전라남도 목포시 용당동,경상사고,0,0,1,0,차대차 - 측면충돌,차로위반,건조,맑음,교차로 - 교차로횡단보도내,승용,남,61세,상해없음,승용,여,25세,경상
2023072100100322,2023년 7월 21일 14시,금요일,전라남도 순천시 연향동,경상사고,0,0,1,0,차대차 - 측면충돌,안전운전불이행,건조,맑음,단일로 - 기타,승용,남,28세,상해없음,승용,남,64세,경상
2023072100100368,2023년 7월 21일 15시,금요일,전라남도 순천시 승주읍,중상사고,0,1,0,0,차대차 - 측면충돌,안전운전불이행,건조,맑음,교차로 - 교차로안,화물,남,54세,상해없음,이륜,남,20세,중상
2023072100100414,2023년 7월 21일 16시,금요일,전라남도 순천시 해룡면,중상사고,0,1,0,0,차대차 - 측면충돌,안전운전불이행,건조,맑음,교차로 - 교차로안,화물,남,49세,상해없음,승용,남,76세,중상
2023072100100415,2023년 7월 21일 16시,금요일,전라남도 진도군 진도읍,경상사고,0,0,1,0,차대차 - 후진중충돌,안전운전불이행,건조,맑음,교차로 - 교차로안,화물,남,35세,경상,화물,남,68세,상해없음
2023072100100416,2023년 7월 21일 16시,금요일,전라남도 광양시 광영동,중상사고,0,1,1,0,차대차 - 측면충돌,안전거리미확보,건조,맑음,교차로 - 교차로안,이륜,남,70세,중상,승용,여,49세,경상
2023072100100466,2023년 7월 21일 17시,금요일,전라남도 여수시 미평동,중상사고,0,1,0,0,차대사람 - 기타,안전운전불이행,건조,맑음,단일로 - 기타,승용,남,54세,기타불명,보행자,남,12세,중상
2023072100100467,2023년 7월 21일 17시,금요일,전라남도 보성군 벌교읍,경상사고,0,0,1,0,차대차 - 측면충돌,안전운전불이행,건조,맑음,교차로 - 교차로안,이륜,남,77세,경상,승용,남,65세,상해없음
2023072100100531,2023년 7월 21일 18시,금요일,전라남도 목포시 용해동,경상사고,0,0,1,0,차대차 - 측면충돌,불법유턴,건조,맑음,단일로 - 기타,승용,남,18세,상해없음,승용,남,31세,경상
2023072100100532,2023년 7월 21일 18시,금요일,전라남도 순천시 연향동,경상사고,0,0,1,0,차량단독 - 기타,안전운전불이행,건조,맑음,교차로 - 교차로안,승용,남,63세,상해없음,,,,
2023072100100570,2023년 7월 21일 19시,금요일,전라남도 화순군 화순읍,경상사고,0,0,1,0,차대사람 - 기타,안전운전불이행,건조,맑음,교차로 - 교차로안,승용,남,56세,상해없음,보행자,남,73세,경상
2023072100100603,2023년 7월 21일 20시,금요일,전라남도 목포시 상동,경상사고,0,0,1,0,차대사람 - 차도통행중,안전운전불이행,건조,흐림,단일로 - 기타,승용,남,30세,상해없음,보행자,남,2세,경상
2023072100100662,2023년 7월 21일 22시,금요일,전라남도 여수시 오림동,부상신고사고,0,0,0,1,차대사람 - 기타,안전운전불이행,건조,맑음,교차로 - 교차로부근,승용,남,69세,상해없음,보행자,남,56세,부상신고
2023072100100686,2023년 7월 21일 23시,금요일,전라남도 광양시 중동,중상사고,0,1,0,0,차대사람 - 차도통행중,안전운전불이행,건조,맑음,단일로 - 기타,승용,남,33세,상해없음,보행자,남,58세,중상
2023072200100006,2023년 7월 22일 00시,토요일,전라남도 고흥군 동강면,중상사고,0,1,0,0,차대차 - 추돌,안전운전불이행,건조,맑음,단일로 - 기타,승용,남,47세,상해없음,승용,남,53세,중상
2023072200100041,2023년 7월 22일 03시,토요일,전라남도 진도군 군내면,중상사고,0,1,0,0,차대사람 - 기타,안전운전불이행,젖음/습기,비,단일로 - 기타,화물,남,65세,상해없음,보행자,남,48세,중상
2023072200100082,2023년 7월 22일 07시,토요일,전라남도 목포시 옥암동,중상사고,0,1,1,0,차대차 - 측면충돌,신호위반,젖음/습기,비,교차로 - 교차로안,승용,남,28세,경상,승용,남,49세,중상
2023072200100161,2023년 7월 22일 10시,토요일,전라남도 해남군 옥천면,경상사고,0,0,3,0,차대차 - 기타,안전운전불이행,젖음/습기,비,단일로 - 기타,화물,남,55세,기타불명,승용,남,39세,기타불명
2023072200100162,2023년 7월 22일 10시,토요일,전라남도 영암군 학산면,경상사고,0,0,5,0,차대차 - 측면충돌,안전운전불이행,침수,비,단일로 - 기타,승용,남,64세,기타불명,승용,남,50세,경상
2023072200100199,2023년 7월 22일 11시,토요일,전라남도 나주시 왕곡면,경상사고,0,0,3,0,차대차 - 추돌,안전운전불이행,젖음/습기,비,교차로 - 교차로부근,승용,남,62세,상해없음,승용,여,50세,경상
2023072200100237,2023년 7월 22일 12시,토요일,전라남도 광양시 광양읍,경상사고,0,0,1,0,차대차 - 측면충돌,교차로운행방법위반,건조,맑음,교차로 - 교차로안,승용,남,34세,상해없음,승용,남,66세,경상
2023072200100268,2023년 7월 22일 13시,토요일,전라남도 나주시 대호동,경상사고,0,0,1,0,차대차 - 측면충돌,교차로운행방법위반,젖음/습기,비,교차로 - 교차로안,화물,남,50세,상해없음,승용,여,26세,경상
2023072200100306,2023년 7월 22일 14시,토요일,전라남도 보성군 득량면,중상사고,0,1,1,0,차대차 - 측면충돌,교차로운행방법위반,젖음/습기,흐림,교차로 - 교차로안,승용,남,73세,상해없음,승용,남,74세,경상
2023072200100354,2023년 7월 22일 16시,토요일,전라남도 해남군 북평면,중상사고,0,1,0,0,차대사람 - 기타,안전운전불이행,건조,맑음,단일로 - 기타,승용,남,81세,상해없음,보행자,남,10세,중상
2023072200100393,2023년 7월 22일 17시,토요일,전라남도 여수시 신월동,경상사고,0,0,1,0,차대차 - 기타,신호위반,건조,맑음,교차로 - 교차로안,이륜,남,29세,상해없음,승용,남,31세,경상
2023072200100463,2023년 7월 22일 20시,토요일,전라남도 여수시 학동,중상사고,0,1,0,0,차대차 - 측면충돌,신호위반,건조,흐림,단일로 - 기타,승용,남,69세,상해없음,개인형이동수단(PM),남,18세,중상
2023072300100008,2023년 7월 23일 00시,일요일,전라남도 함평군 학교면,중상사고,0,2,0,0,차량단독 - 공작물충돌,안전운전불이행,젖음/습기,흐림,단일로 - 기타,승용,남,19세,기타불명,,,,
2023072300100022,2023년 7월 23일 02시,일요일,전라남도 구례군 구례읍,경상사고,0,0,1,0,차대사람 - 기타,안전운전불이행,건조,맑음,단일로 - 기타,승용,남,19세,상해없음,보행자,남,18세,경상
2023072300100074,2023년 7월 23일 09시,일요일,전라남도 함평군 함평읍,경상사고,0,0,2,0,차대차 - 추돌,안전운전불이행,젖음/습기,비,단일로 - 기타,화물,남,49세,상해없음,승용,여,62세,경상
2023072300100095,2023년 7월 23일 10시,일요일,전라남도 순천시 덕암동,경상사고,0,0,1,0,차대차 - 측면충돌,교차로운행방법위반,건조,맑음,교차로 - 교차로안,승용,남,56세,상해없음,승용,남,35세,경상
2023072300100096,2023년 7월 23일 10시,일요일,전라남도 순천시 황전면,경상사고,0,0,1,0,차대차 - 기타,안전거리미확보,건조,맑음,단일로 - 기타,승용,남,26세,상해없음,승용,남,26세,경상
2023072300100097,2023년 7월 23일 10시,일요일,전라남도 장성군 북일면,경상사고,0,0,1,0,차대차 - 기타,안전운전불이행,젖음/습기,흐림,단일로 - 기타,승용,남,25세,경상,승용,남,73세,상해없음
2023072300100117,2023년 7월 23일 11시,일요일,전라남도 여수시 여서동,경상사고,0,0,1,0,차대차 - 추돌,안전거리미확보,건조,맑음,교차로 - 교차로안,승용,여,60세,상해없음,승용,남,28세,경상
2023072300100140,2023년 7월 23일 12시,일요일,전라남도 순천시 풍덕동,경상사고,0,0,2,0,차대차 - 측면충돌,안전운전불이행,건조,맑음,단일로 - 기타,승용,여,31세,상해없음,승용,남,26세,경상
2023072300100162,2023년 7월 23일 13시,일요일,전라남도 영암군 학산면,경상사고,0,0,1,0,차량단독 - 공작물충돌,안전운전불이행,젖음/습기,비,단일로 - 기타,승용,여,50세,경상,,,,
2023072300100210,2023년 7월 23일 15시,일요일,전라남도 목포시 옥암동,경상사고,0,0,3,0,차대차 - 기타,안전운전불이행,젖음/습기,맑음,교차로 - 교차로안,승용,남,49세,경상,승용,남,29세,경상
2023072300100262,2023년 7월 23일 17시,일요일,전라남도 해남군 북평면,경상사고,0,0,2,3,차량단독 - 도로외이탈 - 기타,안전운전불이행,젖음/습기,흐림,단일로 - 기타,승용,여,54세,경상,,,,
2023072300100327,2023년 7월 23일 20시,일요일,전라남도 여수시 돌산읍,중상사고,0,1,0,0,차대사람 - 차도통행중,안전운전불이행,젖음/습기,흐림,단일로 - 기타,화물,남,45세,상해없음,보행자,남,38세,중상
2023072300100369,2023년 7월 23일 22시,일요일,전라남도 목포시 옥암동,경상사고,0,0,1,0,차대차 - 추돌,안전운전불이행,젖음/습기,맑음,단일로 - 기타,승용,남,40세,상해없음,승용,남,29세,경상
2023072300100370,2023년 7월 23일 22시,일요일,전라남도 목포시 산정동,경상사고,0,0,1,0,차대차 - 측면충돌,안전운전불이행,건조,맑음,교차로 - 교차로부근,화물,남,72세,상해없음,승용,남,39세,상해없음
2023072300100371,2023년 7월 23일 22시,일요일,전라남도 영암군 삼호읍,경상사고,0,0,1,0,차대사람 - 기타,기타,건조,맑음,교차로 - 교차로부근,기타불명,기타불명,미분류,기타불명,보행자,남,71세,경상
2023072400100034,2023년 7월 24일 05시,월요일,전라남도 목포시 연산동,경상사고,0,0,1,0,차대차 - 측면충돌,안전운전불이행,젖음/습기,비,교차로 - 교차로부근,화물,남,31세,상해없음,승용,남,35세,경상
2023072400100035,2023년 7월 24일 05시,월요일,전라남도 목포시 산정동,경상사고,0,0,2,0,차대차 - 측면충돌,교차로운행방법위반,젖음/습기,비,교차로 - 교차로안,승용,남,49세,경상,승용,남,69세,경상
2023072400100126,2023년 7월 24일 09시,월요일,전라남도 여수시 여서동,경상사고,0,0,1,0,차대차 - 추돌,차로위반,건조,맑음,교차로 - 교차로안,승용,여,43세,상해없음,화물,남,48세,경상
2023072400100159,2023년 7월 24일 10시,월요일,전라남도 목포시 상동,경상사고,0,0,1,0,차대사람 - 기타,안전운전불이행,건조,맑음,단일로 - 기타,승용,여,37세,상해없음,보행자,남,78세,경상
2023072400100160,2023년 7월 24일 10시,월요일,전라남도 함평군 학교면,경상사고,0,0,2,0,차대차 - 추돌,안전운전불이행,건조,맑음,단일로 - 기타,승용,남,33세,상해없음,화물,남,50세,경상
2023072400100194,2023년 7월 24일 11시,월요일,전라남도 순천시 장천동,경상사고,0,0,1,0,차대차 - 기타,안전거리미확보,건조,맑음,단일로 - 기타,승용,여,63세,상해없음,승용,남,38세,경상
2023072400100195,2023년 7월 24일 11시,월요일,전라남도 장흥군 장흥읍,경상사고,0,0,1,0,차대차 - 기타,중앙선침범,젖음/습기,비,교차로 - 교차로부근,승용,남,54세,상해없음,이륜,남,46세,경상
2023072400100196,2023년 7월 24일 11시,월요일,전라남도 장흥군 장흥읍,경상사고,0,0,2,0,차대차 - 기타,중앙선침범,젖음/습기,비,교차로 - 교차로부근,화물,남,62세,상해없음,승용,여,65세,경상
2023072400100234,2023년 7월 24일 12시,월요일,전라남도 나주시 성북동,중상사고,0,1,0,0,차대사람 - 횡단중,보행자보호의무위반,건조,흐림,교차로 - 교차로횡단보도내,승용,남,52세,상해없음,보행자,남,66세,중상
2023072400100235,2023년 7월 24일 12시,월요일,전라남도 영암군 삼호읍,경상사고,0,0,1,0,차대차 - 추돌,안전거리미확보,건조,맑음,교차로 - 교차로부근,승용,여,39세,상해없음,원동기,남,43세,경상
2023072400100236,2023년 7월 24일 12시,월요일,전라남도 영암군 삼호읍,경상사고,0,0,1,0,차대차 - 측면충돌,신호위반,건조,맑음,교차로 - 교차로안,승용,여,28세,상해없음,승용,남,25세,경상
2023072400100275,2023년 7월 24일 13시,월요일,전라남도 담양군 담양읍,경상사고,0,0,1,0,차대사람 - 횡단중,안전운전불이행,건조,맑음,단일로 - 기타,승용,남,72세,상해없음,보행자,남,56세,경상
2023072400100313,2023년 7월 24일 14시,월요일,전라남도 나주시 빛가람동,경상사고,0,0,2,0,차대차 - 후진중충돌,안전운전불이행,건조,맑음,주차장 - 주차장,승용,남,68세,상해없음,승용,남,65세,경상
2023072400100429,2023년 7월 24일 17시,월요일,전라남도 목포시 산정동,부상신고사고,0,0,0,1,차대차 - 측면충돌,안전운전불이행,건조,맑음,기타 - 기타,승용,남,73세,상해없음,승용,남,23세,부상신고
2023072400100430,2023년 7월 24일 17시,월요일,전라남도 여수시 신기동,경상사고,0,0,2,0,차대차 - 기타,안전운전불이행,건조,맑음,교차로 - 교차로안,승용,여,68세,상해없음,승용,남,52세,경상
2023072400100431,2023년 7월 24일 17시,월요일,전라남도 영암군 삼호읍,경상사고,0,0,1,0,차대차 - 측면충돌,교차로운행방법위반,건조,맑음,교차로 - 교차로안,승용,남,54세,기타불명,화물,남,23세,경상
2023072400100472,2023년 7월 24일 18시,월요일,전라남도 순천시 서면,경상사고,0,0,1,0,차대차 - 측면충돌,교차로운행방법위반,젖음/습기,맑음,교차로 - 교차로안,화물,남,67세,상해없음,승용,남,51세,경상
2023072400100528,2023년 7월 24일 20시,월요일,전라남도 고흥군 풍양면,경상사고,0,0,1,0,차대차 - 기타,중앙선침범,건조,맑음,단일로 - 기타,승용,여,67세,상해없음,승용,여,37세,경상
2023072500100090,2023년 7월 25일 08시,화요일,전라남도 여수시 여서동,경상사고,0,0,2,0,차대차 - 측면충돌,교차로운행방법위반,건조,맑음,교차로 - 교차로안,화물,남,74세,상해없음,승용,여,44세,경상
2023072500100091,2023년 7월 25일 08시,화요일,전라남도 장흥군 장평면,중상사고,0,1,0,0,차대사람 - 기타,안전운전불이행,건조,맑음,단일로 - 기타,특수,남,67세,상해없음,보행자,남,81세,중상
2023072500100120,2023년 7월 25일 09시,화요일,전라남도 목포시 용당동,경상사고,0,0,1,0,차대차 - 후진중충돌,안전운전불이행,건조,맑음,단일로 - 기타,승용,남,80세,상해없음,화물,남,50세,경상
2023072500100121,2023년 7월 25일 09시,화요일,전라남도 광양시 옥곡면,경상사고,0,0,1,0,차량단독 - 공작물충돌,안전운전불이행,건조,맑음,단일로 - 기타,승용,남,71세,경상,,,,
2023072500100154,2023년 7월 25일 10시,화요일,전라남도 장흥군 장흥읍,경상사고,0,0,1,0,차대차 - 후진중충돌,안전운전불이행,건조,맑음,단일로 - 기타,승용,남,69세,상해없음,승용,남,25세,경상
2023072500100216,2023년 7월 25일 12시,화요일,전라남도 목포시 상동,경상사고,0,0,1,0,차대차 - 측면충돌,안전운전불이행,건조,맑음,교차로 - 교차로부근,승용,남,58세,상해없음,승용,여,31세,경상
2023072500100217,2023년 7월 25일 12시,화요일,전라남도 광양시 중동,경상사고,0,0,1,0,차대차 - 측면충돌,교차로운행방법위반,건조,흐림,교차로 - 교차로안,승용,여,52세,상해없음,이륜,남,31세,경상
2023072500100288,2023년 7월 25일 14시,화요일,전라남도 화순군 도곡면,중상사고,0,1,1,0,차대차 - 정면충돌,신호위반,건조,맑음,교차로 - 교차로안,승용,남,26세,중상,승용,여,51세,경상