사고번호,사고일시,요일,시군구,사고내용,사망자수,중상자수,경상자수,부상신고자수,사고유형,법규위반,노면상태,기상상태,도로형태,가해운전자 차종,가해운전자 성별,가해운전자 연령,가해운전자 상해정도,피해운전자 차종,피해운전자 성별,피해운전자 연령,피해운전자 상해정도
2023072500100314,2023년 7월 25일 15시,화요일,전라남도 여수시 미평동,경상사고,0,0,1,0,차대사람 - 횡단중,보행자보호의무위반,건조,맑음,교차로 - 교차로횡단보도내,승용,여,52세,상해없음,보행자,남,72세,경상
2023072500100354,2023년 7월 25일 16시,화요일,전라남도 목포시 옥암동,경상사고,0,0,1,0,차대차 - 기타,안전운전불이행,건조,맑음,단일로 - 기타,화물,남,64세,상해없음,승용,남,50세,경상
2023072500100355,2023년 7월 25일 16시,화요일,전라남도 고흥군 도덕면,사망사고,1,0,0,0,차량단독 - 공작물충돌,안전운전불이행,건조,맑음,교차로 - 교차로안,화물,남,83세,사망,,,,
2023072500100356,2023년 7월 25일 16시,화요일,전라남도 무안군 청계면,중상사고,0,1,0,0,차대차 - 기타,직진우회전진행방해,건조,맑음,교차로 - 교차로안,승용,남,36세,상해없음,승용,여,62세,중상
2023072500100384,2023년 7월 25일 17시,화요일,전라남도 광양시 마동,경상사고,0,0,1,0,차대사람 - 횡단중,안전운전불이행,건조,맑음,단일로 - 기타,승용,여,47세,상해없음,보행자,여,41세,경상
2023072500100424,2023년 7월 25일 18시,화요일,전라남도 나주시 빛가람동,경상사고,0,0,1,0,차대차 - 추돌,안전운전불이행,건조,맑음,교차로 - 교차로부근,원동기,남,54세,상해없음,승용,남,29세,경상
2023072500100425,2023년 7월 25일 18시,화요일,전라남도 광양시 마동,경상사고,0,0,1,0,차대차 - 추돌,안전운전불이행,건조,맑음,교차로 - 교차로부근,승용,남,65세,상해없음,승용,여,36세,경상
2023072500100501,2023년 7월 25일 21시,화요일,전라남도 순천시 해룡면,경상사고,0,0,1,0,차대차 - 측면충돌,안전운전불이행,건조,맑음,교차로 - 교차로부근,이륜,남,18세,경상,승용,여,30세,상해없음
2023072500100542,2023년 7월 25일 23시,화요일,전라남도 목포시 용당동,경상사고,0,0,1,0,차량단독 - 공작물충돌,안전운전불이행,건조,맑음,단일로 - 기타,화물,남,76세,경상,,,,
2023072600100038,2023년 7월 26일 06시,수요일,전라남도 순천시 서면,중상사고,0,1,0,0,차대차 - 기타,안전운전불이행,젖음/습기,비,단일로 - 기타,승용,남,41세,상해없음,화물,남,70세,중상
2023072600100094,2023년 7월 26일 08시,수요일,전라남도 목포시 상동,경상사고,0,0,1,0,차대차 - 기타,안전운전불이행,건조,맑음,교차로 - 교차로부근,승용,남,35세,상해없음,승용,여,43세,경상
2023072600100095,2023년 7월 26일 08시,수요일,전라남도 함평군 나산면,경상사고,0,0,1,0,차대차 - 측면충돌,차로위반,건조,맑음,단일로 - 기타,화물,남,56세,상해없음,승용,여,68세,경상
2023072600100123,2023년 7월 26일 09시,수요일,전라남도 무안군 무안읍,경상사고,0,0,1,0,차대차 - 정면충돌,안전운전불이행,건조,맑음,교차로 - 교차로안,승용,남,38세,상해없음,승용,여,48세,경상
2023072600100151,2023년 7월 26일 10시,수요일,전라남도 광양시 광양읍,경상사고,0,0,1,0,차대차 - 추돌,교차로운행방법위반,건조,맑음,교차로 - 교차로안,승용,여,64세,상해없음,화물,남,60세,경상
2023072600100175,2023년 7월 26일 11시,수요일,전라남도 여수시 소라면,경상사고,0,0,1,0,차대차 - 측면충돌,교차로운행방법위반,건조,맑음,교차로 - 교차로안,화물,남,71세,기타불명,화물,남,38세,경상
2023072600100176,2023년 7월 26일 11시,수요일,전라남도 여수시 덕충동,경상사고,0,0,1,0,차대차 - 측면충돌,안전운전불이행,젖음/습기,맑음,기타 - 기타,승용,남,19세,상해없음,승용,여,33세,경상
2023072600100177,2023년 7월 26일 11시,수요일,전라남도 순천시 연향동,중상사고,0,1,0,0,차대차 - 측면충돌,중앙선침범,건조,맑음,단일로 - 기타,승용,남,56세,상해없음,이륜,남,32세,중상
2023072600100178,2023년 7월 26일 11시,수요일,전라남도 담양군 봉산면,경상사고,0,0,1,0,차대차 - 후진중충돌,안전운전불이행,건조,맑음,단일로 - 기타,승용,여,52세,상해없음,승용,여,32세,경상
2023072600100214,2023년 7월 26일 12시,수요일,전라남도 목포시 산정동,경상사고,0,0,4,0,차대차 - 측면충돌,안전운전불이행,젖음/습기,흐림,단일로 - 기타,승용,남,55세,경상,승용,여,58세,경상
2023072600100215,2023년 7월 26일 12시,수요일,전라남도 나주시 이창동,중상사고,0,1,2,0,차대차 - 측면충돌,직진우회전진행방해,건조,맑음,교차로 - 교차로안,승용,남,43세,중상,승용,남,71세,경상
2023072600100216,2023년 7월 26일 12시,수요일,전라남도 광양시 광양읍,경상사고,0,0,4,0,차대차 - 후진중충돌,안전운전불이행,건조,맑음,단일로 - 기타,화물,남,51세,상해없음,승용,여,29세,경상
2023072600100262,2023년 7월 26일 13시,수요일,전라남도 목포시 대양동,경상사고,0,0,1,0,차대차 - 측면충돌,직진우회전진행방해,건조,맑음,교차로 - 교차로안,승용,여,37세,상해없음,승용,여,62세,경상
2023072600100263,2023년 7월 26일 13시,수요일,전라남도 순천시 해룡면,경상사고,0,0,1,0,차대차 - 측면충돌,교차로운행방법위반,건조,맑음,교차로 - 교차로안,승용,여,44세,상해없음,승용,남,53세,경상
2023072600100264,2023년 7월 26일 13시,수요일,전라남도 순천시 별량면,경상사고,0,0,1,0,차대차 - 기타,직진우회전진행방해,건조,맑음,교차로 - 교차로안,화물,남,68세,상해없음,승합,남,47세,상해없음
2023072600100265,2023년 7월 26일 13시,수요일,전라남도 영암군 영암읍,경상사고,0,0,1,0,차대차 - 측면충돌,안전운전불이행,건조,맑음,단일로 - 기타,화물,남,58세,상해없음,승용,여,52세,경상
2023072600100294,2023년 7월 26일 14시,수요일,전라남도 순천시 가곡동,경상사고,0,0,1,0,차량단독 - 공작물충돌,안전운전불이행,건조,맑음,단일로 - 기타,화물,남,78세,경상,,,,
2023072600100295,2023년 7월 26일 14시,수요일,전라남도 장성군 북하면,경상사고,0,0,1,0,차대차 - 정면충돌,중앙선침범,건조,맑음,단일로 - 기타,승용,남,84세,상해없음,화물,남,60세,경상
2023072600100328,2023년 7월 26일 15시,수요일,전라남도 곡성군 곡성읍,중상사고,0,1,0,0,차대차 - 추돌,안전거리미확보,건조,맑음,단일로 - 기타,원동기,남,80세,중상,화물,남,53세,상해없음
2023072600100329,2023년 7월 26일 15시,수요일,전라남도 광양시 광양읍,중상사고,0,1,1,0,차대사람 - 차도통행중,기타,건조,맑음,기타 - 기타,승합,남,64세,상해없음,보행자,여,11세,중상
2023072600100364,2023년 7월 26일 16시,수요일,전라남도 영광군 대마면,경상사고,0,0,1,0,차량단독 - 공작물충돌,안전운전불이행,건조,흐림,단일로 - 기타,화물,남,63세,경상,,,,
2023072600100417,2023년 7월 26일 17시,수요일,전라남도 영암군 삼호읍,경상사고,0,0,1,0,차대차 - 추돌,안전운전불이행,건조,맑음,교차로 - 교차로부근,승합,남,63세,상해없음,화물,남,43세,경상
2023072600100418,2023년 7월 26일 17시,수요일,전라남도 광양시 성황동,경상사고,0,0,1,0,차대차 - 측면충돌,안전운전불이행,건조,맑음,교차로 - 교차로횡단보도내,특수,남,60세,상해없음,자전거,남,9세,경상
2023072600100547,2023년 7월 26일 21시,수요일,전라남도 목포시 대안동,경상사고,0,0,2,0,차대차 - 측면충돌,교차로운행방법위반,건조,기타,교차로 - 교차로안,화물,남,43세,경상,화물,남,57세,경상
2023072600100571,2023년 7월 26일 22시,수요일,전라남도 여수시 율촌면,경상사고,0,0,1,0,차량단독 - 공작물충돌,안전운전불이행,건조,맑음,단일로 - 기타,승용,남,55세,경상,,,,
2023072600100572,2023년 7월 26일 22시,수요일,전라남도 순천시 조례동,경상사고,0,0,2,0,차대차 - 기타,안전운전불이행,건조,맑음,교차로 - 교차로부근,승용,남,58세,상해없음,승용,남,50세,상해없음
2023072600100586,2023년 7월 26일 23시,수요일,전라남도 광양시 중동,중상사고,0,1,0,0,차대사람 - 차도통행중,안전운전불이행,건조,맑음,교차로 - 교차로안,승용,여,33세,상해없음,보행자,남,47세,중상
2023072700100045,2023년 7월 27일 05시,목요일,전라남도 고흥군 고흥읍,경상사고,0,0,1,0,차대차 - 추돌,안전운전불이행,건조,맑음,단일로 - 기타,승용,남,23세,상해없음,이륜,남,71세,경상
2023072700100054,2023년 7월 27일 06시,목요일,전라남도 담양군 수북면,경상사고,0,0,1,0,차대차 - 추돌,안전거리미확보,건조,맑음,교차로 - 교차로부근,화물,남,37세,상해없음,승용,남,54세,경상
2023072700100074,2023년 7월 27일 07시,목요일,전라남도 여수시 봉산동,경상사고,0,0,1,0,차대차 - 추돌,안전운전불이행,건조,맑음,교차로 - 교차로안,승용,남,64세,상해없음,승용,여,22세,경상
2023072700100075,2023년 7월 27일 07시,목요일,전라남도 장흥군 관산읍,경상사고,0,0,1,0,차대차 - 기타,안전운전불이행,건조,맑음,단일로 - 기타,승용,남,73세,상해없음,승용,여,54세,경상
2023072700100103,2023년 7월 27일 08시,목요일,전라남도 순천시 연향동,경상사고,0,0,1,0,차대사람 - 기타,안전운전불이행,건조,맑음,단일로 - 기타,승용,여,25세,상해없음,보행자,남,16세,경상
2023072700100104,2023년 7월 27일 08시,목요일,전라남도 영암군 삼호읍,경상사고,0,0,1,0,차대차 - 측면충돌,안전운전불이행,건조,맑음,교차로 - 교차로안,화물,남,52세,상해없음,자전거,여,27세,경상
2023072700100146,2023년 7월 27일 09시,목요일,전라남도 광양시 옥룡면,중상사고,0,1,0,0,차대사람 - 횡단중,안전운전불이행,건조,맑음,단일로 - 기타,승용,여,53세,상해없음,보행자,여,62세,중상
2023072700100170,2023년 7월 27일 10시,목요일,전라남도 담양군 무정면,경상사고,0,0,2,0,차대차 - 측면충돌,직진우회전진행방해,건조,맑음,교차로 - 교차로안,승용,여,59세,경상,승용,남,65세,경상
2023072700100203,2023년 7월 27일 11시,목요일,전라남도 여수시 선원동,경상사고,0,0,1,0,차대차 - 후진중충돌,안전운전불이행,건조,맑음,교차로 - 교차로부근,승용,남,28세,상해없음,승용,여,52세,경상
2023072700100204,2023년 7월 27일 11시,목요일,전라남도 강진군 강진읍,경상사고,0,0,5,0,차대차 - 측면충돌,기타,건조,맑음,교차로 - 교차로안,승용,남,28세,경상,화물,남,67세,경상
2023072700100244,2023년 7월 27일 12시,목요일,전라남도 목포시 항동,경상사고,0,0,1,0,차대차 - 측면충돌,안전운전불이행,건조,맑음,단일로 - 기타,승용,여,41세,상해없음,화물,남,51세,경상
2023072700100245,2023년 7월 27일 12시,목요일,전라남도 순천시 오천동,경상사고,0,0,1,0,차대차 - 추돌,교차로운행방법위반,건조,맑음,교차로 - 교차로안,화물,남,49세,상해없음,승용,여,44세,경상
2023072700100246,2023년 7월 27일 12시,목요일,전라남도 순천시 조례동,경상사고,0,0,2,0,차대차 - 추돌,안전운전불이행,건조,맑음,단일로 - 기타,화물,남,28세,상해없음,승용,여,53세,경상
2023072700100277,2023년 7월 27일 13시,목요일,전라남도 영암군 삼호읍,중상사고,0,1,0,0,차대사람 - 기타,기타,건조,맑음,단일로 - 기타,화물,남,54세,상해없음,보행자,남,53세,중상
2023072700100314,2023년 7월 27일 14시,목요일,전라남도 여수시 웅천동,경상사고,0,0,2,0,차대차 - 측면충돌,교차로운행방법위반,건조,맑음,교차로 - 교차로안,승용,남,34세,경상,승용,여,32세,경상
2023072700100315,2023년 7월 27일 14시,목요일,전라남도 신안군 암태면,경상사고,0,0,1,0,차대사람 - 기타,안전운전불이행,건조,맑음,단일로 - 기타,승용,남,77세,상해없음,보행자,남,36세,경상
2023072700100353,2023년 7월 27일 15시,목요일,전라남도 여수시 봉산동,경상사고,0,0,1,0,차대차 - 기타,안전운전불이행,건조,맑음,교차로 - 교차로부근,승용,남,65세,상해없음,이륜,남,19세,경상
2023072700100405,2023년 7월 27일 16시,목요일,전라남도 순천시 풍덕동,중상사고,0,1,0,0,차대차 - 측면충돌,직진우회전진행방해,건조,맑음,교차로 - 교차로안,원동기,남,65세,중상,화물,남,65세,상해없음
2023072700100406,2023년 7월 27일 16시,목요일,전라남도 보성군 벌교읍,중상사고,0,1,0,0,차대차 - 측면충돌,기타,건조,맑음,교차로 - 교차로안,화물,남,64세,기타불명,승용,남,63세,중상
2023072700100407,2023년 7월 27일 16시,목요일,전라남도 무안군 무안읍,중상사고,0,1,0,0,차대사람 - 기타,안전운전불이행,건조,맑음,주차장 - 주차장,승용,여,33세,상해없음,보행자,남,76세,중상
2023072700100446,2023년 7월 27일 17시,목요일,전라남도 여수시 선원동,경상사고,0,0,1,0,차대차 - 정면충돌,교차로운행방법위반,건조,맑음,교차로 - 교차로안,승용,남,34세,상해없음,승용,남,66세,경상
2023072700100491,2023년 7월 27일 18시,목요일,전라남도 여수시 선원동,경상사고,0,0,1,0,차대차 - 추돌,안전거리미확보,건조,맑음,단일로 - 기타,승용,남,81세,기타불명,승용,남,43세,경상
2023072700100492,2023년 7월 27일 18시,목요일,전라남도 강진군 강진읍,경상사고,0,0,1,0,차대차 - 추돌,안전운전불이행,건조,맑음,단일로 - 기타,승용,남,37세,상해없음,화물,남,60세,경상
2023072700100493,2023년 7월 27일 18시,목요일,전라남도 강진군 강진읍,경상사고,0,0,1,1,차대차 - 측면충돌,직진우회전진행방해,건조,맑음,교차로 - 교차로안,원동기,남,19세,부상신고,원동기,남,17세,경상
2023072700100524,2023년 7월 27일 19시,목요일,전라남도 광양시 중동,경상사고,0,0,1,0,차대차 - 측면충돌,차로위반,건조,맑음,단일로 - 기타,승용,남,23세,상해없음,승용,남,19세,경상
2023072800100012,2023년 7월 28일 01시,금요일,전라남도 순천시 장천동,중상사고,0,2,0,0,차대사람 - 기타,안전운전불이행,건조,맑음,단일로 - 기타,승용,여,46세,상해없음,보행자,여,51세,중상
2023072800100104,2023년 7월 28일 08시,금요일,전라남도 여수시 시전동,경상사고,0,0,3,0,차대차 - 측면충돌,차로위반,건조,맑음,교차로 - 교차로안,승용,여,50세,상해없음,승용,남,27세,경상
2023072800100105,2023년 7월 28일 08시,금요일,전라남도 순천시 풍덕동,중상사고,0,1,0,0,차량단독 - 기타,안전운전불이행,건조,맑음,교차로 - 교차로부근,승합,남,47세,상해없음,,,,
2023072800100106,2023년 7월 28일 08시,금요일,전라남도 나주시 빛가람동,경상사고,0,0,1,0,차대차 - 측면충돌,안전운전불이행,건조,맑음,교차로 - 교차로안,승용,여,33세,상해없음,승용,남,27세,경상
2023072800100107,2023년 7월 28일 08시,금요일,전라남도 장성군 황룡면,경상사고,0,0,1,0,차대차 - 측면충돌,안전운전불이행,건조,맑음,교차로 - 교차로안,화물,남,40세,상해없음,승용,여,27세,경상
2023072800100137,2023년 7월 28일 09시,금요일,전라남도 목포시 옥암동,경상사고,0,0,1,0,차대차 - 기타,안전운전불이행,건조,맑음,단일로 - 기타,승용,남,73세,상해없음,자전거,남,58세,경상
2023072800100138,2023년 7월 28일 09시,금요일,전라남도 나주시 남평읍,경상사고,0,0,4,0,차대차 - 측면충돌,안전운전불이행,건조,맑음,교차로 - 교차로안,승용,남,57세,경상,승용,여,44세,경상
2023072800100139,2023년 7월 28일 09시,금요일,전라남도 영암군 삼호읍,경상사고,0,0,1,1,차대차 - 추돌,안전운전불이행,건조,맑음,단일로 - 기타,화물,남,50세,상해없음,화물,남,59세,경상
2023072800100165,2023년 7월 28일 10시,금요일,전라남도 영암군 삼호읍,경상사고,0,0,1,0,차대차 - 측면충돌,안전운전불이행,건조,맑음,교차로 - 교차로안,승합,남,58세,상해없음,특수,남,34세,경상
2023072800100201,2023년 7월 28일 11시,금요일,전라남도 여수시 소라면,중상사고,0,1,0,0,차대사람 - 기타,안전운전불이행,건조,맑음,교차로 - 교차로안,승용,남,60세,상해없음,보행자,여,78세,중상
2023072800100278,2023년 7월 28일 13시,금요일,전라남도 목포시 용해동,중상사고,0,1,1,1,차대차 - 추돌,안전운전불이행,건조,맑음,단일로 - 기타,화물,남,81세,부상신고,화물,남,62세,경상
2023072800100279,2023년 7월 28일 13시,금요일,전라남도 담양군 담양읍,경상사고,0,0,1,0,차대차 - 기타,신호위반,건조,맑음,교차로 - 교차로안,승용,여,61세,상해없음,원동기,남,78세,경상
2023072800100351,2023년 7월 28일 15시,금요일,전라남도 영암군 시종면,중상사고,0,1,0,0,차대차 - 측면충돌,안전운전불이행,건조,맑음,교차로 - 교차로안,화물,남,63세,상해없음,승용,남,70세,중상
2023072800100392,2023년 7월 28일 16시,금요일,전라남도 장흥군 장흥읍,경상사고,0,0,2,0,차대차 - 측면충돌,직진우회전진행방해,건조,맑음,교차로 - 교차로안,승용,여,66세,경상,승용,남,75세,경상
2023072800100445,2023년 7월 28일 17시,금요일,전라남도 목포시 산정동,경상사고,0,0,1,0,차대사람 - 기타,안전운전불이행,건조,맑음,교차로 - 교차로부근,승용,여,44세,상해없음,보행자,남,80세,경상
2023072800100446,2023년 7월 28일 17시,금요일,전라남도 순천시 왕지동,경상사고,0,0,1,0,차대차 - 기타,기타,건조,맑음,단일로 - 기타,화물,남,58세,상해없음,특수,남,53세,경상
2023072800100495,2023년 7월 28일 18시,금요일,전라남도 목포시 옥암동,경상사고,0,0,1,0,차대차 - 측면충돌,신호위반,건조,맑음,교차로 - 교차로안,승용,남,44세,상해없음,원동기,남,17세,경상
2023072800100496,2023년 7월 28일 18시,금요일,전라남도 여수시 신기동,경상사고,0,0,1,0,차대차 - 측면충돌,교차로운행방법위반,건조,맑음,교차로 - 교차로부근,승용,남,27세,상해없음,이륜,남,49세,경상
2023072800100563,2023년 7월 28일 20시,금요일,전라남도 여수시 돌산읍,중상사고,0,1,0,0,차대차 - 기타,안전운전불이행,건조,맑음,단일로 - 기타,승용,남,51세,상해없음,이륜,남,40세,중상
2023072800100564,2023년 7월 28일 20시,금요일,전라남도 여수시 신기동,경상사고,0,0,4,0,차대차 - 추돌,안전운전불이행,건조,맑음,교차로 - 교차로부근,승용,남,49세,상해없음,승용,여,38세,경상
2023072800100565,2023년 7월 28일 20시,금요일,전라남도 영암군 삼호읍,중상사고,0,1,0,0,차대차 - 추돌,안전운전불이행,건조,맑음,단일로 - 기타,승용,남,48세,상해없음,자전거,남,30세,중상
2023072900100094,2023년 7월 29일 07시,토요일,전라남도 순천시 해룡면,경상사고,0,0,1,0,차대차 - 기타,직진우회전진행방해,건조,맑음,교차로 - 교차로안,승용,남,50세,상해없음,자전거,남,34세,경상
2023072900100095,2023년 7월 29일 07시,토요일,전라남도 광양시 성황동,경상사고,0,0,2,0,차대차 - 추돌,안전운전불이행,건조,맑음,기타 - 기타,승용,남,40세,기타불명,승용,여,47세,경상
2023072900100115,2023년 7월 29일 08시,토요일,전라남도 여수시 학동,경상사고,0,0,1,0,차대차 - 추돌,안전운전불이행,건조,맑음,단일로 - 기타,승용,여,60세,상해없음,승용,남,33세,경상
2023072900100140,2023년 7월 29일 09시,토요일,전라남도 해남군 해남읍,경상사고,0,0,2,0,차대차 - 기타,안전운전불이행,건조,맑음,교차로 - 교차로안,승용,남,52세,상해없음,승용,여,27세,경상
2023072900100141,2023년 7월 29일 09시,토요일,전라남도 광양시 진상면,중상사고,0,1,0,0,차대차 - 정면충돌,안전운전불이행,건조,맑음,단일로 - 기타,화물,남,69세,상해없음,자전거,남,42세,중상
2023072900100170,2023년 7월 29일 10시,토요일,전라남도 여수시 둔덕동,중상사고,0,1,0,0,차대차 - 측면충돌,신호위반,건조,맑음,교차로 - 교차로부근,승용,남,65세,상해없음,이륜,남,48세,중상
2023072900100205,2023년 7월 29일 11시,토요일,전라남도 여수시 문수동,경상사고,0,0,1,0,차대차 - 기타,차로위반,건조,맑음,단일로 - 기타,승용,여,33세,상해없음,승용,남,49세,경상
2023072900100207,2023년 7월 29일 11시,토요일,전라남도 함평군 대동면,중상사고,0,1,1,0,차대차 - 측면충돌,안전운전불이행,건조,맑음,교차로 - 교차로부근,승용,남,47세,상해없음,이륜,남,84세,중상
2023072900100208,2023년 7월 29일 11시,토요일,전라남도 강진군 강진읍,중상사고,0,2,1,0,차대차 - 추돌,안전운전불이행,건조,맑음,교차로 - 교차로부근,건설기계,남,68세,상해없음,승용,남,61세,중상
2023072900100243,2023년 7월 29일 12시,토요일,전라남도 여수시 돌산읍,중상사고,0,3,3,0,차대차 - 기타,교차로운행방법위반,건조,맑음,교차로 - 교차로안,승용,남,36세,상해없음,승용,여,49세,경상
2023072900100244,2023년 7월 29일 12시,토요일,전라남도 순천시 풍덕동,경상사고,0,0,1,0,차대차 - 추돌,안전운전불이행,건조,맑음,단일로 - 기타,승용,남,58세,상해없음,승용,남,27세,경상
2023072900100245,2023년 7월 29일 12시,토요일,전라남도 나주시 남평읍,경상사고,0,0,4,0,차대차 - 기타,중앙선침범,건조,맑음,교차로 - 교차로부근,승용,남,62세,경상,승합,남,44세,경상
2023072900100246,2023년 7월 29일 12시,토요일,전라남도 장흥군 장흥읍,경상사고,0,0,3,0,차대차 - 기타,안전운전불이행,건조,맑음,단일로 - 기타,승용,남,55세,상해없음,승용,남,45세,경상
2023072900100280,2023년 7월 29일 13시,토요일,전라남도 영암군 덕진면,경상사고,0,0,2,0,차대차 - 추돌,안전운전불이행,건조,맑음,교차로 - 교차로안,승용,여,41세,상해없음,승용,남,40세,경상
2023072900100325,2023년 7월 29일 14시,토요일,전라남도 완도군 완도읍,경상사고,0,0,2,0,차대차 - 측면충돌,교차로운행방법위반,건조,맑음,교차로 - 교차로부근,화물,남,71세,상해없음,화물,남,53세,경상
2023072900100359,2023년 7월 29일 15시,토요일,전라남도 여수시 중앙동,경상사고,0,0,1,0,차대차 - 기타,안전운전불이행,건조,맑음,교차로 - 교차로안,승용,여,52세,상해없음,승용,남,27세,경상
2023072900100360,2023년 7월 29일 15시,토요일,전라남도 장흥군 장흥읍,경상사고,0,0,1,1,차대차 - 측면충돌,직진우회전진행방해,건조,맑음,교차로 - 교차로안,승용,남,39세,상해없음,승용,여,48세,부상신고
2023072900100361,2023년 7월 29일 15시,토요일,전라남도 진도군 임회면,중상사고,0,1,0,0,차대차 - 추돌,안전운전불이행,건조,맑음,단일로 - 기타,승용,여,66세,상해없음,자전거,남,76세,중상
2023072900100393,2023년 7월 29일 16시,토요일,전라남도 여수시 공화동,경상사고,0,0,1,0,차대차 - 추돌,안전거리미확보,건조,맑음,기타 - 기타,승용,남,32세,상해없음,승용,남,32세,경상
2023072900100394,2023년 7월 29일 16시,토요일,전라남도 무안군 무안읍,경상사고,0,0,1,0,차대차 - 기타,안전운전불이행,건조,맑음,교차로 - 교차로부근,승용,여,22세,상해없음,이륜,남,78세,경상
2023072900100445,2023년 7월 29일 17시,토요일,전라남도 보성군 보성읍,경상사고,0,0,2,0,차대차 - 측면충돌,직진우회전진행방해,건조,맑음,교차로 - 교차로안,승용,여,70세,상해없음,화물,남,50세,경상
2023072900100446,2023년 7월 29일 17시,토요일,전라남도 강진군 강진읍,중상사고,0,1,2,0,차대차 - 측면충돌,안전운전불이행,건조,맑음,단일로 - 기타,화물,남,53세,상해없음,승용,여,47세,경상
2023072900100447,2023년 7월 29일 17시,토요일,전라남도 광양시 옥룡면,중상사고,0,1,0,0,차대사람 - 기타,안전운전불이행,건조,맑음,기타 - 기타,승합,남,59세,상해없음,보행자,남,68세,중상
2023072900100480,2023년 7월 29일 18시,토요일,전라남도 목포시 산정동,중상사고,0,1,0,0,차대차 - 측면충돌,신호위반,건조,맑음,교차로 - 교차로안,승용,여,52세,상해없음,원동기,남,16세,중상
2023072900100517,2023년 7월 29일 19시,토요일,전라남도 고흥군 도양읍,경상사고,0,0,2,0,차대차 - 추돌,안전운전불이행,건조,맑음,단일로 - 기타,화물,남,63세,상해없음,승용,남,51세,경상
2023072900100530,2023년 7월 29일 20시,토요일,전라남도 나주시 산포면,경상사고,0,0,1,0,차대차 - 기타,신호위반,건조,맑음,교차로 - 교차로횡단보도내,화물,여,59세,상해없음,승합,남,47세,경상
2023072900100531,2023년 7월 29일 20시,토요일,전라남도 순천시 승주읍,경상사고,0,0,2,0,차대차 - 추돌,안전운전불이행,건조,맑음,단일로 - 기타,화물,남,65세,경상,화물,남,55세,경상
2023072900100546,2023년 7월 29일 21시,토요일,전라남도 순천시 조례동,경상사고,0,0,1,0,차대사람 - 차도통행중,안전운전불이행,건조,맑음,단일로 - 기타,승용,남,22세,상해없음,보행자,남,26세,경상
2023072900100558,2023년 7월 29일 22시,토요일,전라남도 화순군 화순읍,경상사고,0,0,1,0,차량단독 - 전도전복 - 전도,안전운전불이행,건조,맑음,단일로 - 기타,사륜오토바이(ATV),남,67세,경상,,,,
2023073000100004,2023년 7월 30일 00시,일요일,전라남도 목포시 용당동,사망사고,1,0,0,0,차대사람 - 횡단중,기타,건조,맑음,단일로 - 기타,이륜,남,17세,상해없음,보행자,남,64세,사망
2023073000100049,2023년 7월 30일 06시,일요일,전라남도 신안군 임자면,중상사고,0,1,0,0,차량단독 - 기타,안전운전불이행,건조,맑음,단일로 - 기타,승용,남,61세,중상,,,,
2023073000100059,2023년 7월 30일 07시,일요일,전라남도 순천시 매곡동,경상사고,0,0,1,0,차대사람 - 횡단중,신호위반,건조,맑음,교차로 - 교차로안,승용,여,48세,상해없음,보행자,여,72세,경상
2023073000100076,2023년 7월 30일 09시,일요일,전라남도 장성군 북하면,부상신고사고,0,0,0,1,차대차 - 기타,안전운전불이행,건조,맑음,단일로 - 기타,기타불명,기타불명,미분류,기타불명,이륜,남,63세,부상신고
2023073000100106,2023년 7월 30일 10시,일요일,전라남도 화순군 화순읍,경상사고,0,0,5,0,차대차 - 측면충돌,중앙선침범,건조,맑음,단일로 - 기타,승용,남,28세,상해없음,승용,남,47세,경상
2023073000100159,2023년 7월 30일 12시,일요일,전라남도 여수시 안산동,경상사고,0,0,1,0,차대차 - 추돌,안전운전불이행,건조,맑음,교차로 - 교차로부근,승용,남,66세,기타불명,승용,여,29세,경상
2023073000100189,2023년 7월 30일 13시,일요일,전라남도 장흥군 장흥읍,중상사고,0,1,0,0,차대사람 - 길가장자리구역통행중,안전운전불이행,건조,맑음,교차로 - 교차로안,승용,여,63세,상해없음,보행자,여,48세,중상
2023073000100233,2023년 7월 30일 14시,일요일,전라남도 해남군 현산면,중상사고,0,1,0,0,차대차 - 측면충돌,기타,건조,맑음,교차로 - 교차로안,승용,여,26세,상해없음,원동기,남,65세,중상
2023073000100273,2023년 7월 30일 15시,일요일,전라남도 곡성군 곡성읍,경상사고,0,0,5,0,차대차 - 측면충돌,교차로운행방법위반,건조,맑음,교차로 - 교차로안,승용,남,35세,상해없음,승용,여,36세,경상
2023073000100316,2023년 7월 30일 17시,일요일,전라남도 무안군 해제면,경상사고,0,0,1,0,차대차 - 기타,안전운전불이행,건조,맑음,교차로 - 교차로안,이륜,남,42세,상해없음,승용,여,55세,경상
2023073000100346,2023년 7월 30일 18시,일요일,전라남도 무안군 해제면,사망사고,1,0,0,0,차대차 - 정면충돌,중앙선침범,건조,맑음,단일로 - 기타,이륜,남,65세,사망,화물,남,47세,상해없음
2023073000100370,2023년 7월 30일 19시,일요일,전라남도 목포시 상동,경상사고,0,0,1,0,차대차 - 추돌,안전운전불이행,건조,맑음,교차로 - 교차로부근,화물,남,48세,상해없음,화물,남,74세,경상
2023073100100036,2023년 7월 31일 06시,월요일,전라남도 나주시 동강면,경상사고,0,0,1,0,차량단독 - 전도전복 - 전도,안전운전불이행,건조,맑음,기타 - 기타,이륜,남,14세,경상,,,,