사고번호,사고일시,요일,시군구,사고내용,사망자수,중상자수,경상자수,부상신고자수,사고유형,법규위반,노면상태,기상상태,도로형태,가해운전자 차종,가해운전자 성별,가해운전자 연령,가해운전자 상해정도,피해운전자 차종,피해운전자 성별,피해운전자 연령,피해운전자 상해정도
2023073100100052,2023년 7월 31일 07시,월요일,전라남도 여수시 낙포동,중상사고,0,1,0,0,차대차 - 정면충돌,안전운전불이행,건조,맑음,교차로 - 교차로부근,승용,남,63세,상해없음,자전거,남,35세,중상
2023073100100053,2023년 7월 31일 07시,월요일,전라남도 장흥군 유치면,경상사고,0,0,1,0,차대사람 - 횡단중,기타,건조,맑음,단일로 - 기타,승용,여,30세,상해없음,보행자,여,49세,경상
2023073100100075,2023년 7월 31일 08시,월요일,전라남도 여수시 공화동,경상사고,0,0,1,0,차대차 - 측면충돌,안전거리미확보,건조,맑음,단일로 - 기타,승용,남,73세,상해없음,승용,남,68세,경상
2023073100100076,2023년 7월 31일 08시,월요일,전라남도 함평군 대동면,경상사고,0,0,1,0,차대차 - 정면충돌,중앙선침범,건조,맑음,단일로 - 기타,승용,남,56세,상해없음,화물,남,54세,경상
2023073100100077,2023년 7월 31일 08시,월요일,전라남도 함평군 해보면,중상사고,0,1,0,0,차대차 - 정면충돌,중앙선침범,건조,맑음,단일로 - 기타,승용,여,33세,상해없음,이륜,남,86세,중상
2023073100100144,2023년 7월 31일 10시,월요일,전라남도 목포시 옥암동,경상사고,0,0,1,0,차대차 - 기타,안전운전불이행,건조,맑음,단일로 - 기타,승용,여,40세,상해없음,승용,여,40세,경상
2023073100100145,2023년 7월 31일 10시,월요일,전라남도 강진군 강진읍,중상사고,0,1,0,0,차대차 - 측면충돌,직진우회전진행방해,건조,맑음,교차로 - 교차로안,화물,남,75세,상해없음,승용,여,54세,중상
2023073100100180,2023년 7월 31일 11시,월요일,전라남도 목포시 상동,경상사고,0,0,1,0,차대차 - 측면충돌,안전운전불이행,건조,맑음,단일로 - 기타,승용,여,74세,상해없음,이륜,남,72세,경상
2023073100100181,2023년 7월 31일 11시,월요일,전라남도 장흥군 대덕읍,경상사고,0,0,1,0,차대차 - 기타,중앙선침범,건조,맑음,기타 - 기타,화물,남,64세,상해없음,원동기,남,32세,경상
2023073100100215,2023년 7월 31일 12시,월요일,전라남도 여수시 교동,경상사고,0,0,1,0,차대차 - 측면충돌,안전거리미확보,건조,맑음,단일로 - 기타,승용,남,76세,상해없음,화물,남,48세,경상
2023073100100216,2023년 7월 31일 12시,월요일,전라남도 여수시 율촌면,경상사고,0,0,5,0,차대차 - 추돌,안전거리미확보,건조,맑음,단일로 - 터널,화물,남,43세,상해없음,승용,남,29세,경상
2023073100100217,2023년 7월 31일 12시,월요일,전라남도 나주시 중앙동,경상사고,0,0,2,0,차대차 - 측면충돌,기타,건조,맑음,기타 - 기타,승용,남,58세,상해없음,승용,남,24세,경상
2023073100100245,2023년 7월 31일 13시,월요일,전라남도 여수시 돌산읍,경상사고,0,0,1,0,차대차 - 기타,차로위반,건조,맑음,기타 - 기타,승용,남,56세,기타불명,승용,여,43세,경상
2023073100100246,2023년 7월 31일 13시,월요일,전라남도 순천시 덕월동,경상사고,0,0,1,0,차대차 - 기타,안전운전불이행,건조,맑음,교차로 - 교차로안,자전거,남,43세,경상,승용,남,57세,상해없음
2023073100100247,2023년 7월 31일 13시,월요일,전라남도 강진군 신전면,부상신고사고,0,0,0,1,차대차 - 후진중충돌,안전운전불이행,건조,맑음,단일로 - 기타,승용,남,83세,부상신고,승용,남,62세,상해없음
2023073100100281,2023년 7월 31일 14시,월요일,전라남도 목포시 옥암동,경상사고,0,0,2,0,차대차 - 측면충돌,안전운전불이행,건조,맑음,교차로 - 교차로안,화물,남,61세,상해없음,승용,남,29세,경상
2023073100100283,2023년 7월 31일 14시,월요일,전라남도 영암군 삼호읍,경상사고,0,0,5,0,차대차 - 측면충돌,신호위반,건조,맑음,교차로 - 교차로안,화물,남,53세,기타불명,승용,남,39세,경상
2023073100100318,2023년 7월 31일 15시,월요일,전라남도 여수시 돌산읍,경상사고,0,0,2,0,차대차 - 기타,차로위반,건조,맑음,교차로 - 교차로부근,승용,남,46세,기타불명,승용,남,63세,경상
2023073100100319,2023년 7월 31일 15시,월요일,전라남도 진도군 진도읍,경상사고,0,0,1,0,차대차 - 정면충돌,중앙선침범,건조,맑음,단일로 - 기타,화물,남,63세,상해없음,이륜,남,63세,경상
2023073100100357,2023년 7월 31일 16시,월요일,전라남도 여수시 월하동,경상사고,0,0,1,0,차대차 - 측면충돌,중앙선침범,건조,맑음,기타 - 기타,승용,남,59세,상해없음,이륜,남,40세,경상
2023073100100358,2023년 7월 31일 16시,월요일,전라남도 나주시 노안면,경상사고,0,0,1,0,차대차 - 측면충돌,안전운전불이행,건조,맑음,교차로 - 교차로안,승용,남,60세,상해없음,농기계,남,72세,경상
2023073100100359,2023년 7월 31일 16시,월요일,전라남도 장흥군 용산면,사망사고,1,0,1,0,차량단독 - 전도전복 - 전복,기타,건조,맑음,교차로 - 교차로안,화물,남,50세,경상,,,,
2023073100100407,2023년 7월 31일 17시,월요일,전라남도 나주시 산포면,경상사고,0,0,1,0,차대차 - 측면충돌,안전거리미확보,건조,맑음,기타 - 기타,승용,남,38세,상해없음,승용,남,30세,경상
2023073100100449,2023년 7월 31일 18시,월요일,전라남도 나주시 남평읍,경상사고,0,0,1,0,차대차 - 추돌,안전운전불이행,건조,맑음,기타 - 기타,원동기,남,34세,상해없음,승용,여,31세,경상
2023073100100450,2023년 7월 31일 18시,월요일,전라남도 고흥군 고흥읍,경상사고,0,0,1,0,차대차 - 기타,기타,건조,맑음,교차로 - 교차로부근,승용,여,63세,경상,승용,남,54세,상해없음
2023073100100489,2023년 7월 31일 19시,월요일,전라남도 여수시 선원동,중상사고,0,1,0,0,차대사람 - 횡단중,안전운전불이행,건조,맑음,기타 - 기타,승용,남,67세,상해없음,보행자,여,51세,중상
2023073100100490,2023년 7월 31일 19시,월요일,전라남도 광양시 중동,중상사고,0,1,1,0,차대사람 - 차도통행중,기타,건조,맑음,교차로 - 교차로안,승용,여,28세,기타불명,보행자,여,9세,중상
2023073100100506,2023년 7월 31일 20시,월요일,전라남도 목포시 용당동,중상사고,0,1,0,0,차대사람 - 횡단중,기타,건조,맑음,기타 - 기타,승용,남,46세,상해없음,보행자,여,56세,중상
2023073100100507,2023년 7월 31일 20시,월요일,전라남도 순천시 조례동,경상사고,0,0,2,0,차대차 - 측면충돌,안전운전불이행,건조,맑음,교차로 - 교차로부근,승용,남,29세,경상,승용,남,24세,경상
2023073100100508,2023년 7월 31일 20시,월요일,전라남도 고흥군 도양읍,중상사고,0,1,0,0,차대사람 - 횡단중,안전운전불이행,건조,맑음,단일로 - 기타,화물,남,64세,상해없음,보행자,여,67세,중상
2023073100100531,2023년 7월 31일 21시,월요일,전라남도 영암군 학산면,경상사고,0,0,1,0,차대차 - 측면충돌,신호위반,건조,맑음,교차로 - 교차로안,화물,남,74세,상해없음,화물,남,39세,경상
2023073100100569,2023년 7월 31일 23시,월요일,전라남도 목포시 상동,경상사고,0,0,1,0,차대차 - 측면충돌,안전운전불이행,건조,맑음,기타 - 기타,승용,남,26세,상해없음,승용,남,26세,경상
2023073100100570,2023년 7월 31일 23시,월요일,전라남도 영암군 영암읍,경상사고,0,0,1,0,차대차 - 측면충돌,안전운전불이행,건조,맑음,교차로 - 교차로안,승용,남,22세,상해없음,화물,남,38세,경상
2023080100100047,2023년 8월 1일 06시,화요일,전라남도 광양시 마동,중상사고,0,1,0,0,차대차 - 측면충돌,교차로운행방법위반,건조,맑음,교차로 - 교차로횡단보도내,화물,남,48세,상해없음,자전거,남,50세,중상
2023080100100072,2023년 8월 1일 07시,화요일,전라남도 영암군 미암면,경상사고,0,0,1,0,차대차 - 추돌,안전운전불이행,건조,맑음,교차로 - 교차로부근,승용,남,56세,상해없음,화물,남,67세,경상
2023080100100093,2023년 8월 1일 08시,화요일,전라남도 목포시 달동,경상사고,0,0,1,0,차대차 - 측면충돌,신호위반,건조,맑음,교차로 - 교차로안,건설기계,남,34세,상해없음,승용,남,38세,경상
2023080100100118,2023년 8월 1일 09시,화요일,전라남도 여수시 여천동,경상사고,0,0,1,0,차대사람 - 횡단중,신호위반,건조,맑음,교차로 - 교차로횡단보도내,화물,남,47세,상해없음,보행자,여,52세,경상
2023080100100119,2023년 8월 1일 09시,화요일,전라남도 영암군 군서면,경상사고,0,0,2,0,차대차 - 추돌,안전운전불이행,건조,맑음,단일로 - 기타,승용,여,52세,경상,화물,남,66세,기타불명
2023080100100154,2023년 8월 1일 10시,화요일,전라남도 목포시 상동,경상사고,0,0,2,0,차대차 - 측면충돌,안전운전불이행,건조,맑음,교차로 - 교차로부근,승용,여,53세,경상,승용,여,60세,경상
2023080100100155,2023년 8월 1일 10시,화요일,전라남도 해남군 해남읍,경상사고,0,0,1,0,차대사람 - 기타,안전운전불이행,건조,맑음,교차로 - 교차로부근,화물,남,74세,기타불명,보행자,여,81세,경상
2023080100100182,2023년 8월 1일 11시,화요일,전라남도 순천시 왕지동,경상사고,0,0,1,0,차대차 - 추돌,안전거리미확보,건조,맑음,단일로 - 기타,승용,남,28세,상해없음,승용,남,64세,상해없음
2023080100100183,2023년 8월 1일 11시,화요일,전라남도 담양군 담양읍,경상사고,0,0,1,0,차대차 - 측면충돌,안전거리미확보,건조,맑음,단일로 - 기타,승용,남,68세,기타불명,이륜,남,42세,경상
2023080100100184,2023년 8월 1일 11시,화요일,전라남도 무안군 삼향읍,중상사고,0,1,2,0,차대차 - 추돌,안전운전불이행,건조,맑음,단일로 - 기타,승용,남,74세,기타불명,승용,여,43세,중상
2023080100100212,2023년 8월 1일 12시,화요일,전라남도 영광군 영광읍,중상사고,0,1,3,0,차대차 - 측면충돌,직진우회전진행방해,건조,맑음,교차로 - 교차로안,승용,남,72세,경상,승용,남,29세,경상
2023080100100247,2023년 8월 1일 13시,화요일,전라남도 여수시 화장동,중상사고,0,1,0,0,차대차 - 기타,안전운전불이행,건조,맑음,교차로 - 교차로안,승용,남,60세,상해없음,이륜,남,77세,중상
2023080100100285,2023년 8월 1일 14시,화요일,전라남도 여수시 미평동,중상사고,0,1,0,0,차대차 - 기타,안전운전불이행,건조,맑음,교차로 - 교차로부근,승용,남,70세,상해없음,원동기,남,46세,중상
2023080100100286,2023년 8월 1일 14시,화요일,전라남도 함평군 대동면,사망사고,1,0,0,0,차량단독 - 기타,안전운전불이행,건조,맑음,단일로 - 기타,화물,남,66세,사망,,,,
2023080100100287,2023년 8월 1일 14시,화요일,전라남도 곡성군 곡성읍,경상사고,0,0,1,0,차대차 - 측면충돌,직진우회전진행방해,건조,맑음,교차로 - 교차로안,승용,남,66세,상해없음,승용,여,64세,경상
2023080100100288,2023년 8월 1일 14시,화요일,전라남도 광양시 광영동,경상사고,0,0,1,0,차대차 - 기타,직진우회전진행방해,건조,맑음,교차로 - 교차로안,승용,남,41세,상해없음,승용,여,59세,경상
2023080100100353,2023년 8월 1일 16시,화요일,전라남도 나주시 금천면,경상사고,0,0,3,0,차대차 - 추돌,안전거리미확보,건조,맑음,단일로 - 기타,승용,남,68세,경상,화물,남,63세,경상
2023080100100381,2023년 8월 1일 17시,화요일,전라남도 여수시 둔덕동,중상사고,0,1,0,0,차대차 - 기타,중앙선침범,건조,맑음,단일로 - 기타,승용,여,40세,상해없음,이륜,남,58세,중상
2023080100100417,2023년 8월 1일 18시,화요일,전라남도 여수시 돌산읍,경상사고,0,0,1,0,차대사람 - 기타,안전운전불이행,건조,맑음,주차장 - 주차장,승용,여,27세,상해없음,보행자,남,41세,경상
2023080100100418,2023년 8월 1일 18시,화요일,전라남도 순천시 해룡면,중상사고,0,1,0,0,차대차 - 기타,안전운전불이행,건조,맑음,단일로 - 기타,승용,남,41세,상해없음,자전거,남,28세,중상
2023080100100419,2023년 8월 1일 18시,화요일,전라남도 진도군 군내면,경상사고,0,0,3,0,차대차 - 측면충돌,신호위반,건조,맑음,단일로 - 기타,승용,남,58세,경상,승용,여,63세,경상
2023080100100456,2023년 8월 1일 19시,화요일,전라남도 무안군 삼향읍,경상사고,0,0,1,0,차대차 - 측면충돌,안전운전불이행,건조,맑음,단일로 - 기타,승용,남,22세,상해없음,승용,남,33세,경상
2023080100100538,2023년 8월 1일 22시,화요일,전라남도 여수시 화장동,중상사고,0,1,0,0,차대차 - 측면충돌,안전거리미확보,건조,맑음,단일로 - 기타,승용,남,40세,상해없음,원동기,남,40세,중상
2023080200100079,2023년 8월 2일 08시,수요일,전라남도 목포시 산정동,경상사고,0,0,1,0,차대차 - 측면충돌,교차로운행방법위반,건조,맑음,교차로 - 교차로안,화물,남,63세,상해없음,이륜,남,64세,경상
2023080200100080,2023년 8월 2일 08시,수요일,전라남도 보성군 보성읍,경상사고,0,0,1,0,차대차 - 측면충돌,차로위반,건조,맑음,단일로 - 기타,승합,남,51세,상해없음,이륜,남,65세,경상
2023080200100132,2023년 8월 2일 10시,수요일,전라남도 여수시 관문동,경상사고,0,0,1,0,차대차 - 측면충돌,신호위반,건조,맑음,교차로 - 교차로안,승용,여,42세,상해없음,승용,남,41세,경상
2023080200100133,2023년 8월 2일 10시,수요일,전라남도 순천시 장천동,경상사고,0,0,1,0,차대차 - 측면충돌,교차로운행방법위반,건조,맑음,교차로 - 교차로안,승용,남,63세,상해없음,화물,남,50세,경상
2023080200100134,2023년 8월 2일 10시,수요일,전라남도 나주시 공산면,경상사고,0,0,1,0,차대차 - 후진중충돌,안전운전불이행,건조,맑음,주차장 - 주차장,승용,남,65세,상해없음,승용,여,65세,경상
2023080200100160,2023년 8월 2일 11시,수요일,전라남도 여수시 봉강동,중상사고,0,1,0,0,차대차 - 측면충돌,안전운전불이행,건조,맑음,단일로 - 기타,승합,남,69세,상해없음,이륜,남,74세,중상
2023080200100161,2023년 8월 2일 11시,수요일,전라남도 광양시 옥룡면,중상사고,0,1,3,0,차량단독 - 도로외이탈 - 기타,안전운전불이행,건조,맑음,단일로 - 기타,승용,남,76세,경상,,,,
2023080200100199,2023년 8월 2일 12시,수요일,전라남도 나주시 이창동,경상사고,0,0,2,0,차대차 - 측면충돌,안전운전불이행,건조,맑음,단일로 - 기타,승용,여,57세,경상,승합,남,51세,경상
2023080200100200,2023년 8월 2일 12시,수요일,전라남도 광양시 광양읍,중상사고,0,1,0,0,차대사람 - 횡단중,보행자보호의무위반,건조,맑음,교차로 - 교차로부근,승용,남,80세,상해없음,보행자,남,54세,중상
2023080200100264,2023년 8월 2일 14시,수요일,전라남도 여수시 학동,경상사고,0,0,2,0,차대차 - 기타,교차로운행방법위반,건조,맑음,교차로 - 교차로안,승용,남,65세,경상,이륜,남,21세,경상
2023080200100296,2023년 8월 2일 15시,수요일,전라남도 순천시 석현동,경상사고,0,0,1,0,차대차 - 측면충돌,안전운전불이행,건조,맑음,단일로 - 기타,화물,남,48세,상해없음,화물,남,61세,경상
2023080200100298,2023년 8월 2일 15시,수요일,전라남도 화순군 청풍면,경상사고,0,0,1,0,차량단독 - 공작물충돌,안전운전불이행,건조,맑음,단일로 - 기타,승용,여,70세,경상,,,,
2023080200100299,2023년 8월 2일 15시,수요일,전라남도 완도군 고금면,경상사고,0,0,1,0,차대사람 - 차도통행중,안전운전불이행,건조,맑음,단일로 - 기타,승용,남,77세,상해없음,보행자,여,8세,경상
2023080200100337,2023년 8월 2일 16시,수요일,전라남도 여수시 학동,경상사고,0,0,2,0,차대차 - 측면충돌,교차로운행방법위반,건조,맑음,교차로 - 교차로안,승용,남,55세,상해없음,승용,남,23세,경상
2023080200100384,2023년 8월 2일 17시,수요일,전라남도 순천시 조례동,경상사고,0,0,1,0,차대차 - 측면충돌,안전운전불이행,건조,맑음,교차로 - 교차로안,승용,남,45세,상해없음,개인형이동수단(PM),남,27세,경상
2023080200100385,2023년 8월 2일 17시,수요일,전라남도 장흥군 장흥읍,경상사고,0,0,1,0,차대사람 - 차도통행중,안전운전불이행,건조,맑음,단일로 - 기타,화물,여,33세,상해없음,보행자,여,86세,경상
2023080200100431,2023년 8월 2일 18시,수요일,전라남도 여수시 여서동,경상사고,0,0,1,0,차대차 - 측면충돌,안전운전불이행,건조,맑음,기타 - 기타,승용,남,23세,상해없음,승용,남,32세,경상
2023080200100432,2023년 8월 2일 18시,수요일,전라남도 여수시 돌산읍,경상사고,0,0,3,0,차대차 - 측면충돌,안전거리미확보,건조,맑음,단일로 - 기타,승용,남,66세,상해없음,화물,남,36세,경상
2023080200100433,2023년 8월 2일 18시,수요일,전라남도 나주시 산포면,경상사고,0,0,6,0,차대차 - 추돌,안전운전불이행,건조,맑음,단일로 - 기타,승용,여,32세,경상,승용,남,50세,경상
2023080200100489,2023년 8월 2일 20시,수요일,전라남도 여수시 여서동,경상사고,0,0,1,0,차대차 - 측면충돌,안전운전불이행,건조,맑음,기타 - 기타,승용,여,59세,상해없음,승용,여,49세,경상
2023080200100490,2023년 8월 2일 20시,수요일,전라남도 순천시 연향동,경상사고,0,0,1,0,차대차 - 측면충돌,안전거리미확보,건조,맑음,교차로 - 교차로부근,승용,남,66세,상해없음,승용,여,44세,경상
2023080200100491,2023년 8월 2일 20시,수요일,전라남도 나주시 빛가람동,경상사고,0,0,1,0,차량단독 - 기타,안전운전불이행,건조,맑음,단일로 - 기타,이륜,여,23세,상해없음,,,,
2023080200100492,2023년 8월 2일 20시,수요일,전라남도 나주시 송월동,경상사고,0,0,1,0,차대사람 - 횡단중,보행자보호의무위반,건조,맑음,교차로 - 교차로횡단보도내,승용,남,26세,상해없음,보행자,여,21세,경상
2023080200100493,2023년 8월 2일 20시,수요일,전라남도 해남군 해남읍,중상사고,0,1,0,0,차대차 - 측면충돌,안전운전불이행,건조,맑음,단일로 - 기타,승용,남,57세,상해없음,이륜,남,21세,중상
2023080200100513,2023년 8월 2일 21시,수요일,전라남도 순천시 생목동,경상사고,0,0,1,0,차대사람 - 횡단중,보행자보호의무위반,건조,맑음,교차로 - 교차로안,승용,여,44세,상해없음,보행자,남,63세,경상
2023080300100013,2023년 8월 3일 01시,목요일,전라남도 여수시 둔덕동,경상사고,0,0,1,0,차대차 - 정면충돌,안전운전불이행,건조,맑음,단일로 - 기타,자전거,남,40세,상해없음,자전거,남,32세,경상
2023080300100027,2023년 8월 3일 03시,목요일,전라남도 순천시 풍덕동,중상사고,0,1,0,0,차대차 - 추돌,안전운전불이행,건조,맑음,단일로 - 기타,승용,남,26세,상해없음,자전거,남,69세,중상
2023080300100029,2023년 8월 3일 04시,목요일,전라남도 장성군 남면,경상사고,0,0,1,0,차대차 - 추돌,안전운전불이행,건조,맑음,단일로 - 기타,승용,남,22세,상해없음,화물,남,33세,경상
2023080300100072,2023년 8월 3일 07시,목요일,전라남도 목포시 상동,경상사고,0,0,1,0,차대차 - 후진중충돌,안전거리미확보,건조,맑음,교차로 - 교차로부근,이륜,남,33세,상해없음,승용,여,57세,경상
2023080300100073,2023년 8월 3일 07시,목요일,전라남도 화순군 도곡면,경상사고,0,0,1,0,차대차 - 측면충돌,신호위반,건조,맑음,교차로 - 교차로안,승용,여,60세,상해없음,승용,남,63세,경상
2023080300100143,2023년 8월 3일 09시,목요일,전라남도 순천시 인제동,경상사고,0,0,1,0,차대차 - 기타,안전운전불이행,건조,맑음,단일로 - 기타,자전거,남,71세,경상,화물,남,68세,상해없음
2023080300100189,2023년 8월 3일 10시,목요일,전라남도 목포시 산정동,경상사고,0,0,3,0,차대차 - 측면충돌,안전운전불이행,건조,맑음,교차로 - 교차로안,승용,남,72세,상해없음,승용,남,53세,경상
2023080300100232,2023년 8월 3일 11시,목요일,전라남도 순천시 석현동,경상사고,0,0,1,0,차대차 - 정면충돌,중앙선침범,건조,맑음,단일로 - 기타,승용,남,17세,상해없음,승용,남,52세,경상
2023080300100323,2023년 8월 3일 14시,목요일,전라남도 순천시 상사면,중상사고,0,1,0,0,차량단독 - 공작물충돌,안전운전불이행,건조,맑음,단일로 - 기타,화물,남,44세,상해없음,,,,
2023080300100325,2023년 8월 3일 14시,목요일,전라남도 영광군 염산면,중상사고,0,1,0,0,차대차 - 측면충돌,안전운전불이행,건조,맑음,단일로 - 기타,승용,여,66세,상해없음,원동기,남,75세,중상
2023080300100326,2023년 8월 3일 14시,목요일,전라남도 무안군 몽탄면,경상사고,0,0,1,0,차대차 - 기타,신호위반,건조,맑음,교차로 - 교차로안,승용,남,81세,상해없음,승용,남,65세,경상
2023080300100364,2023년 8월 3일 15시,목요일,전라남도 순천시 용당동,중상사고,0,1,0,0,차대사람 - 기타,신호위반,건조,맑음,교차로 - 교차로횡단보도내,이륜,여,30세,상해없음,보행자,남,17세,중상
2023080300100365,2023년 8월 3일 15시,목요일,전라남도 해남군 현산면,사망사고,1,0,0,0,차량단독 - 도로외이탈 - 기타,안전운전불이행,건조,맑음,단일로 - 기타,승용,남,62세,사망,,,,
2023080300100366,2023년 8월 3일 15시,목요일,전라남도 영암군 시종면,중상사고,0,1,0,0,차대사람 - 차도통행중,안전운전불이행,건조,맑음,단일로 - 기타,화물,남,64세,상해없음,보행자,여,87세,중상
2023080300100367,2023년 8월 3일 15시,목요일,전라남도 담양군 담양읍,경상사고,0,0,2,0,차대차 - 정면충돌,신호위반,건조,맑음,교차로 - 교차로안,승용,여,56세,상해없음,승용,여,50세,경상
2023080300100403,2023년 8월 3일 16시,목요일,전라남도 영암군 시종면,중상사고,0,1,0,0,차대차 - 측면충돌,안전운전불이행,건조,맑음,교차로 - 교차로안,승합,남,68세,상해없음,원동기,여,64세,중상
2023080300100443,2023년 8월 3일 17시,목요일,전라남도 여수시 서교동,경상사고,0,0,1,0,차대차 - 측면충돌,중앙선침범,건조,맑음,교차로 - 교차로부근,승용,남,24세,상해없음,승용,여,56세,경상
2023080300100444,2023년 8월 3일 17시,목요일,전라남도 여수시 학동,경상사고,0,0,2,0,차대차 - 측면충돌,교차로운행방법위반,건조,맑음,교차로 - 교차로안,승용,여,63세,상해없음,승용,남,61세,경상
2023080300100445,2023년 8월 3일 17시,목요일,전라남도 나주시 과원동,중상사고,0,1,0,0,차대차 - 측면충돌,안전운전불이행,건조,맑음,단일로 - 기타,자전거,남,81세,중상,승용,남,47세,상해없음
2023080300100446,2023년 8월 3일 17시,목요일,전라남도 나주시 산포면,경상사고,0,0,1,0,차대차 - 추돌,안전운전불이행,건조,맑음,단일로 - 기타,화물,남,65세,상해없음,승용,여,50세,경상
2023080300100447,2023년 8월 3일 17시,목요일,전라남도 화순군 도곡면,중상사고,0,1,0,0,차대차 - 측면충돌,교차로운행방법위반,건조,맑음,교차로 - 교차로안,승용,여,54세,상해없음,자전거,남,82세,중상
2023080300100504,2023년 8월 3일 18시,목요일,전라남도 여수시 신기동,중상사고,0,1,0,4,차대차 - 측면충돌,안전운전불이행,건조,맑음,단일로 - 기타,승용,남,61세,중상,승용,남,30세,상해없음
2023080300100505,2023년 8월 3일 18시,목요일,전라남도 곡성군 겸면,중상사고,0,1,0,0,차량단독 - 기타,안전운전불이행,건조,맑음,단일로 - 기타,승용,여,63세,중상,,,,
2023080300100550,2023년 8월 3일 19시,목요일,전라남도 장성군 북이면,중상사고,0,1,0,0,차대사람 - 기타,보행자보호의무위반,건조,맑음,교차로 - 교차로횡단보도내,화물,남,54세,상해없음,보행자,여,81세,중상
2023080300100606,2023년 8월 3일 21시,목요일,전라남도 여수시 웅천동,경상사고,0,0,1,0,차대사람 - 횡단중,보행자보호의무위반,건조,맑음,교차로 - 교차로횡단보도내,승용,남,43세,상해없음,보행자,남,29세,경상
2023080300100607,2023년 8월 3일 21시,목요일,전라남도 여수시 화장동,경상사고,0,0,2,0,차대차 - 추돌,안전운전불이행,건조,맑음,교차로 - 교차로부근,승용,남,54세,상해없음,승용,여,52세,경상
2023080300100608,2023년 8월 3일 21시,목요일,전라남도 여수시 오림동,경상사고,0,0,3,0,차대차 - 추돌,안전운전불이행,건조,맑음,단일로 - 기타,승용,남,48세,상해없음,승용,남,27세,경상
2023080300100641,2023년 8월 3일 23시,목요일,전라남도 여수시 종화동,중상사고,0,1,0,0,차대차 - 추돌,안전운전불이행,기타,기타,단일로 - 교량,승용,남,25세,상해없음,이륜,여,37세,중상
2023080400100031,2023년 8월 4일 04시,금요일,전라남도 고흥군 고흥읍,부상신고사고,0,0,0,1,차량단독 - 기타,안전운전불이행,건조,맑음,단일로 - 기타,자전거,남,56세,부상신고,,,,
2023080400100051,2023년 8월 4일 06시,금요일,전라남도 광양시 성황동,중상사고,0,1,1,1,차대차 - 측면충돌,직진우회전진행방해,건조,맑음,교차로 - 교차로안,승용,남,60세,부상신고,승용,남,52세,경상
2023080400100065,2023년 8월 4일 07시,금요일,전라남도 화순군 춘양면,부상신고사고,0,0,0,1,차대차 - 기타,안전운전불이행,건조,맑음,단일로 - 기타,승용,남,57세,상해없음,원동기,여,22세,부상신고
2023080400100091,2023년 8월 4일 08시,금요일,전라남도 장흥군 장흥읍,중상사고,0,1,0,0,차대차 - 측면충돌,안전운전불이행,건조,맑음,단일로 - 기타,승용,남,72세,상해없음,이륜,남,89세,중상
2023080400100092,2023년 8월 4일 08시,금요일,전라남도 영암군 학산면,경상사고,0,0,1,0,차대차 - 측면충돌,신호위반,건조,맑음,교차로 - 교차로안,화물,남,66세,상해없음,승용,여,30세,경상
2023080400100093,2023년 8월 4일 08시,금요일,전라남도 신안군 임자면,사망사고,1,0,0,0,차대차 - 추돌,안전운전불이행,건조,맑음,단일로 - 기타,건설기계,남,55세,상해없음,사륜오토바이(ATV),여,76세,사망
2023080400100121,2023년 8월 4일 09시,금요일,전라남도 여수시 국동,경상사고,0,0,1,0,차대차 - 기타,불법유턴,건조,맑음,단일로 - 기타,승용,남,64세,상해없음,이륜,남,59세,경상
2023080400100122,2023년 8월 4일 09시,금요일,전라남도 광양시 중동,경상사고,0,0,1,0,차대사람 - 횡단중,보행자보호의무위반,건조,맑음,교차로 - 교차로안,승용,남,46세,상해없음,보행자,여,7세,경상
2023080400100202,2023년 8월 4일 11시,금요일,전라남도 화순군 사평면,중상사고,0,1,0,0,차대차 - 측면충돌,중앙선침범,건조,맑음,단일로 - 기타,승용,여,61세,상해없음,이륜,남,92세,중상
2023080400100203,2023년 8월 4일 11시,금요일,전라남도 광양시 광양읍,경상사고,0,0,1,0,차대차 - 측면충돌,안전거리미확보,건조,맑음,교차로 - 교차로부근,승용,남,33세,상해없음,승용,여,61세,경상
2023080400100234,2023년 8월 4일 12시,금요일,전라남도 목포시 연산동,경상사고,0,0,1,0,차대차 - 측면충돌,안전운전불이행,건조,맑음,단일로 - 기타,승용,여,29세,상해없음,승용,남,48세,경상
2023080400100276,2023년 8월 4일 13시,금요일,전라남도 여수시 문수동,경상사고,0,0,1,0,차대차 - 기타,교차로운행방법위반,건조,맑음,교차로 - 교차로안,승용,남,44세,상해없음,이륜,남,45세,경상
2023080400100310,2023년 8월 4일 14시,금요일,전라남도 여수시 교동,경상사고,0,0,1,0,차대사람 - 차도통행중,안전운전불이행,건조,맑음,단일로 - 기타,승용,여,56세,상해없음,보행자,여,55세,경상
2023080400100311,2023년 8월 4일 14시,금요일,전라남도 여수시 돌산읍,경상사고,0,0,2,0,차대차 - 기타,교차로운행방법위반,건조,맑음,교차로 - 교차로부근,승용,남,48세,기타불명,승용,남,28세,경상
2023080400100312,2023년 8월 4일 14시,금요일,전라남도 화순군 화순읍,경상사고,0,0,2,0,차대차 - 측면충돌,교차로운행방법위반,건조,맑음,교차로 - 교차로안,승용,남,50세,상해없음,승용,여,50세,경상
2023080400100313,2023년 8월 4일 14시,금요일,전라남도 함평군 학교면,중상사고,0,1,0,0,차대차 - 측면충돌,안전운전불이행,건조,맑음,단일로 - 기타,이륜,남,49세,중상,승용,남,63세,상해없음