사고번호,사고일시,요일,시군구,사고내용,사망자수,중상자수,경상자수,부상신고자수,사고유형,법규위반,노면상태,기상상태,도로형태,가해운전자 차종,가해운전자 성별,가해운전자 연령,가해운전자 상해정도,피해운전자 차종,피해운전자 성별,피해운전자 연령,피해운전자 상해정도
2023080400100314,2023년 8월 4일 14시,금요일,전라남도 진도군 고군면,경상사고,0,0,1,0,차대차 - 정면충돌,중앙선침범,건조,맑음,단일로 - 기타,승용,여,64세,상해없음,승용,남,65세,경상
2023080400100315,2023년 8월 4일 14시,금요일,전라남도 광양시 진월면,경상사고,0,0,2,0,차대차 - 정면충돌,중앙선침범,건조,맑음,단일로 - 기타,승용,남,76세,경상,승용,남,22세,경상
2023080400100352,2023년 8월 4일 15시,금요일,전라남도 여수시 주삼동,경상사고,0,0,1,0,차대차 - 추돌,안전거리미확보,건조,맑음,단일로 - 고가도로위,승용,남,33세,기타불명,승용,여,52세,경상
2023080400100353,2023년 8월 4일 15시,금요일,전라남도 고흥군 도양읍,경상사고,0,0,1,0,차대사람 - 기타,안전운전불이행,건조,맑음,기타 - 기타,화물,남,79세,상해없음,보행자,여,78세,경상
2023080400100395,2023년 8월 4일 16시,금요일,전라남도 나주시 이창동,경상사고,0,0,2,0,차대차 - 측면충돌,안전운전불이행,건조,맑음,단일로 - 기타,화물,남,79세,상해없음,승용,여,28세,경상
2023080400100396,2023년 8월 4일 16시,금요일,전라남도 장흥군 안양면,중상사고,0,1,0,0,차대사람 - 기타,안전운전불이행,건조,맑음,주차장 - 주차장,승합,남,23세,상해없음,보행자,여,53세,중상
2023080400100397,2023년 8월 4일 16시,금요일,전라남도 광양시 진월면,중상사고,0,1,0,0,차량단독 - 공작물충돌,안전운전불이행,건조,맑음,단일로 - 기타,원동기,남,75세,중상,,,,
2023080400100398,2023년 8월 4일 16시,금요일,전라남도 광양시 광양읍,경상사고,0,0,2,0,차대차 - 측면충돌,차로위반,건조,맑음,단일로 - 기타,승용,여,54세,경상,승용,남,69세,경상
2023080400100460,2023년 8월 4일 17시,금요일,전라남도 여수시 남산동,경상사고,0,0,1,0,차대차 - 측면충돌,안전운전불이행,건조,맑음,단일로 - 기타,승용,남,27세,상해없음,승용,남,58세,경상
2023080400100461,2023년 8월 4일 17시,금요일,전라남도 여수시 문수동,경상사고,0,0,2,0,차대차 - 측면충돌,안전운전불이행,건조,맑음,단일로 - 기타,승용,여,60세,상해없음,승합,여,41세,경상
2023080400100462,2023년 8월 4일 17시,금요일,전라남도 영광군 대마면,중상사고,0,1,0,0,차대사람 - 보도통행중,안전운전불이행,건조,맑음,교차로 - 교차로부근,화물,남,54세,상해없음,보행자,여,78세,중상
2023080400100463,2023년 8월 4일 17시,금요일,전라남도 강진군 칠량면,중상사고,0,1,0,0,차량단독 - 전도전복 - 전도,안전운전불이행,건조,맑음,단일로 - 기타,사륜오토바이(ATV),여,52세,중상,,,,
2023080400100464,2023년 8월 4일 17시,금요일,전라남도 강진군 군동면,부상신고사고,0,0,0,1,차대차 - 측면충돌,직진우회전진행방해,건조,맑음,교차로 - 교차로안,승용,남,32세,부상신고,승용,남,42세,상해없음
2023080400100511,2023년 8월 4일 18시,금요일,전라남도 목포시 옥암동,경상사고,0,0,1,0,차대차 - 측면충돌,안전운전불이행,건조,맑음,단일로 - 기타,승용,여,57세,상해없음,개인형이동수단(PM),남,18세,경상
2023080400100512,2023년 8월 4일 18시,금요일,전라남도 여수시 선원동,중상사고,0,1,0,0,차대사람 - 횡단중,신호위반,건조,맑음,교차로 - 교차로안,승용,여,60세,상해없음,보행자,여,65세,중상
2023080400100513,2023년 8월 4일 18시,금요일,전라남도 여수시 덕충동,경상사고,0,0,1,0,차대차 - 추돌,안전거리미확보,건조,맑음,단일로 - 기타,승용,남,28세,상해없음,승용,여,54세,경상
2023080400100514,2023년 8월 4일 18시,금요일,전라남도 순천시 연향동,중상사고,0,1,0,0,차대사람 - 기타,안전운전불이행,건조,맑음,단일로 - 기타,개인형이동수단(PM),남,15세,상해없음,보행자,여,58세,중상
2023080400100515,2023년 8월 4일 18시,금요일,전라남도 화순군 화순읍,경상사고,0,0,3,0,차대차 - 측면충돌,교차로운행방법위반,건조,맑음,교차로 - 교차로부근,승용,여,25세,경상,승용,남,39세,경상
2023080400100584,2023년 8월 4일 20시,금요일,전라남도 강진군 대구면,경상사고,0,0,1,4,차대차 - 측면충돌,중앙선침범,건조,맑음,단일로 - 기타,승용,남,69세,상해없음,승합,남,40세,경상
2023080400100616,2023년 8월 4일 21시,금요일,전라남도 목포시 상동,경상사고,0,0,1,0,차대차 - 측면충돌,안전운전불이행,건조,맑음,교차로 - 교차로부근,승용,남,18세,상해없음,승용,남,58세,경상
2023080400100648,2023년 8월 4일 22시,금요일,전라남도 여수시 충무동,중상사고,0,1,0,0,차대사람 - 횡단중,안전운전불이행,건조,맑음,단일로 - 기타,승용,남,76세,상해없음,보행자,남,71세,중상
2023080400100671,2023년 8월 4일 23시,금요일,전라남도 목포시 죽교동,경상사고,0,0,1,0,차대차 - 후진중충돌,안전운전불이행,건조,기타,기타 - 기타,승용,남,67세,상해없음,승용,여,43세,경상
2023080500100051,2023년 8월 5일 05시,토요일,전라남도 무안군 삼향읍,경상사고,0,0,3,0,차대차 - 측면충돌,기타,건조,맑음,교차로 - 교차로안,승용,남,28세,상해없음,승용,남,24세,경상
2023080500100063,2023년 8월 5일 06시,토요일,전라남도 여수시 광무동,경상사고,0,0,3,0,차대차 - 측면충돌,교차로운행방법위반,건조,맑음,교차로 - 교차로안,승용,남,24세,경상,승용,남,24세,경상
2023080500100076,2023년 8월 5일 07시,토요일,전라남도 진도군 고군면,경상사고,0,0,2,0,차대차 - 정면충돌,중앙선침범,건조,맑음,단일로 - 기타,승용,남,44세,경상,화물,남,54세,경상
2023080500100099,2023년 8월 5일 08시,토요일,전라남도 영광군 대마면,경상사고,0,0,3,0,차대차 - 추돌,안전운전불이행,건조,맑음,단일로 - 기타,승용,남,65세,상해없음,승용,남,39세,경상
2023080500100131,2023년 8월 5일 09시,토요일,전라남도 목포시 연산동,경상사고,0,0,1,0,차대차 - 기타,신호위반,건조,맑음,교차로 - 교차로안,승용,남,75세,상해없음,승용,여,43세,경상
2023080500100132,2023년 8월 5일 09시,토요일,전라남도 순천시 남정동,경상사고,0,0,1,0,차대차 - 측면충돌,직진우회전진행방해,건조,맑음,교차로 - 교차로안,승용,남,28세,상해없음,승용,남,24세,경상
2023080500100133,2023년 8월 5일 09시,토요일,전라남도 고흥군 동강면,중상사고,0,1,0,0,차대사람 - 기타,안전운전불이행,건조,맑음,교차로 - 교차로안,승용,여,60세,기타불명,보행자,남,86세,중상
2023080500100134,2023년 8월 5일 09시,토요일,전라남도 해남군 현산면,경상사고,0,0,2,0,차대차 - 추돌,안전운전불이행,건조,맑음,교차로 - 교차로안,승용,남,72세,기타불명,승용,남,71세,경상
2023080500100172,2023년 8월 5일 10시,토요일,전라남도 강진군 성전면,중상사고,0,2,1,1,차대차 - 추돌,안전거리미확보,건조,맑음,단일로 - 기타,승용,남,72세,부상신고,승용,남,24세,중상
2023080500100207,2023년 8월 5일 11시,토요일,전라남도 장흥군 장흥읍,경상사고,0,0,2,0,차대차 - 측면충돌,안전운전불이행,건조,맑음,단일로 - 기타,승용,남,30세,경상,승용,남,62세,경상
2023080500100208,2023년 8월 5일 11시,토요일,전라남도 곡성군 석곡면,중상사고,0,1,0,0,차량단독 - 기타,안전운전불이행,건조,맑음,단일로 - 기타,승용,남,73세,상해없음,,,,
2023080500100209,2023년 8월 5일 11시,토요일,전라남도 광양시 광양읍,경상사고,0,0,2,1,차대차 - 기타,안전거리미확보,건조,맑음,단일로 - 기타,승용,여,53세,상해없음,화물,남,68세,경상
2023080500100246,2023년 8월 5일 12시,토요일,전라남도 나주시 경현동,경상사고,0,0,2,0,차대차 - 측면충돌,안전거리미확보,건조,맑음,단일로 - 기타,승용,남,55세,경상,화물,남,48세,경상
2023080500100247,2023년 8월 5일 12시,토요일,전라남도 담양군 담양읍,중상사고,0,1,0,0,차대사람 - 차도통행중,안전운전불이행,건조,맑음,교차로 - 교차로안,승용,여,71세,상해없음,보행자,여,70세,중상
2023080500100314,2023년 8월 5일 14시,토요일,전라남도 목포시 옥암동,경상사고,0,0,3,0,차대차 - 기타,안전거리미확보,건조,맑음,단일로 - 기타,승용,여,43세,경상,승용,남,20세,경상
2023080500100315,2023년 8월 5일 14시,토요일,전라남도 광양시 광양읍,중상사고,0,1,0,0,차대사람 - 차도통행중,안전운전불이행,건조,맑음,교차로 - 교차로부근,화물,여,51세,상해없음,보행자,남,84세,중상
2023080500100372,2023년 8월 5일 16시,토요일,전라남도 목포시 용당동,중상사고,0,1,0,0,차대사람 - 기타,안전운전불이행,건조,맑음,교차로 - 교차로부근,승용,남,41세,상해없음,보행자,여,65세,중상
2023080500100373,2023년 8월 5일 16시,토요일,전라남도 완도군 완도읍,경상사고,0,0,4,0,차대차 - 기타,직진우회전진행방해,건조,맑음,교차로 - 교차로안,화물,남,63세,상해없음,승용,남,72세,경상
2023080500100405,2023년 8월 5일 17시,토요일,전라남도 여수시 신기동,부상신고사고,0,0,0,1,차대사람 - 보도통행중,기타,건조,맑음,단일로 - 기타,개인형이동수단(PM),남,12세,기타불명,보행자,여,45세,부상신고
2023080500100406,2023년 8월 5일 17시,토요일,전라남도 순천시 저전동,경상사고,0,0,1,0,차대차 - 추돌,안전운전불이행,건조,맑음,교차로 - 교차로부근,승용,남,73세,상해없음,승용,남,67세,경상
2023080500100407,2023년 8월 5일 17시,토요일,전라남도 나주시 세지면,중상사고,0,1,0,0,차대차 - 정면충돌,안전운전불이행,건조,맑음,단일로 - 기타,원동기,남,71세,상해없음,이륜,남,85세,중상
2023080500100449,2023년 8월 5일 18시,토요일,전라남도 목포시 상동,경상사고,0,0,2,0,차대차 - 기타,안전운전불이행,건조,맑음,교차로 - 교차로안,승용,남,23세,상해없음,승용,남,20세,경상
2023080500100450,2023년 8월 5일 18시,토요일,전라남도 목포시 산정동,경상사고,0,0,2,0,차대차 - 기타,안전거리미확보,건조,맑음,단일로 - 기타,승용,남,79세,상해없음,승용,여,22세,경상
2023080500100451,2023년 8월 5일 18시,토요일,전라남도 순천시 조례동,경상사고,0,0,2,0,차대차 - 측면충돌,직진우회전진행방해,건조,맑음,교차로 - 교차로안,승용,남,51세,경상,승용,남,33세,경상
2023080500100495,2023년 8월 5일 19시,토요일,전라남도 목포시 상동,경상사고,0,0,1,0,차대차 - 측면충돌,안전운전불이행,건조,맑음,단일로 - 기타,화물,남,62세,상해없음,이륜,남,47세,경상
2023080500100496,2023년 8월 5일 19시,토요일,전라남도 화순군 화순읍,경상사고,0,0,1,0,차대사람 - 길가장자리구역통행중,안전운전불이행,건조,맑음,단일로 - 기타,승용,남,25세,상해없음,보행자,남,53세,경상
2023080500100497,2023년 8월 5일 19시,토요일,전라남도 담양군 봉산면,중상사고,0,1,0,0,차대차 - 측면충돌,중앙선침범,건조,맑음,단일로 - 기타,자전거,남,65세,중상,승용,남,85세,상해없음
2023080500100587,2023년 8월 5일 23시,토요일,전라남도 목포시 산정동,중상사고,0,1,2,0,차대차 - 측면충돌,중앙선침범,건조,맑음,단일로 - 기타,승용,남,21세,상해없음,승용,남,21세,경상
2023080600100008,2023년 8월 6일 00시,일요일,전라남도 순천시 해룡면,경상사고,0,0,4,0,차대차 - 추돌,기타,건조,흐림,단일로 - 기타,승용,남,34세,경상,승용,남,26세,경상
2023080600100069,2023년 8월 6일 07시,일요일,전라남도 여수시 소라면,경상사고,0,0,2,0,차대차 - 측면충돌,안전운전불이행,건조,맑음,교차로 - 교차로안,승합,남,63세,상해없음,승용,여,31세,경상
2023080600100103,2023년 8월 6일 09시,일요일,전라남도 완도군 보길면,사망사고,1,0,0,0,차대차 - 측면충돌,교차로운행방법위반,건조,맑음,교차로 - 교차로안,화물,여,52세,상해없음,이륜,남,83세,사망
2023080600100147,2023년 8월 6일 11시,일요일,전라남도 광양시 광양읍,경상사고,0,0,3,0,차대차 - 정면충돌,교차로운행방법위반,건조,맑음,교차로 - 교차로안,화물,남,57세,상해없음,승용,여,59세,경상
2023080600100176,2023년 8월 6일 12시,일요일,전라남도 장흥군 장흥읍,경상사고,0,0,1,0,차량단독 - 기타,안전운전불이행,건조,맑음,교차로 - 교차로부근,승용,남,36세,경상,,,,
2023080600100177,2023년 8월 6일 12시,일요일,전라남도 장흥군 장흥읍,경상사고,0,0,2,0,차대차 - 기타,직진우회전진행방해,건조,맑음,교차로 - 교차로안,승용,여,39세,경상,승용,여,52세,경상
2023080600100196,2023년 8월 6일 13시,일요일,전라남도 함평군 손불면,중상사고,0,2,0,0,차량단독 - 공작물충돌,안전운전불이행,건조,맑음,단일로 - 기타,승용,남,72세,중상,,,,
2023080600100253,2023년 8월 6일 15시,일요일,전라남도 순천시 풍덕동,경상사고,0,0,2,0,차대차 - 기타,안전운전불이행,건조,맑음,교차로 - 교차로부근,승용,여,36세,상해없음,승용,남,32세,경상
2023080600100254,2023년 8월 6일 15시,일요일,전라남도 강진군 성전면,경상사고,0,0,3,0,차대차 - 추돌,안전운전불이행,건조,맑음,교차로 - 교차로부근,승용,남,39세,상해없음,승용,남,43세,경상
2023080600100255,2023년 8월 6일 15시,일요일,전라남도 완도군 완도읍,경상사고,0,0,1,0,차대차 - 측면충돌,안전운전불이행,건조,맑음,단일로 - 기타,승용,남,66세,상해없음,승용,여,62세,경상
2023080600100286,2023년 8월 6일 16시,일요일,전라남도 영암군 금정면,경상사고,0,0,2,0,차대차 - 측면충돌,중앙선침범,건조,맑음,단일로 - 기타,승용,남,71세,경상,화물,남,65세,경상
2023080600100313,2023년 8월 6일 17시,일요일,전라남도 목포시 산정동,경상사고,0,0,1,0,차대차 - 후진중충돌,안전운전불이행,건조,맑음,교차로 - 교차로안,승용,남,54세,상해없음,승용,남,52세,경상
2023080600100314,2023년 8월 6일 17시,일요일,전라남도 영암군 삼호읍,중상사고,0,2,3,0,차대차 - 측면충돌,신호위반,건조,맑음,교차로 - 교차로안,승용,남,39세,경상,승용,남,50세,중상
2023080600100315,2023년 8월 6일 17시,일요일,전라남도 담양군 용면,경상사고,0,0,1,0,차대차 - 기타,안전운전불이행,건조,맑음,단일로 - 기타,화물,남,59세,상해없음,승용,남,48세,경상
2023080700100035,2023년 8월 7일 06시,월요일,전라남도 목포시 달동,경상사고,0,0,1,0,차대차 - 측면충돌,신호위반,건조,흐림,교차로 - 교차로부근,화물,남,44세,상해없음,승용,남,36세,경상
2023080700100036,2023년 8월 7일 06시,월요일,전라남도 목포시 상동,경상사고,0,0,1,0,차대차 - 측면충돌,신호위반,건조,맑음,교차로 - 교차로부근,화물,남,56세,상해없음,승용,남,50세,경상
2023080700100037,2023년 8월 7일 06시,월요일,전라남도 강진군 마량면,부상신고사고,0,0,0,1,차량단독 - 도로외이탈 - 추락,안전운전불이행,건조,맑음,단일로 - 기타,건설기계,남,44세,부상신고,,,,
2023080700100038,2023년 8월 7일 06시,월요일,전라남도 광양시 중동,경상사고,0,0,1,0,차대차 - 측면충돌,중앙선침범,건조,맑음,교차로 - 교차로부근,승용,남,26세,상해없음,승용,남,30세,경상
2023080700100057,2023년 8월 7일 07시,월요일,전라남도 담양군 대덕면,경상사고,0,0,1,0,차대차 - 추돌,안전운전불이행,건조,맑음,단일로 - 기타,승용,남,65세,상해없음,승용,여,46세,경상
2023080700100093,2023년 8월 7일 08시,월요일,전라남도 순천시 연향동,경상사고,0,0,1,0,차량단독 - 기타,안전운전불이행,건조,맑음,교차로 - 교차로안,사륜오토바이(ATV),남,83세,경상,,,,
2023080700100094,2023년 8월 7일 08시,월요일,전라남도 나주시 성북동,경상사고,0,0,3,0,차대차 - 측면충돌,직진우회전진행방해,건조,맑음,교차로 - 교차로안,화물,남,69세,상해없음,승합,남,64세,상해없음
2023080700100137,2023년 8월 7일 09시,월요일,전라남도 목포시 산정동,경상사고,0,0,1,0,차대사람 - 기타,안전운전불이행,건조,맑음,교차로 - 교차로부근,승용,여,42세,상해없음,보행자,남,75세,경상
2023080700100138,2023년 8월 7일 09시,월요일,전라남도 목포시 용당동,경상사고,0,0,2,0,차대차 - 측면충돌,신호위반,건조,맑음,교차로 - 교차로부근,승용,남,80세,상해없음,승용,남,22세,경상
2023080700100139,2023년 8월 7일 09시,월요일,전라남도 순천시 덕암동,경상사고,0,0,3,0,차대차 - 측면충돌,신호위반,건조,맑음,교차로 - 교차로안,승용,여,71세,상해없음,승용,여,32세,경상
2023080700100223,2023년 8월 7일 11시,월요일,전라남도 장흥군 장흥읍,사망사고,1,0,0,0,차량단독 - 공작물충돌,안전운전불이행,건조,맑음,주차장 - 주차장,화물,여,55세,사망,,,,
2023080700100260,2023년 8월 7일 12시,월요일,전라남도 해남군 해남읍,경상사고,0,0,2,0,차대차 - 측면충돌,신호위반,건조,맑음,교차로 - 교차로안,승합,남,73세,상해없음,화물,남,62세,경상
2023080700100291,2023년 8월 7일 13시,월요일,전라남도 강진군 군동면,경상사고,0,0,1,0,차량단독 - 공작물충돌,안전운전불이행,젖음/습기,비,단일로 - 기타,화물,여,62세,경상,,,,
2023080700100326,2023년 8월 7일 14시,월요일,전라남도 여수시 화정면,경상사고,0,0,3,0,차대차 - 측면충돌,신호위반,건조,맑음,교차로 - 교차로부근,승용,남,54세,기타불명,승용,남,30세,경상
2023080700100327,2023년 8월 7일 14시,월요일,전라남도 보성군 복내면,경상사고,0,0,3,0,차대차 - 측면충돌,직진우회전진행방해,건조,맑음,교차로 - 교차로안,승용,여,73세,경상,화물,남,70세,경상
2023080700100328,2023년 8월 7일 14시,월요일,전라남도 강진군 강진읍,사망사고,1,0,1,0,차대차 - 측면충돌,기타,젖음/습기,비,교차로 - 교차로안,승용,남,61세,경상,화물,남,60세,사망
2023080700100403,2023년 8월 7일 16시,월요일,전라남도 나주시 다시면,중상사고,0,1,2,0,차대차 - 측면충돌,신호위반,젖음/습기,비,교차로 - 교차로안,화물,남,69세,중상,화물,여,61세,경상
2023080700100404,2023년 8월 7일 16시,월요일,전라남도 진도군 군내면,중상사고,0,1,0,0,차량단독 - 공작물충돌,안전운전불이행,건조,흐림,단일로 - 기타,자전거,남,33세,중상,,,,
2023080700100446,2023년 8월 7일 17시,월요일,전라남도 함평군 월야면,중상사고,0,1,0,0,차량단독 - 기타,안전운전불이행,젖음/습기,비,단일로 - 기타,승용,남,58세,상해없음,,,,
2023080700100447,2023년 8월 7일 17시,월요일,전라남도 강진군 도암면,경상사고,0,0,1,0,차량단독 - 공작물충돌,안전운전불이행,젖음/습기,비,단일로 - 기타,승용,여,48세,경상,,,,
2023080700100448,2023년 8월 7일 17시,월요일,전라남도 구례군 구례읍,경상사고,0,0,2,0,차대차 - 측면충돌,교차로운행방법위반,건조,맑음,교차로 - 교차로안,승용,남,56세,경상,승용,남,66세,경상
2023080700100531,2023년 8월 7일 19시,월요일,전라남도 무안군 삼향읍,중상사고,0,1,0,0,차대사람 - 횡단중,보행자보호의무위반,건조,맑음,단일로 - 지하차도(도로)내,승합,남,27세,상해없음,보행자,여,81세,중상
2023080700100559,2023년 8월 7일 20시,월요일,전라남도 목포시 상동,경상사고,0,0,2,0,차대차 - 추돌,안전운전불이행,건조,기타,단일로 - 기타,승용,남,22세,상해없음,승용,남,49세,경상
2023080700100578,2023년 8월 7일 21시,월요일,전라남도 담양군 담양읍,경상사고,0,0,1,0,차대차 - 측면충돌,안전운전불이행,건조,맑음,교차로 - 교차로안,승용,남,56세,상해없음,이륜,남,39세,경상
2023080700100594,2023년 8월 7일 22시,월요일,전라남도 여수시 화양면,경상사고,0,0,1,0,차대차 - 정면충돌,중앙선침범,건조,맑음,단일로 - 기타,승용,남,64세,상해없음,승용,남,61세,경상
2023080700100595,2023년 8월 7일 22시,월요일,전라남도 순천시 해룡면,사망사고,1,0,1,0,차대차 - 기타,안전운전불이행,젖음/습기,기타,단일로 - 기타,화물,남,64세,상해없음,승용,남,27세,경상
2023080800100038,2023년 8월 8일 06시,화요일,전라남도 영암군 군서면,중상사고,0,1,2,0,차대차 - 측면충돌,교차로운행방법위반,젖음/습기,안개,교차로 - 교차로안,승용,남,84세,경상,화물,남,42세,경상
2023080800100059,2023년 8월 8일 07시,화요일,전라남도 여수시 돌산읍,경상사고,0,0,1,0,차대차 - 측면충돌,교차로운행방법위반,건조,맑음,교차로 - 교차로부근,화물,남,70세,상해없음,승용,여,24세,경상
2023080800100060,2023년 8월 8일 07시,화요일,전라남도 여수시 해산동,경상사고,0,0,1,0,차대차 - 기타,교차로운행방법위반,건조,맑음,교차로 - 교차로안,승용,여,44세,상해없음,자전거,남,51세,경상
2023080800100061,2023년 8월 8일 07시,화요일,전라남도 해남군 송지면,중상사고,0,1,0,0,차대차 - 정면충돌,안전운전불이행,건조,맑음,교차로 - 교차로안,개인형이동수단(PM),남,75세,기타불명,승합,남,66세,기타불명
2023080800100097,2023년 8월 8일 08시,화요일,전라남도 여수시 둔덕동,경상사고,0,0,1,0,차대차 - 후진중충돌,안전운전불이행,건조,맑음,기타 - 기타,특수,남,41세,상해없음,승용,남,62세,경상
2023080800100098,2023년 8월 8일 08시,화요일,전라남도 순천시 연향동,경상사고,0,0,2,0,차대차 - 기타,안전운전불이행,건조,맑음,교차로 - 교차로안,승용,남,65세,상해없음,승용,여,51세,경상
2023080800100138,2023년 8월 8일 09시,화요일,전라남도 목포시 대성동,경상사고,0,0,4,0,차대차 - 측면충돌,직진우회전진행방해,건조,맑음,교차로 - 교차로안,승용,남,60세,경상,화물,여,58세,경상
2023080800100139,2023년 8월 8일 09시,화요일,전라남도 여수시 선원동,경상사고,0,0,1,0,차대차 - 기타,교차로운행방법위반,건조,맑음,교차로 - 교차로안,승용,남,75세,상해없음,승용,여,28세,경상
2023080800100140,2023년 8월 8일 09시,화요일,전라남도 무안군 무안읍,중상사고,0,1,2,0,차대차 - 정면충돌,안전운전불이행,건조,맑음,단일로 - 기타,승용,여,39세,상해없음,화물,남,66세,경상
2023080800100170,2023년 8월 8일 10시,화요일,전라남도 순천시 조례동,중상사고,0,1,1,0,차대차 - 기타,직진우회전진행방해,건조,맑음,교차로 - 교차로안,승용,남,30세,상해없음,승용,남,25세,중상
2023080800100171,2023년 8월 8일 10시,화요일,전라남도 화순군 화순읍,경상사고,0,0,1,0,차대차 - 측면충돌,직진우회전진행방해,건조,맑음,교차로 - 교차로안,승용,남,44세,상해없음,승용,여,66세,경상
2023080800100204,2023년 8월 8일 11시,화요일,전라남도 목포시 호남동,경상사고,0,0,1,0,차대사람 - 기타,안전운전불이행,건조,맑음,기타 - 기타,승용,남,78세,상해없음,보행자,남,82세,경상
2023080800100205,2023년 8월 8일 11시,화요일,전라남도 여수시 학동,경상사고,0,0,1,2,차대차 - 추돌,안전거리미확보,건조,맑음,단일로 - 기타,화물,남,45세,상해없음,승용,여,57세,경상
2023080800100206,2023년 8월 8일 11시,화요일,전라남도 담양군 무정면,경상사고,0,0,1,0,차대차 - 측면충돌,직진우회전진행방해,건조,맑음,교차로 - 교차로안,승용,남,67세,상해없음,승용,여,49세,경상
2023080800100245,2023년 8월 8일 12시,화요일,전라남도 여수시 관문동,경상사고,0,0,1,0,차대차 - 측면충돌,교차로운행방법위반,건조,맑음,교차로 - 교차로안,승용,남,25세,상해없음,이륜,남,68세,경상
2023080800100246,2023년 8월 8일 12시,화요일,전라남도 무안군 삼향읍,경상사고,0,0,1,0,차대차 - 측면충돌,안전운전불이행,건조,맑음,교차로 - 교차로안,승용,여,45세,상해없음,승용,여,39세,경상
2023080800100284,2023년 8월 8일 13시,화요일,전라남도 강진군 강진읍,경상사고,0,0,1,0,차대차 - 후진중충돌,안전운전불이행,건조,맑음,단일로 - 기타,승용,여,36세,상해없음,승용,남,22세,경상
2023080800100367,2023년 8월 8일 15시,화요일,전라남도 장성군 진원면,경상사고,0,0,1,0,차대차 - 기타,차로위반,건조,맑음,단일로 - 기타,승합,남,47세,상해없음,화물,남,56세,경상
2023080800100576,2023년 8월 8일 21시,화요일,전라남도 진도군 고군면,경상사고,0,0,2,0,차대차 - 정면충돌,중앙선침범,건조,맑음,단일로 - 기타,승용,여,47세,경상,승용,여,20세,상해없음
2023080900100011,2023년 8월 9일 00시,수요일,전라남도 장흥군 장흥읍,경상사고,0,0,3,0,차대차 - 기타,안전운전불이행,건조,맑음,교차로 - 교차로안,승용,남,21세,경상,승용,여,19세,경상
2023080900100031,2023년 8월 9일 04시,수요일,전라남도 순천시 인월동,경상사고,0,0,1,0,차대차 - 측면충돌,안전거리미확보,건조,맑음,단일로 - 기타,화물,남,63세,상해없음,승용,남,58세,경상
2023080900100032,2023년 8월 9일 04시,수요일,전라남도 곡성군 곡성읍,경상사고,0,0,1,0,차대차 - 기타,안전운전불이행,건조,기타,단일로 - 기타,화물,남,59세,상해없음,승용,여,68세,경상
2023080900100089,2023년 8월 9일 08시,수요일,전라남도 순천시 덕암동,경상사고,0,0,1,0,차대차 - 기타,안전거리미확보,건조,흐림,단일로 - 기타,승용,여,54세,상해없음,승합,남,58세,경상
2023080900100131,2023년 8월 9일 09시,수요일,전라남도 무안군 해제면,사망사고,1,0,0,0,차대차 - 기타,안전운전불이행,건조,맑음,교차로 - 교차로안,화물,남,84세,상해없음,사륜오토바이(ATV),남,74세,사망
2023080900100165,2023년 8월 9일 10시,수요일,전라남도 여수시 화장동,중상사고,0,1,0,0,차대차 - 추돌,중앙선침범,젖음/습기,비,단일로 - 기타,화물,남,50세,기타불명,원동기,남,59세,중상
2023080900100166,2023년 8월 9일 10시,수요일,전라남도 여수시 평여동,경상사고,0,0,1,0,차대차 - 기타,안전운전불이행,젖음/습기,비,단일로 - 기타,특수,남,52세,상해없음,승용,남,51세,경상
2023080900100167,2023년 8월 9일 10시,수요일,전라남도 광양시 진월면,경상사고,0,0,1,0,차대차 - 측면충돌,신호위반,젖음/습기,비,교차로 - 교차로안,승합,남,70세,상해없음,특수,남,66세,경상
2023080900100193,2023년 8월 9일 11시,수요일,전라남도 여수시 둔덕동,경상사고,0,0,1,0,차대사람 - 기타,안전운전불이행,젖음/습기,비,단일로 - 기타,승용,남,22세,기타불명,보행자,남,25세,경상
2023080900100230,2023년 8월 9일 12시,수요일,전라남도 목포시 상동,경상사고,0,0,1,0,차대차 - 기타,안전운전불이행,건조,맑음,기타 - 기타,승용,남,58세,상해없음,이륜,남,32세,경상
2023080900100231,2023년 8월 9일 12시,수요일,전라남도 목포시 옥암동,중상사고,0,1,0,0,차대차 - 추돌,안전운전불이행,건조,맑음,단일로 - 기타,승용,여,41세,상해없음,승용,여,42세,중상
2023080900100232,2023년 8월 9일 12시,수요일,전라남도 여수시 중앙동,부상신고사고,0,0,0,1,차대사람 - 기타,안전운전불이행,젖음/습기,비,교차로 - 교차로부근,승용,여,22세,상해없음,보행자,남,9세,부상신고
2023080900100233,2023년 8월 9일 12시,수요일,전라남도 여수시 신덕동,경상사고,0,0,1,0,차대차 - 추돌,기타,젖음/습기,비,단일로 - 기타,승용,남,67세,기타불명,승용,여,33세,경상
2023080900100234,2023년 8월 9일 12시,수요일,전라남도 순천시 서면,중상사고,0,2,4,7,차대차 - 기타,중앙선침범,젖음/습기,비,단일로 - 기타,승합,남,65세,중상,승합,남,54세,경상
2023080900100235,2023년 8월 9일 12시,수요일,전라남도 고흥군 고흥읍,경상사고,0,0,1,0,차대차 - 측면충돌,안전운전불이행,젖음/습기,비,교차로 - 교차로부근,승용,남,70세,상해없음,승용,남,37세,경상
2023080900100236,2023년 8월 9일 12시,수요일,전라남도 광양시 황길동,경상사고,0,0,2,0,차대차 - 측면충돌,교차로운행방법위반,건조,맑음,교차로 - 교차로안,승용,남,23세,상해없음,승용,남,25세,경상