사고번호,사고일시,요일,시군구,사고내용,사망자수,중상자수,경상자수,부상신고자수,사고유형,법규위반,노면상태,기상상태,도로형태,가해운전자 차종,가해운전자 성별,가해운전자 연령,가해운전자 상해정도,피해운전자 차종,피해운전자 성별,피해운전자 연령,피해운전자 상해정도
2023081500100371,2023년 8월 15일 18시,화요일,전라남도 완도군 노화읍,경상사고,0,0,2,0,차대차 - 정면충돌,안전운전불이행,건조,맑음,단일로 - 기타,승용,남,53세,상해없음,승용,남,40세,경상
2023081500100372,2023년 8월 15일 18시,화요일,전라남도 무안군 삼향읍,중상사고,0,1,0,0,차대차 - 측면충돌,안전운전불이행,건조,맑음,단일로 - 기타,승용,남,59세,상해없음,승용,여,51세,중상
2023081500100392,2023년 8월 15일 19시,화요일,전라남도 강진군 강진읍,부상신고사고,0,0,0,1,차량단독 - 공작물충돌,안전운전불이행,건조,맑음,교차로 - 교차로안,농기계,남,72세,부상신고,,,,
2023081500100393,2023년 8월 15일 19시,화요일,전라남도 광양시 중동,경상사고,0,0,1,0,차대차 - 측면충돌,신호위반,건조,맑음,교차로 - 교차로안,승용,남,55세,상해없음,이륜,남,20세,경상
2023081500100440,2023년 8월 15일 21시,화요일,전라남도 순천시 서면,경상사고,0,0,8,0,차대차 - 측면충돌,안전운전불이행,건조,맑음,단일로 - 기타,승합,남,62세,상해없음,특수,남,58세,경상
2023081500100469,2023년 8월 15일 23시,화요일,전라남도 완도군 청산면,경상사고,0,0,2,0,차량단독 - 전도전복 - 전도,안전운전불이행,건조,맑음,단일로 - 기타,화물,남,26세,상해없음,,,,
2023081600100007,2023년 8월 16일 01시,수요일,전라남도 순천시 연향동,중상사고,0,1,0,0,차량단독 - 공작물충돌,안전운전불이행,건조,맑음,교차로 - 교차로부근,승용,남,49세,상해없음,,,,
2023081600100038,2023년 8월 16일 06시,수요일,전라남도 목포시 죽교동,경상사고,0,0,2,0,차대차 - 추돌,안전거리미확보,건조,맑음,단일로 - 고가도로위,이륜,남,48세,상해없음,승용,남,62세,경상
2023081600100039,2023년 8월 16일 06시,수요일,전라남도 목포시 죽교동,경상사고,0,0,2,0,차대차 - 기타,안전운전불이행,건조,맑음,단일로 - 교량,승용,남,45세,상해없음,화물,남,26세,경상
2023081600100053,2023년 8월 16일 07시,수요일,전라남도 나주시 빛가람동,경상사고,0,0,4,0,차대차 - 추돌,안전운전불이행,건조,맑음,교차로 - 교차로부근,승용,여,39세,경상,화물,남,48세,경상
2023081600100078,2023년 8월 16일 08시,수요일,전라남도 순천시 장천동,경상사고,0,0,3,0,차대차 - 기타,안전거리미확보,건조,맑음,교차로 - 교차로안,승합,남,49세,상해없음,승용,여,55세,경상
2023081600100079,2023년 8월 16일 08시,수요일,전라남도 무안군 무안읍,중상사고,0,1,0,0,차대사람 - 차도통행중,안전운전불이행,건조,맑음,교차로 - 교차로안,승용,여,30세,상해없음,보행자,여,85세,중상
2023081600100131,2023년 8월 16일 09시,수요일,전라남도 여수시 율촌면,경상사고,0,0,3,0,차대차 - 추돌,안전거리미확보,건조,맑음,기타 - 기타,승용,여,42세,상해없음,승용,여,53세,경상
2023081600100132,2023년 8월 16일 09시,수요일,전라남도 순천시 조례동,경상사고,0,0,2,0,차대차 - 측면충돌,안전운전불이행,건조,맑음,단일로 - 기타,승용,여,36세,경상,승용,남,69세,경상
2023081600100168,2023년 8월 16일 10시,수요일,전라남도 목포시 옥암동,경상사고,0,0,1,0,차대차 - 측면충돌,안전운전불이행,건조,맑음,교차로 - 교차로안,건설기계,남,59세,상해없음,승용,여,48세,경상
2023081600100169,2023년 8월 16일 10시,수요일,전라남도 목포시 산정동,경상사고,0,0,2,0,차대차 - 기타,신호위반,건조,맑음,교차로 - 교차로안,화물,여,74세,상해없음,승용,남,54세,경상
2023081600100170,2023년 8월 16일 10시,수요일,전라남도 광양시 광영동,중상사고,0,1,0,0,차대사람 - 차도통행중,안전운전불이행,건조,맑음,단일로 - 기타,승용,여,52세,상해없음,보행자,남,87세,중상
2023081600100203,2023년 8월 16일 11시,수요일,전라남도 여수시 미평동,경상사고,0,0,1,0,차대사람 - 횡단중,안전운전불이행,건조,맑음,교차로 - 교차로횡단보도내,승용,여,45세,상해없음,보행자,여,7세,경상
2023081600100204,2023년 8월 16일 11시,수요일,전라남도 영암군 영암읍,경상사고,0,0,2,0,차대차 - 측면충돌,안전거리미확보,건조,맑음,교차로 - 교차로부근,승용,여,55세,기타불명,화물,남,71세,경상
2023081600100318,2023년 8월 16일 14시,수요일,전라남도 해남군 해남읍,경상사고,0,0,1,0,차대차 - 정면충돌,중앙선침범,건조,맑음,단일로 - 기타,화물,남,58세,상해없음,승용,남,51세,경상
2023081600100319,2023년 8월 16일 14시,수요일,전라남도 광양시 광양읍,경상사고,0,0,1,0,차대차 - 기타,안전거리미확보,건조,맑음,단일로 - 기타,화물,남,40세,상해없음,이륜,남,28세,경상
2023081600100360,2023년 8월 16일 15시,수요일,전라남도 담양군 용면,중상사고,0,1,1,0,차대차 - 기타,안전운전불이행,건조,맑음,기타 - 기타,승용,여,67세,중상,화물,남,67세,기타불명
2023081600100390,2023년 8월 16일 16시,수요일,전라남도 화순군 화순읍,경상사고,0,0,2,0,차대차 - 측면충돌,교차로운행방법위반,건조,맑음,교차로 - 교차로안,승용,남,51세,상해없음,자전거,남,13세,경상
2023081600100439,2023년 8월 16일 17시,수요일,전라남도 장흥군 장흥읍,중상사고,0,1,0,0,차대차 - 기타,안전운전불이행,건조,맑음,교차로 - 교차로안,승용,여,23세,상해없음,자전거,여,76세,중상
2023081600100519,2023년 8월 16일 19시,수요일,전라남도 목포시 상동,경상사고,0,0,3,0,차대차 - 측면충돌,신호위반,건조,맑음,교차로 - 교차로부근,승용,남,64세,상해없음,승용,남,40세,경상
2023081700100008,2023년 8월 17일 00시,목요일,전라남도 여수시 선원동,경상사고,0,0,1,0,차대차 - 측면충돌,안전운전불이행,건조,맑음,교차로 - 교차로안,승용,여,39세,상해없음,원동기,남,19세,경상
2023081700100036,2023년 8월 17일 06시,목요일,전라남도 해남군 문내면,중상사고,0,1,0,0,차대차 - 측면충돌,기타,기타,안개,교차로 - 교차로안,승합,남,52세,상해없음,승용,여,71세,중상
2023081700100037,2023년 8월 17일 06시,목요일,전라남도 무안군 삼향읍,경상사고,0,0,1,0,차대차 - 추돌,안전운전불이행,건조,맑음,교차로 - 교차로부근,승용,여,32세,상해없음,승용,남,65세,경상
2023081700100057,2023년 8월 17일 07시,목요일,전라남도 화순군 화순읍,경상사고,0,0,1,0,차대차 - 측면충돌,신호위반,건조,맑음,교차로 - 교차로부근,승용,여,57세,상해없음,승용,남,40세,경상
2023081700100058,2023년 8월 17일 07시,목요일,전라남도 장성군 장성읍,경상사고,0,0,1,0,차대차 - 기타,직진우회전진행방해,건조,맑음,교차로 - 교차로안,원동기,남,27세,상해없음,승합,남,50세,상해없음
2023081700100119,2023년 8월 17일 09시,목요일,전라남도 목포시 용해동,경상사고,0,0,3,0,차대차 - 기타,안전운전불이행,건조,맑음,교차로 - 교차로안,이륜,여,41세,경상,승용,남,77세,경상
2023081700100120,2023년 8월 17일 09시,목요일,전라남도 함평군 신광면,부상신고사고,0,0,0,1,차대차 - 측면충돌,안전운전불이행,건조,맑음,단일로 - 기타,이륜,남,57세,부상신고,화물,남,67세,상해없음
2023081700100121,2023년 8월 17일 09시,목요일,전라남도 광양시 광영동,경상사고,0,0,1,0,차대사람 - 기타,안전운전불이행,건조,맑음,주차장 - 주차장,승용,여,52세,상해없음,보행자,남,65세,경상
2023081700100185,2023년 8월 17일 11시,목요일,전라남도 화순군 화순읍,중상사고,0,1,1,0,차대차 - 정면충돌,안전운전불이행,건조,맑음,단일로 - 기타,승용,남,82세,경상,승용,기타불명,미분류,기타불명
2023081700100260,2023년 8월 17일 13시,목요일,전라남도 신안군 암태면,경상사고,0,0,1,0,차대사람 - 기타,안전운전불이행,건조,맑음,기타 - 기타,승용,남,68세,상해없음,보행자,남,27세,경상
2023081700100292,2023년 8월 17일 14시,목요일,전라남도 해남군 옥천면,중상사고,0,1,0,0,차대차 - 측면충돌,교차로운행방법위반,건조,맑음,교차로 - 교차로안,승용,남,38세,기타불명,이륜,남,59세,중상
2023081700100358,2023년 8월 17일 16시,목요일,전라남도 광양시 중동,경상사고,0,0,4,0,차대차 - 측면충돌,신호위반,건조,맑음,교차로 - 교차로안,승용,남,67세,상해없음,승용,여,40세,경상
2023081700100392,2023년 8월 17일 17시,목요일,전라남도 영광군 법성면,중상사고,0,1,0,0,차대차 - 측면충돌,안전운전불이행,건조,맑음,교차로 - 교차로안,승용,여,58세,상해없음,이륜,남,63세,중상
2023081700100393,2023년 8월 17일 17시,목요일,전라남도 영암군 삼호읍,중상사고,0,1,0,0,차대차 - 측면충돌,직진우회전진행방해,건조,맑음,교차로 - 교차로안,승용,남,45세,상해없음,이륜,남,43세,중상
2023081700100394,2023년 8월 17일 17시,목요일,전라남도 광양시 마동,부상신고사고,0,0,0,1,차대차 - 정면충돌,직진우회전진행방해,건조,맑음,교차로 - 교차로안,승용,남,56세,상해없음,이륜,남,27세,부상신고
2023081700100429,2023년 8월 17일 18시,목요일,전라남도 목포시 산정동,경상사고,0,0,2,0,차대사람 - 기타,안전운전불이행,건조,맑음,단일로 - 기타,화물,남,59세,상해없음,보행자,여,46세,경상
2023081700100430,2023년 8월 17일 18시,목요일,전라남도 강진군 신전면,경상사고,0,0,1,0,차대차 - 정면충돌,안전운전불이행,건조,맑음,단일로 - 기타,승용,여,68세,경상,승용,남,34세,상해없음
2023081700100473,2023년 8월 17일 19시,목요일,전라남도 장성군 장성읍,경상사고,0,0,3,0,차대차 - 기타,안전운전불이행,건조,맑음,교차로 - 교차로부근,승용,여,23세,경상,승용,남,39세,경상
2023081700100525,2023년 8월 17일 21시,목요일,전라남도 여수시 소라면,경상사고,0,0,1,0,차대차 - 기타,교차로운행방법위반,건조,맑음,교차로 - 교차로안,승용,남,20세,상해없음,이륜,남,30세,경상
2023081800100140,2023년 8월 18일 09시,금요일,전라남도 목포시 용해동,경상사고,0,0,1,0,차대차 - 측면충돌,신호위반,건조,맑음,교차로 - 교차로안,승용,남,66세,상해없음,승용,여,54세,기타불명
2023081800100141,2023년 8월 18일 09시,금요일,전라남도 목포시 상동,경상사고,0,0,4,0,차대차 - 측면충돌,신호위반,건조,맑음,교차로 - 교차로안,승용,남,74세,기타불명,승용,여,68세,경상
2023081800100142,2023년 8월 18일 09시,금요일,전라남도 순천시 인제동,경상사고,0,0,1,0,차대차 - 측면충돌,안전운전불이행,건조,맑음,단일로 - 기타,승용,남,50세,상해없음,승용,남,27세,경상
2023081800100182,2023년 8월 18일 10시,금요일,전라남도 목포시 옥암동,경상사고,0,0,1,0,차대차 - 후진중충돌,안전운전불이행,건조,맑음,단일로 - 기타,승용,남,57세,상해없음,승용,남,46세,경상
2023081800100183,2023년 8월 18일 10시,금요일,전라남도 여수시 서교동,중상사고,0,1,0,0,차대사람 - 차도통행중,안전운전불이행,건조,맑음,기타 - 기타,승용,여,59세,상해없음,보행자,남,74세,중상
2023081800100184,2023년 8월 18일 10시,금요일,전라남도 완도군 청산면,중상사고,0,1,0,0,차대사람 - 횡단중,안전운전불이행,건조,맑음,교차로 - 교차로부근,화물,남,78세,상해없음,보행자,여,81세,중상
2023081800100223,2023년 8월 18일 11시,금요일,전라남도 보성군 벌교읍,경상사고,0,0,1,0,차대차 - 측면충돌,안전운전불이행,건조,맑음,교차로 - 교차로안,화물,남,79세,상해없음,승용,남,64세,경상
2023081800100224,2023년 8월 18일 11시,금요일,전라남도 신안군 도초면,중상사고,0,1,0,0,차대차 - 기타,중앙선침범,건조,맑음,단일로 - 기타,화물,남,34세,상해없음,이륜,남,85세,중상
2023081800100254,2023년 8월 18일 12시,금요일,전라남도 여수시 중흥동,경상사고,0,0,4,0,차대차 - 측면충돌,안전운전불이행,건조,맑음,교차로 - 교차로부근,건설기계,남,62세,상해없음,승용,남,44세,경상
2023081800100255,2023년 8월 18일 12시,금요일,전라남도 보성군 복내면,중상사고,0,1,0,0,차대차 - 측면충돌,안전운전불이행,건조,맑음,단일로 - 기타,화물,남,63세,상해없음,자전거,남,67세,중상
2023081800100288,2023년 8월 18일 13시,금요일,전라남도 담양군 창평면,중상사고,0,1,0,0,차대사람 - 횡단중,안전운전불이행,건조,맑음,단일로 - 기타,원동기,남,64세,상해없음,보행자,여,57세,중상
2023081800100391,2023년 8월 18일 16시,금요일,전라남도 진도군 지산면,경상사고,0,0,1,0,차대차 - 측면충돌,안전운전불이행,건조,맑음,교차로 - 교차로안,사륜오토바이(ATV),남,53세,경상,승용,남,57세,상해없음
2023081800100448,2023년 8월 18일 17시,금요일,전라남도 여수시 상암동,경상사고,0,0,1,0,차대차 - 측면충돌,신호위반,건조,맑음,교차로 - 교차로부근,승용,남,66세,상해없음,승용,여,31세,경상
2023081800100449,2023년 8월 18일 17시,금요일,전라남도 여수시 봉산동,경상사고,0,0,1,0,차대차 - 측면충돌,차로위반,건조,맑음,기타 - 기타,승용,남,54세,기타불명,화물,남,33세,경상
2023081800100498,2023년 8월 18일 18시,금요일,전라남도 나주시 성북동,경상사고,0,0,4,0,차대차 - 추돌,안전운전불이행,건조,맑음,교차로 - 교차로부근,화물,남,42세,경상,승용,남,53세,경상
2023081800100499,2023년 8월 18일 18시,금요일,전라남도 나주시 세지면,경상사고,0,0,1,0,차대차 - 측면충돌,중앙선침범,건조,맑음,단일로 - 기타,승용,남,64세,상해없음,승용,남,29세,경상
2023081800100500,2023년 8월 18일 18시,금요일,전라남도 강진군 신전면,중상사고,0,1,0,0,차대사람 - 기타,안전운전불이행,건조,맑음,단일로 - 기타,화물,남,64세,상해없음,보행자,여,58세,중상
2023081800100545,2023년 8월 18일 19시,금요일,전라남도 영광군 염산면,중상사고,0,1,0,0,차대차 - 추돌,안전운전불이행,건조,맑음,단일로 - 기타,승용,남,76세,상해없음,농기계,남,68세,중상
2023081800100619,2023년 8월 18일 21시,금요일,전라남도 여수시 문수동,경상사고,0,0,1,0,차대차 - 측면충돌,안전운전불이행,건조,맑음,단일로 - 기타,승용,남,53세,상해없음,승용,남,50세,기타불명
2023081800100661,2023년 8월 18일 23시,금요일,전라남도 목포시 연산동,중상사고,0,1,1,0,차대차 - 추돌,안전운전불이행,건조,맑음,단일로 - 기타,화물,남,52세,상해없음,승합,남,50세,경상
2023081900100019,2023년 8월 19일 01시,토요일,전라남도 광양시 중동,경상사고,0,0,4,0,차대차 - 측면충돌,안전운전불이행,건조,맑음,교차로 - 교차로안,승용,여,70세,상해없음,승용,여,30세,경상
2023081900100067,2023년 8월 19일 06시,토요일,전라남도 영암군 삼호읍,사망사고,2,0,0,0,차대차 - 측면충돌,안전운전불이행,건조,맑음,교차로 - 교차로안,승용,남,25세,상해없음,원동기,남,63세,사망
2023081900100084,2023년 8월 19일 08시,토요일,전라남도 순천시 서면,중상사고,0,1,1,0,차대차 - 측면충돌,안전운전불이행,건조,맑음,단일로 - 기타,건설기계,남,54세,경상,승용,여,75세,기타불명
2023081900100107,2023년 8월 19일 09시,토요일,전라남도 나주시 다시면,경상사고,0,0,2,0,차대차 - 후진중충돌,안전운전불이행,건조,맑음,단일로 - 기타,승용,남,67세,상해없음,승용,남,63세,경상
2023081900100141,2023년 8월 19일 10시,토요일,전라남도 여수시 여서동,경상사고,0,0,1,0,차대차 - 측면충돌,안전운전불이행,건조,맑음,단일로 - 기타,승용,남,54세,상해없음,승용,남,41세,경상
2023081900100170,2023년 8월 19일 11시,토요일,전라남도 완도군 완도읍,경상사고,0,0,2,0,차대차 - 측면충돌,안전운전불이행,건조,맑음,단일로 - 기타,승용,여,67세,상해없음,승용,남,56세,경상
2023081900100216,2023년 8월 19일 12시,토요일,전라남도 목포시 연산동,경상사고,0,0,2,0,차대차 - 기타,안전거리미확보,건조,맑음,단일로 - 기타,승용,남,30세,상해없음,승용,여,49세,경상
2023081900100217,2023년 8월 19일 12시,토요일,전라남도 여수시 국동,경상사고,0,0,1,0,차대차 - 기타,안전운전불이행,건조,맑음,교차로 - 교차로안,화물,남,30세,기타불명,이륜,남,46세,경상
2023081900100250,2023년 8월 19일 13시,토요일,전라남도 곡성군 곡성읍,경상사고,0,0,1,0,차대차 - 측면충돌,안전운전불이행,건조,맑음,교차로 - 교차로부근,승용,남,66세,상해없음,승용,남,42세,경상
2023081900100282,2023년 8월 19일 14시,토요일,전라남도 순천시 연향동,중상사고,0,1,1,0,차대차 - 기타,안전운전불이행,건조,맑음,교차로 - 교차로안,화물,남,64세,상해없음,개인형이동수단(PM),남,15세,경상
2023081900100343,2023년 8월 19일 16시,토요일,전라남도 무안군 일로읍,경상사고,0,0,3,0,차대차 - 기타,안전운전불이행,건조,맑음,교차로 - 교차로부근,승용,남,73세,상해없음,화물,남,47세,경상
2023081900100419,2023년 8월 19일 18시,토요일,전라남도 여수시 학동,경상사고,0,0,2,0,차대차 - 기타,차로위반,건조,맑음,기타 - 기타,승용,여,56세,기타불명,승용,남,32세,경상
2023081900100511,2023년 8월 19일 22시,토요일,전라남도 해남군 해남읍,경상사고,0,0,1,0,차대차 - 측면충돌,안전운전불이행,건조,맑음,교차로 - 교차로안,승용,여,43세,기타불명,자전거,남,8세,경상
2023082000100004,2023년 8월 20일 00시,일요일,전라남도 나주시 남외동,경상사고,0,0,4,0,차대차 - 추돌,안전운전불이행,건조,맑음,교차로 - 교차로부근,승용,여,48세,상해없음,승합,남,42세,경상
2023082000100057,2023년 8월 20일 07시,일요일,전라남도 목포시 상동,중상사고,0,1,0,0,차대사람 - 차도통행중,안전운전불이행,건조,맑음,교차로 - 교차로부근,화물,남,62세,상해없음,보행자,여,55세,중상
2023082000100058,2023년 8월 20일 07시,일요일,전라남도 순천시 승주읍,중상사고,0,1,0,0,차대차 - 기타,기타,건조,맑음,교차로 - 교차로안,승용,여,62세,상해없음,자전거,남,37세,중상
2023082000100059,2023년 8월 20일 07시,일요일,전라남도 순천시 해룡면,중상사고,0,1,2,0,차대차 - 측면충돌,기타,건조,맑음,교차로 - 교차로안,화물,남,24세,경상,승용,남,57세,중상
2023082000100076,2023년 8월 20일 09시,일요일,전라남도 해남군 삼산면,중상사고,0,1,0,0,차대차 - 추돌,안전운전불이행,건조,맑음,단일로 - 기타,승용,남,69세,상해없음,자전거,남,16세,중상
2023082000100111,2023년 8월 20일 11시,일요일,전라남도 여수시 돌산읍,중상사고,0,1,3,0,차대차 - 추돌,직진우회전진행방해,건조,맑음,교차로 - 교차로안,승용,남,25세,기타불명,승용,남,32세,경상
2023082000100112,2023년 8월 20일 11시,일요일,전라남도 곡성군 죽곡면,중상사고,0,1,2,0,차대차 - 추돌,중앙선침범,건조,맑음,단일로 - 기타,승용,여,48세,경상,승용,여,57세,중상
2023082000100113,2023년 8월 20일 11시,일요일,전라남도 신안군 하의면,사망사고,1,0,1,0,차량단독 - 공작물충돌,안전운전불이행,건조,맑음,단일로 - 기타,화물,남,62세,사망,,,,
2023082000100143,2023년 8월 20일 12시,일요일,전라남도 여수시 웅천동,경상사고,0,0,3,0,차대차 - 추돌,안전운전불이행,건조,맑음,교차로 - 교차로부근,승용,남,58세,상해없음,승용,여,38세,경상
2023082000100144,2023년 8월 20일 12시,일요일,전라남도 해남군 산이면,경상사고,0,0,4,0,차대차 - 측면충돌,교차로운행방법위반,건조,맑음,교차로 - 교차로안,사륜오토바이(ATV),여,68세,경상,화물,남,41세,경상
2023082000100173,2023년 8월 20일 13시,일요일,전라남도 담양군 담양읍,경상사고,0,0,1,0,차대사람 - 차도통행중,안전운전불이행,건조,맑음,단일로 - 기타,승용,여,65세,상해없음,보행자,남,46세,경상
2023082000100205,2023년 8월 20일 14시,일요일,전라남도 장성군 삼계면,경상사고,0,0,1,0,차대차 - 측면충돌,신호위반,건조,맑음,교차로 - 교차로안,승용,남,73세,상해없음,승용,남,45세,상해없음
2023082000100240,2023년 8월 20일 15시,일요일,전라남도 완도군 금일읍,사망사고,1,0,0,0,차대차 - 기타,안전운전불이행,건조,맑음,단일로 - 기타,화물,남,64세,상해없음,화물,남,82세,사망
2023082000100267,2023년 8월 20일 16시,일요일,전라남도 여수시 율촌면,경상사고,0,0,2,0,차대차 - 추돌,직진우회전진행방해,건조,맑음,교차로 - 교차로안,승용,남,49세,기타불명,승용,여,59세,경상
2023082000100269,2023년 8월 20일 16시,일요일,전라남도 해남군 삼산면,경상사고,0,0,2,0,차대차 - 추돌,안전운전불이행,건조,맑음,단일로 - 기타,승용,남,62세,상해없음,승용,남,58세,경상
2023082000100322,2023년 8월 20일 18시,일요일,전라남도 여수시 공화동,중상사고,0,1,0,0,차대사람 - 기타,안전운전불이행,건조,맑음,단일로 - 기타,승합,남,60세,상해없음,보행자,여,80세,중상
2023082000100323,2023년 8월 20일 18시,일요일,전라남도 순천시 해룡면,부상신고사고,0,0,0,1,차대차 - 기타,직진우회전진행방해,건조,맑음,교차로 - 교차로안,이륜,남,35세,부상신고,승용,여,40세,상해없음
2023082000100343,2023년 8월 20일 19시,일요일,전라남도 목포시 상동,경상사고,0,0,1,0,차대차 - 기타,안전운전불이행,건조,맑음,단일로 - 기타,승용,남,61세,상해없음,개인형이동수단(PM),남,16세,경상
2023082000100344,2023년 8월 20일 19시,일요일,전라남도 장흥군 장동면,경상사고,0,0,1,0,차량단독 - 공작물충돌,안전운전불이행,건조,맑음,단일로 - 기타,화물,남,55세,경상,,,,
2023082000100373,2023년 8월 20일 20시,일요일,전라남도 장흥군 장흥읍,경상사고,0,0,1,0,차대사람 - 차도통행중,안전운전불이행,건조,맑음,교차로 - 교차로안,승용,여,32세,상해없음,보행자,남,43세,경상
2023082000100393,2023년 8월 20일 21시,일요일,전라남도 강진군 강진읍,경상사고,0,0,1,0,차대차 - 추돌,안전거리미확보,건조,맑음,교차로 - 교차로부근,승용,남,40세,상해없음,승용,남,57세,경상
2023082100100005,2023년 8월 21일 00시,월요일,전라남도 목포시 해안동1가,경상사고,0,0,1,0,차대차 - 기타,안전운전불이행,건조,맑음,기타 - 기타,이륜,남,83세,상해없음,이륜,남,36세,경상
2023082100100032,2023년 8월 21일 05시,월요일,전라남도 목포시 경동2가,중상사고,0,2,0,0,차대차 - 측면충돌,교차로운행방법위반,건조,맑음,교차로 - 교차로안,승용,남,62세,중상,화물,남,56세,중상
2023082100100033,2023년 8월 21일 05시,월요일,전라남도 함평군 학교면,부상신고사고,0,0,0,1,차대차 - 정면충돌,중앙선침범,건조,맑음,단일로 - 기타,이륜,남,59세,부상신고,승합,남,66세,상해없음
2023082100100045,2023년 8월 21일 06시,월요일,전라남도 목포시 상동,경상사고,0,0,2,0,차대차 - 측면충돌,안전운전불이행,건조,맑음,기타 - 기타,승용,여,21세,경상,승용,남,43세,경상
2023082100100046,2023년 8월 21일 06시,월요일,전라남도 무안군 무안읍,경상사고,0,0,1,0,차대사람 - 기타,안전운전불이행,건조,맑음,교차로 - 교차로부근,화물,남,59세,상해없음,보행자,남,67세,경상
2023082100100070,2023년 8월 21일 07시,월요일,전라남도 순천시 조례동,경상사고,0,0,1,0,차대차 - 기타,신호위반,건조,맑음,교차로 - 교차로안,승용,여,49세,상해없음,승용,남,26세,경상
2023082100100071,2023년 8월 21일 07시,월요일,전라남도 나주시 금천면,경상사고,0,0,1,0,차대차 - 측면충돌,안전운전불이행,건조,맑음,단일로 - 기타,농기계,남,79세,경상,특수,남,45세,상해없음
2023082100100072,2023년 8월 21일 07시,월요일,전라남도 화순군 도곡면,경상사고,0,0,1,0,차대차 - 측면충돌,신호위반,건조,맑음,교차로 - 교차로안,승용,여,64세,상해없음,승용,남,45세,경상
2023082100100073,2023년 8월 21일 07시,월요일,전라남도 담양군 담양읍,사망사고,1,0,0,0,차대차 - 기타,기타,건조,맑음,교차로 - 교차로안,승용,여,52세,상해없음,자전거,남,65세,사망
2023082100100102,2023년 8월 21일 08시,월요일,전라남도 목포시 석현동,경상사고,0,0,1,0,차대차 - 측면충돌,안전운전불이행,건조,맑음,기타 - 기타,승용,여,49세,상해없음,승용,남,64세,경상
2023082100100103,2023년 8월 21일 08시,월요일,전라남도 광양시 중동,경상사고,0,0,1,1,차대차 - 측면충돌,직진우회전진행방해,건조,맑음,교차로 - 교차로안,승용,여,36세,부상신고,승용,여,45세,경상
2023082100100151,2023년 8월 21일 09시,월요일,전라남도 광양시 황길동,경상사고,0,0,1,0,차대차 - 기타,교차로운행방법위반,건조,맑음,교차로 - 교차로안,승합,남,74세,상해없음,화물,남,69세,상해없음
2023082100100192,2023년 8월 21일 10시,월요일,전라남도 여수시 학동,경상사고,0,0,1,0,차대차 - 측면충돌,교차로운행방법위반,건조,맑음,교차로 - 교차로안,승용,여,73세,기타불명,승용,남,28세,경상
2023082100100225,2023년 8월 21일 11시,월요일,전라남도 목포시 상동,경상사고,0,0,1,0,차대사람 - 기타,안전운전불이행,건조,맑음,주차장 - 주차장,승용,여,66세,상해없음,보행자,남,60세,경상
2023082100100226,2023년 8월 21일 11시,월요일,전라남도 고흥군 도양읍,중상사고,0,3,0,0,차대차 - 추돌,안전운전불이행,건조,맑음,단일로 - 기타,화물,남,68세,상해없음,승용,남,48세,중상
2023082100100269,2023년 8월 21일 12시,월요일,전라남도 순천시 장천동,중상사고,0,1,0,0,차대사람 - 횡단중,신호위반,건조,맑음,교차로 - 교차로부근,승용,남,61세,상해없음,보행자,남,40세,중상
2023082100100270,2023년 8월 21일 12시,월요일,전라남도 나주시 남평읍,경상사고,0,0,1,0,차대차 - 후진중충돌,안전운전불이행,건조,맑음,단일로 - 기타,승용,남,61세,상해없음,승용,여,41세,경상
2023082100100339,2023년 8월 21일 14시,월요일,전라남도 목포시 산정동,경상사고,0,0,3,0,차대차 - 측면충돌,중앙선침범,건조,맑음,교차로 - 교차로부근,승용,여,55세,상해없음,승용,남,41세,경상
2023082100100340,2023년 8월 21일 14시,월요일,전라남도 나주시 남평읍,경상사고,0,0,1,0,차대차 - 측면충돌,신호위반,건조,맑음,교차로 - 교차로안,승용,남,19세,상해없음,승용,여,67세,경상
2023082100100370,2023년 8월 21일 15시,월요일,전라남도 나주시 중앙동,경상사고,0,0,1,0,차대차 - 추돌,안전운전불이행,건조,맑음,단일로 - 기타,승용,남,65세,상해없음,승용,남,31세,경상
2023082100100408,2023년 8월 21일 16시,월요일,전라남도 여수시 덕충동,중상사고,0,1,0,0,차대사람 - 차도통행중,안전운전불이행,건조,맑음,교차로 - 교차로안,승용,여,41세,상해없음,보행자,여,77세,중상
2023082100100409,2023년 8월 21일 16시,월요일,전라남도 광양시 중동,경상사고,0,0,1,0,차대사람 - 횡단중,안전운전불이행,건조,맑음,교차로 - 교차로횡단보도내,승용,남,26세,기타불명,보행자,여,9세,경상
2023082100100450,2023년 8월 21일 17시,월요일,전라남도 곡성군 겸면,경상사고,0,0,1,0,차량단독 - 도로외이탈 - 추락,안전운전불이행,건조,맑음,기타 - 기타,이륜,남,72세,상해없음,,,,
2023082100100451,2023년 8월 21일 17시,월요일,전라남도 광양시 광양읍,중상사고,0,1,0,0,차대차 - 측면충돌,신호위반,건조,맑음,교차로 - 교차로횡단보도내,이륜,남,75세,중상,승용,남,28세,상해없음
2023082100100452,2023년 8월 21일 17시,월요일,전라남도 구례군 구례읍,경상사고,0,0,4,0,차대차 - 측면충돌,안전운전불이행,건조,맑음,단일로 - 기타,승용,여,59세,경상,승용,남,27세,경상
2023082100100501,2023년 8월 21일 18시,월요일,전라남도 고흥군 고흥읍,중상사고,0,1,0,0,차대차 - 기타,교차로운행방법위반,건조,맑음,기타 - 기타,화물,남,67세,상해없음,자전거,남,16세,중상