사고번호,사고일시,요일,시군구,사고내용,사망자수,중상자수,경상자수,부상신고자수,사고유형,법규위반,노면상태,기상상태,도로형태,가해운전자 차종,가해운전자 성별,가해운전자 연령,가해운전자 상해정도,피해운전자 차종,피해운전자 성별,피해운전자 연령,피해운전자 상해정도
2023090500100474,2023년 9월 5일 17시,화요일,전라남도 여수시 웅천동,경상사고,0,0,1,0,차대차 - 추돌,안전운전불이행,건조,맑음,교차로 - 교차로부근,승용,남,40세,상해없음,승용,여,51세,경상
2023090500100475,2023년 9월 5일 17시,화요일,전라남도 곡성군 곡성읍,경상사고,0,0,3,0,차대차 - 기타,안전운전불이행,건조,맑음,교차로 - 교차로안,승용,여,57세,경상,승용,남,31세,경상
2023090500100476,2023년 9월 5일 17시,화요일,전라남도 광양시 광영동,중상사고,0,1,0,0,차대사람 - 보도통행중,안전운전불이행,건조,맑음,기타 - 기타,승용,여,60세,상해없음,보행자,여,65세,중상
2023090500100477,2023년 9월 5일 17시,화요일,전라남도 구례군 구례읍,경상사고,0,0,2,0,차대차 - 기타,안전운전불이행,건조,맑음,단일로 - 기타,승용,남,76세,상해없음,승합,남,56세,상해없음
2023090500100524,2023년 9월 5일 18시,화요일,전라남도 목포시 용당동,경상사고,0,0,1,0,차대차 - 기타,교차로운행방법위반,건조,맑음,교차로 - 교차로안,화물,남,68세,상해없음,승용,남,45세,경상
2023090500100525,2023년 9월 5일 18시,화요일,전라남도 나주시 산포면,경상사고,0,0,1,0,차대차 - 측면충돌,기타,건조,맑음,교차로 - 교차로안,이륜,남,42세,상해없음,승용,남,26세,경상
2023090500100574,2023년 9월 5일 19시,화요일,전라남도 목포시 산정동,경상사고,0,0,2,0,차대차 - 측면충돌,차로위반,건조,맑음,단일로 - 기타,화물,남,64세,상해없음,승용,남,32세,경상
2023090500100608,2023년 9월 5일 20시,화요일,전라남도 여수시 공화동,경상사고,0,0,1,0,차대차 - 측면충돌,신호위반,건조,맑음,교차로 - 교차로안,화물,남,68세,상해없음,승용,여,27세,경상
2023090500100631,2023년 9월 5일 21시,화요일,전라남도 나주시 빛가람동,경상사고,0,0,1,0,차대차 - 측면충돌,신호위반,건조,맑음,교차로 - 교차로안,승용,여,24세,상해없음,승용,남,42세,경상
2023090500100649,2023년 9월 5일 22시,화요일,전라남도 무안군 삼향읍,경상사고,0,0,1,0,차대차 - 측면충돌,교차로운행방법위반,건조,맑음,교차로 - 교차로횡단보도내,승용,남,50세,기타불명,자전거,남,28세,경상
2023090500100650,2023년 9월 5일 22시,화요일,전라남도 여수시 선원동,경상사고,0,0,1,0,차대차 - 기타,안전운전불이행,건조,맑음,교차로 - 교차로부근,승용,여,49세,기타불명,승용,여,26세,경상
2023090500100665,2023년 9월 5일 23시,화요일,전라남도 나주시 남평읍,경상사고,0,0,2,0,차대차 - 측면충돌,신호위반,건조,맑음,교차로 - 교차로안,승용,여,54세,상해없음,승용,남,57세,경상
2023090600100015,2023년 9월 6일 01시,수요일,전라남도 광양시 마동,중상사고,0,1,0,0,차량단독 - 공작물충돌,안전운전불이행,건조,맑음,교차로 - 교차로안,승용,여,53세,중상,,,,
2023090600100069,2023년 9월 6일 07시,수요일,전라남도 목포시 상동,경상사고,0,0,1,0,차대차 - 기타,안전운전불이행,건조,맑음,교차로 - 교차로부근,화물,남,57세,상해없음,승용,남,31세,경상
2023090600100070,2023년 9월 6일 07시,수요일,전라남도 나주시 이창동,경상사고,0,0,4,0,차대차 - 측면충돌,직진우회전진행방해,건조,맑음,교차로 - 교차로안,승용,남,48세,경상,승용,남,25세,경상
2023090600100072,2023년 9월 6일 07시,수요일,전라남도 광양시 금호동,경상사고,0,0,1,0,차대차 - 기타,직진우회전진행방해,건조,맑음,교차로 - 교차로안,승용,남,45세,상해없음,승용,여,35세,경상
2023090600100121,2023년 9월 6일 08시,수요일,전라남도 목포시 산정동,경상사고,0,0,1,0,차대사람 - 기타,기타,건조,맑음,단일로 - 기타,승용,남,67세,상해없음,보행자,여,82세,경상
2023090600100122,2023년 9월 6일 08시,수요일,전라남도 화순군 화순읍,경상사고,0,0,1,0,차대차 - 측면충돌,직진우회전진행방해,건조,맑음,교차로 - 교차로안,승용,여,43세,기타불명,승용,여,45세,경상
2023090600100123,2023년 9월 6일 08시,수요일,전라남도 함평군 대동면,경상사고,0,0,2,0,차대차 - 기타,안전운전불이행,건조,맑음,단일로 - 기타,승용,여,38세,경상,승용,여,45세,경상
2023090600100124,2023년 9월 6일 08시,수요일,전라남도 영암군 군서면,중상사고,0,2,2,0,차대차 - 측면충돌,직진우회전진행방해,건조,맑음,교차로 - 교차로안,승용,여,43세,기타불명,승용,남,50세,중상
2023090600100125,2023년 9월 6일 08시,수요일,전라남도 신안군 압해읍,경상사고,0,0,3,0,차대차 - 추돌,안전운전불이행,건조,맑음,단일로 - 기타,승합,남,38세,상해없음,화물,남,42세,경상
2023090600100164,2023년 9월 6일 09시,수요일,전라남도 여수시 화장동,경상사고,0,0,1,0,차대사람 - 차도통행중,교차로운행방법위반,건조,맑음,교차로 - 교차로안,화물,남,30세,상해없음,보행자,여,84세,경상
2023090600100191,2023년 9월 6일 10시,수요일,전라남도 강진군 군동면,경상사고,0,0,1,0,차대차 - 측면충돌,안전운전불이행,건조,맑음,단일로 - 기타,승용,남,36세,상해없음,자전거,여,72세,경상
2023090600100192,2023년 9월 6일 10시,수요일,전라남도 구례군 광의면,중상사고,0,2,0,0,차대차 - 정면충돌,교차로운행방법위반,건조,맑음,기타 - 기타,화물,남,36세,상해없음,사륜오토바이(ATV),남,88세,중상
2023090600100214,2023년 9월 6일 11시,수요일,전라남도 영광군 영광읍,중상사고,0,1,0,0,차대사람 - 횡단중,안전운전불이행,건조,맑음,단일로 - 기타,승용,남,74세,상해없음,보행자,여,81세,중상
2023090600100215,2023년 9월 6일 11시,수요일,전라남도 광양시 마동,경상사고,0,0,4,0,차대차 - 추돌,안전운전불이행,건조,맑음,단일로 - 기타,승용,여,74세,경상,승용,여,68세,경상
2023090600100248,2023년 9월 6일 12시,수요일,전라남도 장흥군 유치면,경상사고,0,0,1,0,차대차 - 정면충돌,중앙선침범,건조,맑음,단일로 - 기타,승용,여,60세,상해없음,승용,남,45세,경상
2023090600100315,2023년 9월 6일 14시,수요일,전라남도 함평군 신광면,중상사고,0,1,0,0,차대사람 - 기타,안전운전불이행,건조,맑음,주차장 - 주차장,승용,여,52세,상해없음,보행자,여,83세,중상
2023090600100352,2023년 9월 6일 15시,수요일,전라남도 해남군 황산면,경상사고,0,0,3,0,차대차 - 측면충돌,기타,건조,맑음,교차로 - 교차로안,화물,여,56세,경상,화물,남,69세,경상
2023090600100353,2023년 9월 6일 15시,수요일,전라남도 함평군 학교면,부상신고사고,0,0,0,1,차량단독 - 도로외이탈 - 추락,안전운전불이행,건조,맑음,단일로 - 기타,승용,남,51세,부상신고,,,,
2023090600100450,2023년 9월 6일 17시,수요일,전라남도 보성군 벌교읍,경상사고,0,0,1,0,차량단독 - 기타,안전운전불이행,건조,흐림,기타 - 기타,농기계,남,83세,경상,,,,
2023090600100537,2023년 9월 6일 19시,수요일,전라남도 순천시 덕암동,경상사고,0,0,1,0,차대차 - 기타,차로위반,건조,맑음,단일로 - 기타,승용,남,30세,상해없음,화물,여,75세,경상
2023090600100538,2023년 9월 6일 19시,수요일,전라남도 보성군 미력면,경상사고,0,0,1,0,차대차 - 측면충돌,안전운전불이행,건조,맑음,단일로 - 기타,자전거,남,78세,경상,승용,여,58세,상해없음
2023090600100618,2023년 9월 6일 22시,수요일,전라남도 목포시 용당동,중상사고,0,1,0,1,차대사람 - 기타,안전운전불이행,건조,맑음,단일로 - 기타,이륜,남,27세,부상신고,보행자,남,52세,중상
2023090600100619,2023년 9월 6일 22시,수요일,전라남도 여수시 여서동,경상사고,0,0,1,0,차대사람 - 기타,안전운전불이행,건조,맑음,단일로 - 기타,승용,남,41세,상해없음,보행자,남,51세,경상
2023090700100066,2023년 9월 7일 06시,목요일,전라남도 목포시 호남동,중상사고,0,1,0,0,차대차 - 기타,안전운전불이행,건조,맑음,단일로 - 기타,자전거,남,66세,중상,승용,남,58세,상해없음
2023090700100067,2023년 9월 7일 06시,목요일,전라남도 보성군 벌교읍,경상사고,0,0,1,0,차량단독 - 공작물충돌,안전운전불이행,건조,맑음,단일로 - 기타,이륜,남,87세,경상,,,,
2023090700100108,2023년 9월 7일 07시,목요일,전라남도 목포시 산정동,경상사고,0,0,1,0,차대차 - 정면충돌,신호위반,건조,맑음,교차로 - 교차로안,승용,남,78세,상해없음,승용,여,67세,경상
2023090700100109,2023년 9월 7일 07시,목요일,전라남도 순천시 조례동,경상사고,0,0,1,0,차대차 - 기타,신호위반,건조,맑음,교차로 - 교차로안,승용,여,41세,상해없음,승용,여,60세,경상
2023090700100161,2023년 9월 7일 08시,목요일,전라남도 여수시 신기동,경상사고,0,0,1,0,차대사람 - 횡단중,보행자보호의무위반,건조,맑음,단일로 - 기타,승용,남,65세,상해없음,보행자,여,39세,경상
2023090700100162,2023년 9월 7일 08시,목요일,전라남도 해남군 해남읍,경상사고,0,0,1,0,차대차 - 측면충돌,안전운전불이행,건조,맑음,단일로 - 기타,승용,남,23세,상해없음,승용,남,33세,경상
2023090700100163,2023년 9월 7일 08시,목요일,전라남도 광양시 옥곡면,사망사고,1,0,0,0,차량단독 - 전도전복 - 전도,안전운전불이행,건조,맑음,단일로 - 기타,이륜,여,63세,사망,,,,
2023090700100217,2023년 9월 7일 09시,목요일,전라남도 순천시 조례동,경상사고,0,0,1,0,차대차 - 측면충돌,안전운전불이행,건조,맑음,교차로 - 교차로안,화물,남,41세,상해없음,자전거,남,34세,경상
2023090700100218,2023년 9월 7일 09시,목요일,전라남도 보성군 벌교읍,경상사고,0,0,1,0,차대차 - 측면충돌,중앙선침범,건조,맑음,교차로 - 교차로안,승용,여,45세,경상,승용,여,59세,상해없음
2023090700100255,2023년 9월 7일 10시,목요일,전라남도 나주시 이창동,경상사고,0,0,2,0,차대사람 - 보도통행중,기타,건조,맑음,단일로 - 기타,이륜,남,42세,경상,보행자,남,45세,경상
2023090700100284,2023년 9월 7일 11시,목요일,전라남도 목포시 용당동,경상사고,0,0,2,0,차대차 - 측면충돌,직진우회전진행방해,건조,맑음,교차로 - 교차로안,이륜,남,65세,경상,승용,남,75세,경상
2023090700100285,2023년 9월 7일 11시,목요일,전라남도 영암군 삼호읍,경상사고,0,0,1,0,차대차 - 추돌,안전운전불이행,건조,맑음,단일로 - 교량,승용,남,58세,경상,화물,남,56세,상해없음
2023090700100286,2023년 9월 7일 11시,목요일,전라남도 광양시 광양읍,경상사고,0,0,1,0,차대차 - 측면충돌,직진우회전진행방해,건조,맑음,교차로 - 교차로안,승용,여,46세,상해없음,승용,남,78세,경상
2023090700100310,2023년 9월 7일 12시,목요일,전라남도 순천시 가곡동,경상사고,0,0,1,0,차대차 - 추돌,안전운전불이행,건조,맑음,단일로 - 기타,승용,남,57세,상해없음,승용,남,44세,경상
2023090700100350,2023년 9월 7일 13시,목요일,전라남도 순천시 조례동,경상사고,0,0,2,0,차대차 - 측면충돌,신호위반,건조,맑음,교차로 - 교차로안,화물,남,82세,상해없음,승용,남,49세,경상
2023090700100384,2023년 9월 7일 14시,목요일,전라남도 순천시 상사면,중상사고,0,1,0,0,차대사람 - 기타,안전운전불이행,건조,맑음,단일로 - 기타,승용,여,60세,상해없음,보행자,여,55세,중상
2023090700100386,2023년 9월 7일 14시,목요일,전라남도 담양군 가사문학면,중상사고,0,2,0,0,차량단독 - 공작물충돌,안전운전불이행,건조,맑음,단일로 - 기타,승합,남,83세,중상,,,,
2023090700100425,2023년 9월 7일 15시,목요일,전라남도 여수시 돌산읍,경상사고,0,0,2,0,차대차 - 측면충돌,교차로운행방법위반,건조,맑음,교차로 - 교차로안,승용,여,28세,경상,승용,여,43세,경상
2023090700100426,2023년 9월 7일 15시,목요일,전라남도 순천시 조례동,경상사고,0,0,1,0,차대차 - 측면충돌,안전운전불이행,건조,맑음,교차로 - 교차로안,승용,여,57세,상해없음,이륜,남,24세,경상
2023090700100469,2023년 9월 7일 16시,목요일,전라남도 순천시 연향동,중상사고,0,1,0,0,차대차 - 기타,신호위반,건조,맑음,교차로 - 교차로횡단보도내,승용,남,36세,상해없음,자전거,남,82세,중상
2023090700100470,2023년 9월 7일 16시,목요일,전라남도 보성군 회천면,경상사고,0,0,1,0,차량단독 - 공작물충돌,안전운전불이행,건조,맑음,단일로 - 기타,승용,여,28세,경상,,,,
2023090700100471,2023년 9월 7일 16시,목요일,전라남도 진도군 지산면,사망사고,1,1,0,0,차량단독 - 공작물충돌,안전운전불이행,건조,맑음,단일로 - 기타,승용,여,55세,중상,,,,
2023090700100530,2023년 9월 7일 17시,목요일,전라남도 여수시 중앙동,경상사고,0,0,1,0,차대사람 - 기타,안전운전불이행,젖음/습기,맑음,단일로 - 기타,승용,남,55세,기타불명,보행자,여,67세,경상
2023090700100531,2023년 9월 7일 17시,목요일,전라남도 여수시 오림동,경상사고,0,0,1,0,차대차 - 측면충돌,교차로운행방법위반,건조,맑음,교차로 - 교차로부근,승합,남,58세,상해없음,승용,남,65세,경상
2023090700100532,2023년 9월 7일 17시,목요일,전라남도 순천시 풍덕동,경상사고,0,0,1,0,차대사람 - 기타,교차로운행방법위반,건조,맑음,교차로 - 교차로안,화물,남,58세,기타불명,보행자,여,63세,경상
2023090700100533,2023년 9월 7일 17시,목요일,전라남도 순천시 연향동,중상사고,0,1,0,0,차대사람 - 기타,보행자보호의무위반,건조,맑음,단일로 - 기타,승용,남,58세,상해없음,보행자,여,77세,중상
2023090700100582,2023년 9월 7일 18시,목요일,전라남도 여수시 신기동,경상사고,0,0,2,0,차대차 - 측면충돌,교차로운행방법위반,건조,맑음,교차로 - 교차로안,승용,여,26세,상해없음,승용,남,65세,경상
2023090700100583,2023년 9월 7일 18시,목요일,전라남도 영광군 영광읍,경상사고,0,0,1,0,차대사람 - 횡단중,안전운전불이행,건조,맑음,교차로 - 교차로부근,승용,남,68세,상해없음,보행자,남,10세,경상
2023090700100632,2023년 9월 7일 19시,목요일,전라남도 목포시 석현동,경상사고,0,0,1,0,차대차 - 측면충돌,안전운전불이행,건조,맑음,교차로 - 교차로부근,승용,여,43세,상해없음,승용,남,45세,경상
2023090700100633,2023년 9월 7일 19시,목요일,전라남도 여수시 학동,경상사고,0,0,1,0,차대차 - 추돌,안전운전불이행,건조,맑음,단일로 - 기타,승용,남,20세,상해없음,승용,남,42세,경상
2023090700100659,2023년 9월 7일 20시,목요일,전라남도 여수시 수정동,중상사고,0,2,1,0,차대차 - 측면충돌,신호위반,건조,맑음,단일로 - 교량,화물,남,24세,상해없음,승용,여,32세,중상
2023090700100660,2023년 9월 7일 20시,목요일,전라남도 여수시 화장동,경상사고,0,0,1,0,차대차 - 추돌,안전운전불이행,건조,맑음,교차로 - 교차로부근,승용,남,56세,상해없음,승용,남,61세,경상
2023090700100661,2023년 9월 7일 20시,목요일,전라남도 신안군 장산면,경상사고,0,0,3,0,차대차 - 측면충돌,교차로운행방법위반,건조,맑음,교차로 - 교차로안,화물,남,60세,경상,승용,여,52세,경상
2023090700100679,2023년 9월 7일 21시,목요일,전라남도 나주시 대호동,경상사고,0,0,1,0,차대차 - 측면충돌,안전운전불이행,건조,맑음,교차로 - 교차로부근,승용,남,61세,상해없음,승용,여,46세,경상
2023090800100057,2023년 9월 8일 06시,금요일,전라남도 여수시 여서동,중상사고,0,1,0,0,차량단독 - 기타,안전운전불이행,건조,맑음,교차로 - 교차로안,승합,남,52세,상해없음,,,,
2023090800100070,2023년 9월 8일 07시,금요일,전라남도 목포시 용해동,경상사고,0,0,1,0,차대사람 - 횡단중,신호위반,건조,맑음,교차로 - 교차로횡단보도내,승용,여,38세,상해없음,보행자,남,13세,경상
2023090800100115,2023년 9월 8일 08시,금요일,전라남도 여수시 학동,경상사고,0,0,3,0,차대차 - 측면충돌,교차로운행방법위반,건조,맑음,교차로 - 교차로안,화물,남,45세,기타불명,화물,남,48세,경상
2023090800100116,2023년 9월 8일 08시,금요일,전라남도 순천시 장천동,경상사고,0,0,2,0,차대차 - 측면충돌,안전운전불이행,건조,맑음,교차로 - 교차로안,화물,남,70세,상해없음,승용,남,34세,경상
2023090800100117,2023년 9월 8일 08시,금요일,전라남도 나주시 금천면,경상사고,0,0,5,0,차대차 - 추돌,안전거리미확보,건조,맑음,단일로 - 기타,승용,남,58세,경상,승용,남,29세,경상
2023090800100118,2023년 9월 8일 08시,금요일,전라남도 함평군 해보면,경상사고,0,0,1,3,차대차 - 추돌,안전거리미확보,건조,맑음,단일로 - 기타,승용,여,30세,부상신고,승용,남,47세,부상신고
2023090800100119,2023년 9월 8일 08시,금요일,전라남도 무안군 삼향읍,경상사고,0,0,1,0,차대차 - 기타,안전운전불이행,건조,맑음,단일로 - 기타,승용,남,25세,상해없음,승용,여,50세,경상
2023090800100159,2023년 9월 8일 09시,금요일,전라남도 장흥군 안양면,경상사고,0,0,2,0,차대차 - 기타,중앙선침범,건조,맑음,단일로 - 기타,건설기계,남,49세,상해없음,승용,남,67세,경상
2023090800100160,2023년 9월 8일 09시,금요일,전라남도 영암군 신북면,경상사고,0,0,1,0,차대차 - 측면충돌,안전운전불이행,건조,맑음,교차로 - 교차로부근,승용,남,82세,상해없음,화물,남,57세,경상
2023090800100192,2023년 9월 8일 10시,금요일,전라남도 여수시 화장동,중상사고,0,1,0,0,차대차 - 측면충돌,차로위반,건조,맑음,교차로 - 교차로부근,화물,남,70세,상해없음,이륜,남,57세,중상
2023090800100193,2023년 9월 8일 10시,금요일,전라남도 여수시 문수동,경상사고,0,0,2,0,차대차 - 측면충돌,안전운전불이행,건조,맑음,기타 - 기타,화물,남,22세,기타불명,승용,남,54세,경상
2023090800100194,2023년 9월 8일 10시,금요일,전라남도 보성군 회천면,경상사고,0,0,1,0,차대차 - 추돌,안전운전불이행,건조,맑음,단일로 - 기타,자전거,남,93세,경상,화물,남,65세,상해없음
2023090800100195,2023년 9월 8일 10시,금요일,전라남도 보성군 득량면,경상사고,0,0,1,0,차량단독 - 공작물충돌,안전운전불이행,건조,맑음,단일로 - 기타,농기계,남,68세,경상,,,,
2023090800100225,2023년 9월 8일 11시,금요일,전라남도 여수시 봉산동,경상사고,0,0,1,0,차대차 - 기타,안전운전불이행,건조,맑음,교차로 - 교차로안,승용,여,55세,상해없음,승용,남,62세,경상
2023090800100226,2023년 9월 8일 11시,금요일,전라남도 여수시 연등동,경상사고,0,0,2,0,차대차 - 측면충돌,중앙선침범,건조,맑음,단일로 - 기타,승용,여,50세,기타불명,화물,남,57세,경상
2023090800100227,2023년 9월 8일 11시,금요일,전라남도 해남군 문내면,경상사고,0,0,2,0,차대차 - 측면충돌,기타,건조,맑음,교차로 - 교차로안,화물,여,69세,경상,승용,여,43세,경상
2023090800100228,2023년 9월 8일 11시,금요일,전라남도 함평군 학교면,경상사고,0,0,1,0,차대차 - 추돌,안전운전불이행,건조,맑음,단일로 - 기타,승용,남,45세,상해없음,승용,남,56세,경상
2023090800100260,2023년 9월 8일 12시,금요일,전라남도 보성군 조성면,경상사고,0,0,2,0,차대차 - 추돌,안전운전불이행,건조,맑음,교차로 - 교차로부근,화물,남,73세,경상,건설기계,남,53세,경상
2023090800100261,2023년 9월 8일 12시,금요일,전라남도 무안군 청계면,경상사고,0,0,1,0,차대차 - 측면충돌,안전거리미확보,건조,맑음,단일로 - 기타,건설기계,남,57세,상해없음,승용,여,45세,경상
2023090800100304,2023년 9월 8일 13시,금요일,전라남도 목포시 상동,경상사고,0,0,2,0,차대차 - 측면충돌,안전운전불이행,건조,맑음,단일로 - 기타,승용,남,49세,경상,승용,여,50세,경상
2023090800100305,2023년 9월 8일 13시,금요일,전라남도 광양시 광양읍,중상사고,0,1,0,0,차대사람 - 기타,기타,건조,맑음,단일로 - 기타,승용,남,67세,상해없음,보행자,여,69세,중상
2023090800100340,2023년 9월 8일 14시,금요일,전라남도 목포시 용당동,경상사고,0,0,2,0,차대차 - 추돌,안전운전불이행,건조,맑음,교차로 - 교차로부근,승용,여,56세,경상,승용,여,30세,경상
2023090800100341,2023년 9월 8일 14시,금요일,전라남도 장흥군 관산읍,경상사고,0,0,1,0,차대차 - 측면충돌,신호위반,건조,맑음,교차로 - 교차로안,건설기계,남,51세,상해없음,승용,여,53세,경상
2023090800100374,2023년 9월 8일 15시,금요일,전라남도 순천시 해룡면,경상사고,0,0,1,0,차대차 - 추돌,안전운전불이행,건조,맑음,단일로 - 기타,승용,남,59세,상해없음,화물,남,57세,경상
2023090800100429,2023년 9월 8일 16시,금요일,전라남도 여수시 문수동,경상사고,0,0,1,0,차대사람 - 횡단중,보행자보호의무위반,건조,맑음,교차로 - 교차로횡단보도내,이륜,남,46세,상해없음,보행자,남,81세,경상
2023090800100430,2023년 9월 8일 16시,금요일,전라남도 순천시 해룡면,중상사고,0,1,0,0,차대사람 - 기타,안전운전불이행,건조,맑음,단일로 - 기타,승용,여,63세,상해없음,보행자,남,9세,중상
2023090800100510,2023년 9월 8일 17시,금요일,전라남도 목포시 용당동,경상사고,0,0,1,0,차대차 - 측면충돌,기타,건조,맑음,교차로 - 교차로부근,승용,남,54세,상해없음,승용,남,63세,경상
2023090800100566,2023년 9월 8일 18시,금요일,전라남도 나주시 금천면,경상사고,0,0,5,0,차대차 - 추돌,안전거리미확보,건조,맑음,단일로 - 기타,승용,남,22세,상해없음,승용,남,59세,경상
2023090800100567,2023년 9월 8일 18시,금요일,전라남도 광양시 광양읍,경상사고,0,0,1,0,차대차 - 추돌,안전거리미확보,건조,맑음,기타 - 기타,화물,남,55세,상해없음,승용,남,60세,경상
2023090800100615,2023년 9월 8일 19시,금요일,전라남도 순천시 조례동,경상사고,0,0,1,0,차대차 - 측면충돌,직진우회전진행방해,건조,맑음,교차로 - 교차로안,승합,남,67세,상해없음,승용,남,40세,경상
2023090800100616,2023년 9월 8일 19시,금요일,전라남도 해남군 옥천면,경상사고,0,0,1,0,차대차 - 측면충돌,안전거리미확보,건조,맑음,단일로 - 기타,승합,남,61세,기타불명,승용,여,49세,경상
2023090800100617,2023년 9월 8일 19시,금요일,전라남도 곡성군 옥과면,중상사고,0,1,0,0,차대차 - 기타,직진우회전진행방해,건조,맑음,교차로 - 교차로안,화물,남,72세,상해없음,자전거,남,64세,중상
2023090800100664,2023년 9월 8일 20시,금요일,전라남도 화순군 화순읍,중상사고,0,1,1,0,차대차 - 측면충돌,직진우회전진행방해,건조,맑음,교차로 - 교차로안,승용,여,60세,상해없음,승용,남,64세,경상
2023090800100709,2023년 9월 8일 22시,금요일,전라남도 목포시 용해동,중상사고,0,1,0,0,차대차 - 측면충돌,안전운전불이행,건조,맑음,교차로 - 교차로안,승용,남,38세,상해없음,개인형이동수단(PM),남,16세,중상
2023090800100730,2023년 9월 8일 23시,금요일,전라남도 해남군 해남읍,경상사고,0,0,1,0,차대차 - 측면충돌,중앙선침범,건조,맑음,교차로 - 교차로부근,승용,남,18세,상해없음,승용,여,59세,경상
2023090900100070,2023년 9월 9일 06시,토요일,전라남도 강진군 마량면,경상사고,0,0,1,0,차대차 - 측면충돌,교차로운행방법위반,건조,맑음,교차로 - 교차로안,화물,남,66세,상해없음,승용,남,65세,상해없음
2023090900100085,2023년 9월 9일 07시,토요일,전라남도 화순군 화순읍,경상사고,0,0,1,0,차대사람 - 기타,안전운전불이행,건조,맑음,교차로 - 교차로안,승용,남,48세,상해없음,보행자,여,75세,경상
2023090900100086,2023년 9월 9일 07시,토요일,전라남도 장성군 진원면,중상사고,0,1,0,0,차대차 - 추돌,안전운전불이행,건조,맑음,단일로 - 기타,자전거,남,37세,중상,화물,남,38세,상해없음
2023090900100087,2023년 9월 9일 07시,토요일,전라남도 강진군 강진읍,사망사고,1,1,0,0,차대사람 - 길가장자리구역통행중,안전운전불이행,건조,맑음,단일로 - 기타,승용,남,26세,상해없음,보행자,여,75세,사망
2023090900100111,2023년 9월 9일 08시,토요일,전라남도 목포시 용당동,경상사고,0,0,2,0,차대차 - 추돌,안전운전불이행,건조,맑음,단일로 - 기타,승합,남,61세,상해없음,승용,남,44세,경상
2023090900100112,2023년 9월 9일 08시,토요일,전라남도 강진군 군동면,부상신고사고,0,0,0,1,차대차 - 기타,안전운전불이행,건조,맑음,교차로 - 교차로부근,승용,남,33세,부상신고,승합,남,47세,상해없음
2023090900100139,2023년 9월 9일 09시,토요일,전라남도 영암군 미암면,사망사고,1,0,0,0,차량단독 - 전도전복 - 전도,안전운전불이행,건조,맑음,교차로 - 교차로부근,농기계,남,83세,사망,,,,
2023090900100180,2023년 9월 9일 10시,토요일,전라남도 순천시 조곡동,경상사고,0,0,1,0,차대차 - 측면충돌,교차로운행방법위반,건조,맑음,교차로 - 교차로안,화물,남,55세,상해없음,자전거,여,21세,경상
2023090900100181,2023년 9월 9일 10시,토요일,전라남도 순천시 주암면,중상사고,0,1,0,0,차대사람 - 차도통행중,안전운전불이행,건조,맑음,교차로 - 교차로부근,승용,남,66세,상해없음,보행자,여,81세,중상
2023090900100182,2023년 9월 9일 10시,토요일,전라남도 함평군 신광면,경상사고,0,0,2,1,차대차 - 기타,안전거리미확보,건조,맑음,단일로 - 기타,승용,남,81세,부상신고,승용,남,35세,경상
2023090900100271,2023년 9월 9일 12시,토요일,전라남도 구례군 마산면,경상사고,0,0,1,0,차대차 - 측면충돌,안전운전불이행,건조,맑음,단일로 - 기타,사륜오토바이(ATV),남,83세,경상,승용,여,66세,상해없음
2023090900100321,2023년 9월 9일 13시,토요일,전라남도 여수시 여서동,경상사고,0,0,2,0,차대차 - 기타,안전운전불이행,건조,맑음,단일로 - 기타,이륜,남,17세,상해없음,승용,남,45세,경상
2023090900100322,2023년 9월 9일 13시,토요일,전라남도 고흥군 포두면,중상사고,0,1,0,0,차대차 - 기타,안전운전불이행,건조,맑음,단일로 - 기타,화물,남,70세,상해없음,자전거,남,64세,중상
2023090900100410,2023년 9월 9일 15시,토요일,전라남도 여수시 문수동,부상신고사고,0,0,0,2,차대차 - 측면충돌,안전운전불이행,건조,맑음,기타 - 기타,이륜,남,18세,상해없음,승용,남,62세,부상신고
2023090900100411,2023년 9월 9일 15시,토요일,전라남도 순천시 장천동,경상사고,0,0,1,0,차량단독 - 기타,안전운전불이행,건조,맑음,단일로 - 기타,승합,남,58세,상해없음,,,,
2023090900100443,2023년 9월 9일 16시,토요일,전라남도 여수시 봉계동,중상사고,0,1,3,0,차대차 - 추돌,안전운전불이행,건조,맑음,교차로 - 교차로부근,이륜,남,41세,중상,승용,여,39세,경상
2023090900100444,2023년 9월 9일 16시,토요일,전라남도 순천시 조례동,경상사고,0,0,1,0,차대차 - 기타,차로위반,건조,맑음,단일로 - 기타,화물,남,70세,상해없음,승용,남,27세,경상
2023090900100489,2023년 9월 9일 17시,토요일,전라남도 여수시 돌산읍,중상사고,0,2,0,0,차대차 - 정면충돌,신호위반,건조,맑음,교차로 - 교차로안,승용,여,58세,중상,승용,여,56세,중상
2023090900100530,2023년 9월 9일 18시,토요일,전라남도 보성군 노동면,경상사고,0,0,1,0,차대사람 - 기타,안전운전불이행,건조,맑음,교차로 - 교차로부근,승용,남,47세,상해없음,보행자,여,70세,경상
2023090900100607,2023년 9월 9일 20시,토요일,전라남도 목포시 상동,경상사고,0,0,2,0,차대차 - 기타,안전운전불이행,건조,맑음,교차로 - 교차로부근,이륜,남,53세,경상,승용,여,53세,상해없음
2023090900100608,2023년 9월 9일 20시,토요일,전라남도 순천시 연향동,경상사고,0,0,1,0,차대사람 - 기타,기타,건조,맑음,단일로 - 기타,승용,남,60세,상해없음,보행자,여,44세,경상