사고번호,사고일시,요일,시군구,사고내용,사망자수,중상자수,경상자수,부상신고자수,사고유형,법규위반,노면상태,기상상태,도로형태,가해운전자 차종,가해운전자 성별,가해운전자 연령,가해운전자 상해정도,피해운전자 차종,피해운전자 성별,피해운전자 연령,피해운전자 상해정도
2023090900100609,2023년 9월 9일 20시,토요일,전라남도 담양군 담양읍,경상사고,0,0,1,0,차대차 - 기타,직진우회전진행방해,건조,맑음,교차로 - 교차로안,자전거,남,66세,경상,이륜,남,29세,상해없음
2023090900100610,2023년 9월 9일 20시,토요일,전라남도 광양시 광양읍,경상사고,0,0,1,0,차대차 - 측면충돌,교차로운행방법위반,건조,맑음,교차로 - 교차로안,이륜,여,64세,경상,승용,남,69세,상해없음
2023091000100026,2023년 9월 10일 01시,일요일,전라남도 영암군 삼호읍,경상사고,0,0,1,0,차대차 - 측면충돌,직진우회전진행방해,건조,맑음,교차로 - 교차로안,건설기계,남,43세,상해없음,승용,남,65세,경상
2023091000100102,2023년 9월 10일 09시,일요일,전라남도 해남군 문내면,경상사고,0,0,1,0,차대차 - 측면충돌,안전운전불이행,건조,맑음,주차장 - 주차장,승용,여,56세,기타불명,승용,여,60세,경상
2023091000100118,2023년 9월 10일 10시,일요일,전라남도 나주시 삼영동,경상사고,0,0,1,0,차대차 - 측면충돌,중앙선침범,건조,맑음,단일로 - 기타,승용,남,36세,상해없음,승용,여,40세,경상
2023091000100215,2023년 9월 10일 13시,일요일,전라남도 여수시 돌산읍,경상사고,0,0,1,0,차대차 - 측면충돌,안전운전불이행,건조,맑음,기타 - 기타,화물,남,66세,상해없음,승용,남,23세,경상
2023091000100216,2023년 9월 10일 13시,일요일,전라남도 순천시 동외동,경상사고,0,0,1,0,차대사람 - 차도통행중,안전운전불이행,건조,맑음,교차로 - 교차로부근,승용,남,25세,상해없음,보행자,여,85세,경상
2023091000100217,2023년 9월 10일 13시,일요일,전라남도 나주시 빛가람동,경상사고,0,0,2,0,차대차 - 측면충돌,안전운전불이행,건조,맑음,교차로 - 교차로부근,승용,남,68세,상해없음,화물,남,52세,경상
2023091000100218,2023년 9월 10일 13시,일요일,전라남도 영암군 삼호읍,사망사고,1,0,0,0,차량단독 - 기타,안전운전불이행,건조,맑음,단일로 - 기타,승용,남,74세,사망,,,,
2023091000100219,2023년 9월 10일 13시,일요일,전라남도 광양시 금호동,경상사고,0,0,1,0,차대차 - 기타,안전운전불이행,건조,맑음,교차로 - 교차로안,승용,여,43세,상해없음,승용,남,36세,경상
2023091000100246,2023년 9월 10일 14시,일요일,전라남도 진도군 진도읍,경상사고,0,0,1,0,차대사람 - 기타,안전운전불이행,건조,맑음,단일로 - 기타,화물,남,70세,상해없음,보행자,여,55세,경상
2023091000100277,2023년 9월 10일 15시,일요일,전라남도 목포시 상동,경상사고,0,0,1,0,차대차 - 측면충돌,안전운전불이행,건조,맑음,단일로 - 기타,이륜,남,36세,경상,이륜,남,17세,상해없음
2023091000100310,2023년 9월 10일 16시,일요일,전라남도 담양군 창평면,경상사고,0,0,1,0,차대차 - 후진중충돌,안전운전불이행,건조,맑음,단일로 - 기타,화물,남,67세,상해없음,이륜,남,67세,경상
2023091000100348,2023년 9월 10일 17시,일요일,전라남도 여수시 학동,경상사고,0,0,1,0,차대차 - 측면충돌,교차로운행방법위반,건조,맑음,교차로 - 교차로안,승용,남,32세,상해없음,승용,남,62세,경상
2023091000100476,2023년 9월 10일 23시,일요일,전라남도 해남군 해남읍,경상사고,0,0,1,0,차대사람 - 기타,안전운전불이행,건조,맑음,기타 - 기타,승용,남,60세,상해없음,보행자,여,20세,경상
2023091100100079,2023년 9월 11일 07시,월요일,전라남도 목포시 용해동,중상사고,0,1,0,0,차대차 - 기타,직진우회전진행방해,건조,맑음,교차로 - 교차로안,승용,남,75세,상해없음,이륜,남,28세,중상
2023091100100080,2023년 9월 11일 07시,월요일,전라남도 나주시 평산동,경상사고,0,0,3,0,차대차 - 추돌,안전거리미확보,건조,맑음,단일로 - 기타,승용,여,27세,경상,승용,남,40세,경상
2023091100100081,2023년 9월 11일 07시,월요일,전라남도 화순군 화순읍,경상사고,0,0,1,0,차대차 - 측면충돌,교차로운행방법위반,건조,맑음,교차로 - 교차로안,자전거,남,13세,경상,승용,여,42세,상해없음
2023091100100173,2023년 9월 11일 09시,월요일,전라남도 고흥군 도화면,부상신고사고,0,0,0,1,차량단독 - 기타,안전운전불이행,건조,맑음,교차로 - 교차로안,승용,여,55세,부상신고,,,,
2023091100100174,2023년 9월 11일 09시,월요일,전라남도 고흥군 고흥읍,중상사고,0,1,0,0,차대사람 - 기타,안전운전불이행,건조,맑음,단일로 - 기타,승용,여,57세,상해없음,보행자,여,81세,중상
2023091100100216,2023년 9월 11일 10시,월요일,전라남도 목포시 용해동,경상사고,0,0,4,0,차대차 - 추돌,안전거리미확보,건조,맑음,단일로 - 터널,승용,남,74세,경상,승합,남,65세,상해없음
2023091100100257,2023년 9월 11일 11시,월요일,전라남도 여수시 화양면,중상사고,0,1,0,0,차대차 - 기타,신호위반,건조,맑음,교차로 - 교차로안,승용,남,59세,상해없음,승용,남,45세,중상
2023091100100258,2023년 9월 11일 11시,월요일,전라남도 순천시 석현동,중상사고,0,1,2,0,차대사람 - 보도통행중,보행자보호의무위반,건조,맑음,교차로 - 교차로횡단보도내,이륜,남,52세,상해없음,보행자,남,43세,중상
2023091100100300,2023년 9월 11일 12시,월요일,전라남도 순천시 용당동,경상사고,0,0,1,0,차대차 - 추돌,안전운전불이행,건조,맑음,교차로 - 교차로안,승용,남,41세,상해없음,승용,여,26세,경상
2023091100100301,2023년 9월 11일 12시,월요일,전라남도 보성군 회천면,경상사고,0,0,1,0,차량단독 - 도로외이탈 - 추락,안전운전불이행,건조,맑음,교차로 - 교차로부근,화물,남,78세,상해없음,,,,
2023091100100302,2023년 9월 11일 12시,월요일,전라남도 영암군 영암읍,중상사고,0,1,0,0,차대차 - 추돌,안전운전불이행,건조,맑음,단일로 - 기타,화물,남,39세,상해없음,농기계,남,77세,중상
2023091100100303,2023년 9월 11일 12시,월요일,전라남도 완도군 노화읍,중상사고,0,1,1,0,차대차 - 기타,안전운전불이행,건조,맑음,단일로 - 기타,화물,남,48세,상해없음,화물,남,52세,경상
2023091100100304,2023년 9월 11일 12시,월요일,전라남도 보성군 벌교읍,경상사고,0,0,2,0,차대차 - 기타,안전운전불이행,건조,맑음,단일로 - 기타,승용,남,16세,상해없음,승용,남,30세,경상
2023091100100337,2023년 9월 11일 13시,월요일,전라남도 순천시 조곡동,중상사고,0,1,0,0,차대차 - 기타,신호위반,건조,맑음,단일로 - 기타,승용,남,74세,상해없음,자전거,남,87세,중상
2023091100100399,2023년 9월 11일 15시,월요일,전라남도 여수시 삼산면,경상사고,0,0,1,0,차대차 - 정면충돌,안전운전불이행,건조,맑음,단일로 - 기타,화물,남,63세,상해없음,화물,여,56세,경상
2023091100100400,2023년 9월 11일 15시,월요일,전라남도 장흥군 장흥읍,경상사고,0,0,1,0,차대차 - 후진중충돌,안전운전불이행,건조,맑음,단일로 - 기타,승용,남,80세,상해없음,승용,남,66세,상해없음
2023091100100434,2023년 9월 11일 16시,월요일,전라남도 순천시 서면,경상사고,0,0,1,0,차대차 - 측면충돌,안전운전불이행,건조,맑음,단일로 - 기타,승용,남,62세,상해없음,승용,여,53세,경상
2023091100100435,2023년 9월 11일 16시,월요일,전라남도 보성군 미력면,경상사고,0,0,2,0,차대차 - 추돌,안전운전불이행,건조,맑음,교차로 - 교차로부근,승용,여,63세,상해없음,승용,남,64세,경상
2023091100100516,2023년 9월 11일 18시,월요일,전라남도 여수시 화치동,경상사고,0,0,1,0,차대차 - 추돌,신호위반,젖음/습기,비,교차로 - 교차로안,승용,여,23세,기타불명,승용,남,26세,경상
2023091100100517,2023년 9월 11일 18시,월요일,전라남도 순천시 조곡동,경상사고,0,0,2,0,차대차 - 측면충돌,안전거리미확보,건조,맑음,단일로 - 기타,승용,남,44세,경상,원동기,남,50세,경상
2023091100100518,2023년 9월 11일 18시,월요일,전라남도 순천시 해룡면,중상사고,0,1,0,0,차대차 - 기타,안전운전불이행,건조,맑음,단일로 - 기타,승합,남,67세,상해없음,이륜,남,40세,중상
2023091100100519,2023년 9월 11일 18시,월요일,전라남도 곡성군 삼기면,경상사고,0,0,1,0,차량단독 - 공작물충돌,안전운전불이행,건조,맑음,단일로 - 기타,승용,여,54세,경상,,,,
2023091100100555,2023년 9월 11일 19시,월요일,전라남도 목포시 옥암동,경상사고,0,0,1,0,차대차 - 측면충돌,안전운전불이행,건조,맑음,단일로 - 기타,승용,여,23세,상해없음,개인형이동수단(PM),남,16세,경상
2023091100100556,2023년 9월 11일 19시,월요일,전라남도 순천시 덕월동,경상사고,0,0,1,0,차대차 - 추돌,안전운전불이행,건조,맑음,교차로 - 교차로부근,승용,남,64세,상해없음,승용,남,46세,경상
2023091100100581,2023년 9월 11일 20시,월요일,전라남도 여수시 화장동,경상사고,0,0,1,0,차대사람 - 횡단중,신호위반,건조,맑음,교차로 - 교차로부근,화물,남,21세,상해없음,보행자,남,54세,경상
2023091200100007,2023년 9월 12일 00시,화요일,전라남도 여수시 웅천동,경상사고,0,0,1,0,차대차 - 측면충돌,차로위반,건조,맑음,교차로 - 교차로부근,화물,남,48세,상해없음,승용,남,28세,경상
2023091200100073,2023년 9월 12일 07시,화요일,전라남도 곡성군 오산면,경상사고,0,0,2,0,차대차 - 기타,직진우회전진행방해,건조,맑음,교차로 - 교차로부근,승용,여,56세,경상,승용,여,36세,경상
2023091200100074,2023년 9월 12일 07시,화요일,전라남도 구례군 마산면,경상사고,0,0,1,0,차대차 - 측면충돌,교차로운행방법위반,건조,맑음,교차로 - 교차로부근,건설기계,남,53세,상해없음,화물,남,61세,경상
2023091200100110,2023년 9월 12일 08시,화요일,전라남도 목포시 용해동,경상사고,0,0,1,0,차대차 - 추돌,안전운전불이행,건조,맑음,기타 - 기타,승용,여,52세,상해없음,승용,여,51세,경상
2023091200100111,2023년 9월 12일 08시,화요일,전라남도 화순군 화순읍,중상사고,0,1,0,1,차대차 - 측면충돌,신호위반,건조,맑음,단일로 - 기타,승용,여,46세,부상신고,이륜,남,55세,중상
2023091200100112,2023년 9월 12일 08시,화요일,전라남도 강진군 군동면,경상사고,0,0,1,0,차대차 - 측면충돌,안전운전불이행,건조,맑음,교차로 - 교차로안,승용,남,32세,상해없음,자전거,남,65세,경상
2023091200100161,2023년 9월 12일 09시,화요일,전라남도 목포시 옥암동,경상사고,0,0,1,0,차대차 - 측면충돌,신호위반,건조,맑음,교차로 - 교차로안,화물,남,53세,상해없음,승용,여,61세,경상
2023091200100162,2023년 9월 12일 09시,화요일,전라남도 목포시 용해동,경상사고,0,0,1,0,차대차 - 기타,교차로운행방법위반,건조,맑음,단일로 - 기타,승용,여,61세,상해없음,승용,남,72세,상해없음
2023091200100163,2023년 9월 12일 09시,화요일,전라남도 목포시 상동,중상사고,0,1,0,0,차대사람 - 차도통행중,안전운전불이행,건조,맑음,교차로 - 교차로부근,승용,남,52세,상해없음,보행자,여,90세,중상
2023091200100164,2023년 9월 12일 09시,화요일,전라남도 순천시 연향동,경상사고,0,0,1,0,차대차 - 측면충돌,신호위반,건조,맑음,교차로 - 교차로안,승용,남,64세,상해없음,승용,여,35세,경상
2023091200100191,2023년 9월 12일 10시,화요일,전라남도 목포시 산정동,경상사고,0,0,1,0,차대차 - 측면충돌,안전운전불이행,건조,맑음,교차로 - 교차로부근,승용,여,32세,상해없음,자전거,남,82세,경상
2023091200100192,2023년 9월 12일 10시,화요일,전라남도 여수시 돌산읍,경상사고,0,0,1,0,차대차 - 추돌,직진우회전진행방해,건조,맑음,교차로 - 교차로안,승용,남,38세,기타불명,승용,여,60세,경상
2023091200100234,2023년 9월 12일 11시,화요일,전라남도 나주시 산포면,경상사고,0,0,2,0,차대차 - 측면충돌,신호위반,건조,맑음,교차로 - 교차로부근,승용,남,62세,상해없음,승용,여,60세,경상
2023091200100270,2023년 9월 12일 12시,화요일,전라남도 여수시 화양면,경상사고,0,0,2,0,차대차 - 추돌,안전운전불이행,건조,맑음,교차로 - 교차로부근,건설기계,남,72세,상해없음,승용,남,31세,경상
2023091200100305,2023년 9월 12일 13시,화요일,전라남도 목포시 상동,경상사고,0,0,1,0,차대차 - 측면충돌,중앙선침범,건조,맑음,교차로 - 교차로부근,화물,남,78세,상해없음,승용,남,53세,경상
2023091200100306,2023년 9월 12일 13시,화요일,전라남도 순천시 덕월동,경상사고,0,0,1,0,차대차 - 측면충돌,직진우회전진행방해,건조,맑음,교차로 - 교차로안,승합,남,41세,상해없음,승용,남,22세,경상
2023091200100307,2023년 9월 12일 13시,화요일,전라남도 광양시 광양읍,경상사고,0,0,1,0,차대차 - 추돌,안전운전불이행,건조,맑음,교차로 - 교차로부근,화물,남,36세,상해없음,승용,여,41세,경상
2023091200100332,2023년 9월 12일 14시,화요일,전라남도 목포시 산정동,경상사고,0,0,1,0,차대사람 - 기타,안전운전불이행,건조,맑음,단일로 - 기타,승용,남,62세,상해없음,보행자,여,77세,경상
2023091200100333,2023년 9월 12일 14시,화요일,전라남도 영광군 법성면,경상사고,0,0,4,0,차대차 - 정면충돌,중앙선침범,건조,맑음,교차로 - 교차로안,화물,남,59세,상해없음,승용,남,72세,경상
2023091200100372,2023년 9월 12일 15시,화요일,전라남도 나주시 남평읍,경상사고,0,0,1,0,차대차 - 측면충돌,안전운전불이행,건조,맑음,단일로 - 기타,승용,남,66세,상해없음,화물,여,55세,경상
2023091200100373,2023년 9월 12일 15시,화요일,전라남도 영광군 영광읍,중상사고,0,1,1,0,차대차 - 추돌,안전운전불이행,건조,맑음,단일로 - 기타,농기계,남,60세,상해없음,승용,남,77세,중상
2023091200100465,2023년 9월 12일 17시,화요일,전라남도 순천시 석현동,경상사고,0,0,1,0,차대사람 - 기타,안전운전불이행,건조,맑음,주차장 - 주차장,승용,여,25세,상해없음,보행자,여,32세,경상
2023091200100466,2023년 9월 12일 17시,화요일,전라남도 나주시 왕곡면,경상사고,0,0,1,0,차대사람 - 횡단중,안전운전불이행,건조,맑음,교차로 - 교차로부근,승용,여,31세,상해없음,보행자,여,79세,경상
2023091200100467,2023년 9월 12일 17시,화요일,전라남도 보성군 득량면,중상사고,0,1,0,0,차대사람 - 기타,안전운전불이행,건조,맑음,단일로 - 기타,특수,남,36세,상해없음,보행자,여,80세,중상
2023091200100510,2023년 9월 12일 18시,화요일,전라남도 광양시 광양읍,경상사고,0,0,1,0,차대차 - 측면충돌,안전거리미확보,건조,기타,단일로 - 기타,화물,남,35세,상해없음,승용,남,47세,경상
2023091200100551,2023년 9월 12일 19시,화요일,전라남도 여수시 소라면,경상사고,0,0,1,0,차대차 - 측면충돌,차로위반,건조,맑음,교차로 - 교차로부근,승용,남,62세,상해없음,승용,여,57세,경상
2023091200100552,2023년 9월 12일 19시,화요일,전라남도 진도군 진도읍,중상사고,0,1,0,0,차대차 - 측면충돌,안전거리미확보,건조,맑음,교차로 - 교차로안,화물,남,78세,상해없음,이륜,남,30세,중상
2023091200100581,2023년 9월 12일 20시,화요일,전라남도 강진군 강진읍,경상사고,0,0,1,0,차대차 - 정면충돌,중앙선침범,건조,맑음,단일로 - 기타,승용,남,65세,상해없음,승용,여,54세,경상
2023091200100611,2023년 9월 12일 21시,화요일,전라남도 목포시 연산동,경상사고,0,0,1,1,차대차 - 기타,교차로운행방법위반,건조,맑음,교차로 - 교차로안,승용,여,42세,부상신고,승용,여,51세,경상
2023091200100612,2023년 9월 12일 21시,화요일,전라남도 순천시 해룡면,경상사고,0,0,1,0,차대차 - 기타,안전운전불이행,건조,맑음,단일로 - 기타,화물,남,41세,상해없음,승용,남,53세,경상
2023091300100010,2023년 9월 13일 01시,수요일,전라남도 여수시 학동,경상사고,0,0,1,0,차대차 - 측면충돌,안전운전불이행,건조,맑음,교차로 - 교차로안,승용,남,21세,상해없음,승용,남,24세,경상
2023091300100040,2023년 9월 13일 05시,수요일,전라남도 목포시 산정동,중상사고,0,1,0,0,차대사람 - 차도통행중,안전운전불이행,젖음/습기,흐림,교차로 - 교차로안,승용,여,53세,상해없음,보행자,남,67세,중상
2023091300100041,2023년 9월 13일 05시,수요일,전라남도 담양군 대전면,부상신고사고,0,0,0,1,차량단독 - 전도전복 - 전도,안전운전불이행,젖음/습기,비,단일로 - 기타,원동기,남,26세,상해없음,,,,
2023091300100165,2023년 9월 13일 09시,수요일,전라남도 목포시 옥암동,사망사고,1,0,0,0,차대사람 - 횡단중,보행자보호의무위반,건조,맑음,교차로 - 교차로횡단보도내,화물,여,57세,상해없음,보행자,남,69세,사망
2023091300100166,2023년 9월 13일 09시,수요일,전라남도 고흥군 남양면,중상사고,0,1,0,0,차량단독 - 기타,안전운전불이행,건조,맑음,단일로 - 기타,이륜,여,68세,중상,,,,
2023091300100167,2023년 9월 13일 09시,수요일,전라남도 화순군 화순읍,경상사고,0,0,1,0,차대차 - 측면충돌,신호위반,건조,맑음,교차로 - 교차로안,승용,여,61세,상해없음,승합,남,58세,상해없음
2023091300100196,2023년 9월 13일 10시,수요일,전라남도 나주시 산포면,중상사고,0,1,0,0,차량단독 - 기타,기타,건조,맑음,단일로 - 기타,승합,남,61세,상해없음,,,,
2023091300100255,2023년 9월 13일 12시,수요일,전라남도 여수시 학동,경상사고,0,0,1,0,차대차 - 측면충돌,교차로운행방법위반,건조,맑음,교차로 - 교차로안,승용,남,68세,상해없음,화물,남,49세,경상
2023091300100287,2023년 9월 13일 13시,수요일,전라남도 장흥군 부산면,경상사고,0,0,2,0,차대차 - 추돌,안전거리미확보,건조,맑음,교차로 - 교차로부근,승용,남,35세,상해없음,승용,여,38세,경상
2023091300100288,2023년 9월 13일 13시,수요일,전라남도 광양시 성황동,경상사고,0,0,1,0,차대차 - 측면충돌,안전거리미확보,건조,맑음,교차로 - 교차로부근,승용,남,45세,상해없음,이륜,남,26세,경상
2023091300100325,2023년 9월 13일 14시,수요일,전라남도 목포시 용당동,중상사고,0,1,0,0,차대차 - 기타,안전운전불이행,건조,맑음,기타 - 기타,승용,여,34세,상해없음,이륜,남,68세,중상
2023091300100326,2023년 9월 13일 14시,수요일,전라남도 강진군 강진읍,부상신고사고,0,0,0,2,차대차 - 측면충돌,직진우회전진행방해,건조,맑음,교차로 - 교차로안,승용,여,51세,상해없음,승용,여,39세,부상신고
2023091300100327,2023년 9월 13일 14시,수요일,전라남도 곡성군 곡성읍,중상사고,0,2,0,0,차대차 - 추돌,안전운전불이행,건조,맑음,단일로 - 기타,화물,남,62세,상해없음,사륜오토바이(ATV),여,80세,중상
2023091300100410,2023년 9월 13일 16시,수요일,전라남도 여수시 국동,경상사고,0,0,1,0,차대차 - 기타,교차로운행방법위반,건조,맑음,교차로 - 교차로안,승용,여,28세,상해없음,승용,남,29세,경상
2023091300100449,2023년 9월 13일 17시,수요일,전라남도 목포시 용당동,경상사고,0,0,3,0,차대차 - 측면충돌,안전운전불이행,젖음/습기,비,단일로 - 기타,승합,남,45세,상해없음,승용,여,44세,경상
2023091300100450,2023년 9월 13일 17시,수요일,전라남도 나주시 남평읍,중상사고,0,1,0,0,차대사람 - 횡단중,안전운전불이행,건조,맑음,단일로 - 기타,화물,남,41세,상해없음,보행자,남,10세,중상
2023091300100451,2023년 9월 13일 17시,수요일,전라남도 구례군 간전면,경상사고,0,0,2,0,차대차 - 기타,안전운전불이행,건조,맑음,교차로 - 교차로안,승용,여,67세,상해없음,이륜,남,81세,경상
2023091300100571,2023년 9월 13일 19시,수요일,전라남도 목포시 산정동,경상사고,0,0,1,0,차대차 - 기타,안전운전불이행,건조,맑음,단일로 - 기타,승용,여,27세,상해없음,자전거,여,57세,경상
2023091300100628,2023년 9월 13일 20시,수요일,전라남도 목포시 산정동,경상사고,0,0,1,0,차대차 - 기타,안전운전불이행,젖음/습기,비,단일로 - 기타,승용,여,66세,상해없음,이륜,남,35세,경상
2023091300100683,2023년 9월 13일 22시,수요일,전라남도 순천시 해룡면,경상사고,0,0,1,0,차대사람 - 횡단중,보행자보호의무위반,젖음/습기,비,교차로 - 교차로횡단보도내,이륜,남,18세,상해없음,보행자,남,60세,경상
2023091400100026,2023년 9월 14일 01시,목요일,전라남도 목포시 용해동,경상사고,0,0,1,0,차대차 - 추돌,안전운전불이행,건조,맑음,단일로 - 기타,승용,남,78세,상해없음,승용,남,74세,상해없음
2023091400100066,2023년 9월 14일 06시,목요일,전라남도 목포시 상동,중상사고,0,1,0,0,차대사람 - 횡단중,신호위반,건조,맑음,기타 - 기타,승용,여,62세,상해없음,보행자,남,51세,중상
2023091400100088,2023년 9월 14일 07시,목요일,전라남도 순천시 연향동,경상사고,0,0,1,0,차대차 - 기타,직진우회전진행방해,건조,맑음,교차로 - 교차로안,화물,남,52세,상해없음,개인형이동수단(PM),남,16세,경상
2023091400100089,2023년 9월 14일 07시,목요일,전라남도 무안군 삼향읍,경상사고,0,0,2,0,차대차 - 추돌,기타,건조,맑음,단일로 - 기타,승용,남,17세,상해없음,승용,남,44세,경상
2023091400100090,2023년 9월 14일 07시,목요일,전라남도 광양시 금호동,중상사고,0,1,0,0,차량단독 - 공작물충돌,안전운전불이행,젖음/습기,비,단일로 - 기타,승용,남,29세,중상,,,,
2023091400100132,2023년 9월 14일 08시,목요일,전라남도 순천시 매곡동,경상사고,0,0,1,0,차대차 - 측면충돌,직진우회전진행방해,건조,맑음,교차로 - 교차로안,승용,여,31세,상해없음,승용,여,31세,경상
2023091400100133,2023년 9월 14일 08시,목요일,전라남도 고흥군 고흥읍,경상사고,0,0,1,0,차대사람 - 차도통행중,안전운전불이행,건조,맑음,단일로 - 기타,승용,여,66세,상해없음,보행자,남,82세,경상
2023091400100170,2023년 9월 14일 09시,목요일,전라남도 순천시 매곡동,경상사고,0,0,1,0,차대사람 - 기타,안전운전불이행,젖음/습기,흐림,교차로 - 교차로안,승용,남,76세,상해없음,보행자,남,75세,경상
2023091400100225,2023년 9월 14일 11시,목요일,전라남도 화순군 화순읍,경상사고,0,0,1,0,차대사람 - 횡단중,보행자보호의무위반,건조,흐림,교차로 - 교차로횡단보도내,이륜,남,19세,상해없음,보행자,여,50세,경상
2023091400100260,2023년 9월 14일 12시,목요일,전라남도 목포시 용해동,경상사고,0,0,1,0,차대차 - 측면충돌,안전운전불이행,젖음/습기,맑음,단일로 - 기타,승용,여,63세,상해없음,승용,남,37세,경상
2023091400100262,2023년 9월 14일 12시,목요일,전라남도 함평군 해보면,사망사고,1,0,0,0,차량단독 - 공작물충돌,안전운전불이행,건조,맑음,교차로 - 교차로부근,화물,남,70세,사망,,,,
2023091400100263,2023년 9월 14일 12시,목요일,전라남도 광양시 중동,경상사고,0,0,1,0,차대차 - 측면충돌,중앙선침범,젖음/습기,비,교차로 - 교차로부근,화물,남,33세,상해없음,승용,남,29세,경상
2023091400100291,2023년 9월 14일 13시,목요일,전라남도 순천시 연향동,부상신고사고,0,0,0,1,차대차 - 추돌,안전거리미확보,건조,맑음,교차로 - 교차로부근,승용,여,45세,상해없음,승용,여,31세,부상신고
2023091400100328,2023년 9월 14일 14시,목요일,전라남도 화순군 한천면,중상사고,0,1,2,0,차대차 - 측면충돌,교차로운행방법위반,젖음/습기,흐림,교차로 - 교차로안,건설기계,남,62세,기타불명,승합,남,33세,경상
2023091400100351,2023년 9월 14일 15시,목요일,전라남도 영암군 삼호읍,경상사고,0,0,1,0,차대차 - 추돌,안전운전불이행,젖음/습기,비,교차로 - 교차로안,승용,남,48세,기타불명,승용,여,28세,경상
2023091400100352,2023년 9월 14일 15시,목요일,전라남도 강진군 강진읍,경상사고,0,0,3,0,차대차 - 측면충돌,중앙선침범,건조,맑음,교차로 - 교차로안,승용,여,62세,경상,승용,남,27세,경상
2023091400100353,2023년 9월 14일 15시,목요일,전라남도 곡성군 곡성읍,중상사고,0,1,0,0,차대차 - 기타,직진우회전진행방해,건조,맑음,교차로 - 교차로안,자전거,여,58세,중상,승용,남,65세,상해없음
2023091400100385,2023년 9월 14일 16시,목요일,전라남도 목포시 석현동,경상사고,0,0,1,0,차대차 - 기타,안전거리미확보,건조,맑음,교차로 - 교차로안,승용,여,50세,상해없음,이륜,남,30세,경상
2023091400100386,2023년 9월 14일 16시,목요일,전라남도 목포시 연산동,중상사고,0,2,2,0,차대차 - 기타,신호위반,젖음/습기,흐림,교차로 - 교차로부근,승용,여,58세,상해없음,승용,남,65세,경상
2023091400100387,2023년 9월 14일 16시,목요일,전라남도 순천시 남정동,중상사고,0,1,0,0,차대사람 - 횡단중,보행자보호의무위반,젖음/습기,비,교차로 - 교차로횡단보도내,승용,여,59세,상해없음,보행자,여,81세,중상
2023091400100427,2023년 9월 14일 17시,목요일,전라남도 장성군 장성읍,경상사고,0,0,1,0,차대차 - 측면충돌,신호위반,건조,맑음,교차로 - 교차로안,승용,여,64세,상해없음,승용,남,63세,경상
2023091400100518,2023년 9월 14일 19시,목요일,전라남도 영암군 삼호읍,중상사고,0,1,0,0,차대차 - 측면충돌,안전운전불이행,젖음/습기,비,교차로 - 교차로횡단보도내,승용,남,31세,상해없음,자전거,남,61세,중상
2023091400100519,2023년 9월 14일 19시,목요일,전라남도 광양시 광양읍,중상사고,0,2,0,0,차대사람 - 차도통행중,안전운전불이행,젖음/습기,비,단일로 - 기타,승용,여,68세,상해없음,보행자,남,53세,중상
2023091400100546,2023년 9월 14일 20시,목요일,전라남도 장흥군 장흥읍,경상사고,0,0,4,0,차량단독 - 전도전복 - 전복,안전운전불이행,건조,맑음,단일로 - 기타,승용,남,44세,경상,,,,
2023091400100575,2023년 9월 14일 21시,목요일,전라남도 여수시 여서동,경상사고,0,0,1,0,차대차 - 기타,교차로운행방법위반,건조,맑음,교차로 - 교차로안,승용,남,37세,상해없음,승용,남,29세,경상
2023091400100595,2023년 9월 14일 22시,목요일,전라남도 화순군 화순읍,경상사고,0,0,1,0,차대사람 - 횡단중,신호위반,젖음/습기,비,교차로 - 교차로횡단보도내,이륜,남,16세,상해없음,보행자,남,12세,경상
2023091500100008,2023년 9월 15일 00시,금요일,전라남도 목포시 산정동,중상사고,0,1,0,0,차대사람 - 횡단중,안전운전불이행,젖음/습기,비,교차로 - 교차로부근,승용,남,53세,상해없음,보행자,남,81세,중상
2023091500100009,2023년 9월 15일 00시,금요일,전라남도 여수시 둔덕동,경상사고,0,0,2,0,차대차 - 추돌,안전운전불이행,젖음/습기,비,단일로 - 기타,승용,남,27세,상해없음,승용,여,41세,경상
2023091500100069,2023년 9월 15일 06시,금요일,전라남도 목포시 용해동,경상사고,0,0,1,0,차대차 - 추돌,안전운전불이행,건조,맑음,단일로 - 기타,승용,남,58세,상해없음,승용,남,51세,경상
2023091500100070,2023년 9월 15일 06시,금요일,전라남도 목포시 대양동,경상사고,0,0,1,0,차대차 - 추돌,안전운전불이행,건조,맑음,교차로 - 교차로부근,승용,남,37세,상해없음,승용,여,52세,경상
2023091500100089,2023년 9월 15일 07시,금요일,전라남도 여수시 공화동,경상사고,0,0,1,0,차대차 - 측면충돌,신호위반,건조,맑음,교차로 - 교차로안,승용,남,37세,상해없음,승용,남,73세,경상
2023091500100090,2023년 9월 15일 07시,금요일,전라남도 여수시 화양면,경상사고,0,0,1,0,차대차 - 측면충돌,신호위반,건조,맑음,교차로 - 교차로안,승용,남,51세,상해없음,승용,남,65세,경상
2023091500100091,2023년 9월 15일 07시,금요일,전라남도 영암군 삼호읍,경상사고,0,0,1,0,차량단독 - 전도전복 - 전도,안전운전불이행,젖음/습기,비,교차로 - 교차로안,이륜,남,53세,경상,,,,