사고번호,사고일시,요일,시군구,사고내용,사망자수,중상자수,경상자수,부상신고자수,사고유형,법규위반,노면상태,기상상태,도로형태,가해운전자 차종,가해운전자 성별,가해운전자 연령,가해운전자 상해정도,피해운전자 차종,피해운전자 성별,피해운전자 연령,피해운전자 상해정도
2023091500100120,2023년 9월 15일 08시,금요일,전라남도 영암군 삼호읍,경상사고,0,0,1,0,차대차 - 추돌,안전운전불이행,젖음/습기,흐림,교차로 - 교차로안,승용,남,52세,기타불명,승용,여,46세,경상
2023091500100121,2023년 9월 15일 08시,금요일,전라남도 완도군 약산면,경상사고,0,0,1,0,차대사람 - 차도통행중,안전운전불이행,건조,맑음,단일로 - 기타,화물,남,47세,상해없음,보행자,여,81세,경상
2023091500100163,2023년 9월 15일 09시,금요일,전라남도 나주시 봉황면,경상사고,0,0,1,0,차대차 - 정면충돌,중앙선침범,젖음/습기,비,교차로 - 교차로부근,화물,남,55세,상해없음,승용,남,59세,경상
2023091500100164,2023년 9월 15일 09시,금요일,전라남도 나주시 산포면,경상사고,0,0,1,0,차대차 - 측면충돌,직진우회전진행방해,건조,맑음,교차로 - 교차로안,승용,남,43세,상해없음,자전거,남,80세,경상
2023091500100165,2023년 9월 15일 09시,금요일,전라남도 영암군 삼호읍,경상사고,0,0,2,0,차대차 - 추돌,안전운전불이행,젖음/습기,흐림,교차로 - 교차로안,건설기계,남,50세,상해없음,승용,여,52세,경상
2023091500100188,2023년 9월 15일 10시,금요일,전라남도 여수시 미평동,경상사고,0,0,1,0,차대차 - 측면충돌,안전운전불이행,건조,맑음,단일로 - 기타,승용,남,78세,상해없음,승용,여,63세,경상
2023091500100189,2023년 9월 15일 10시,금요일,전라남도 장흥군 장흥읍,경상사고,0,0,1,0,차대차 - 기타,안전운전불이행,젖음/습기,흐림,기타 - 기타,화물,남,55세,상해없음,화물,남,56세,경상
2023091500100218,2023년 9월 15일 11시,금요일,전라남도 장성군 장성읍,중상사고,0,1,0,0,차대차 - 추돌,안전운전불이행,건조,맑음,교차로 - 교차로부근,승용,남,63세,상해없음,이륜,남,27세,중상
2023091500100219,2023년 9월 15일 11시,금요일,전라남도 담양군 수북면,경상사고,0,0,2,0,차대차 - 기타,기타,건조,맑음,교차로 - 교차로안,승용,남,79세,경상,승용,남,72세,경상
2023091500100220,2023년 9월 15일 11시,금요일,전라남도 신안군 압해읍,사망사고,1,0,0,0,차량단독 - 기타,안전운전불이행,건조,맑음,단일로 - 기타,화물,남,70세,상해없음,,,,
2023091500100247,2023년 9월 15일 12시,금요일,전라남도 영암군 삼호읍,경상사고,0,0,3,1,차대차 - 측면충돌,안전운전불이행,건조,맑음,교차로 - 교차로안,승용,남,39세,상해없음,화물,남,59세,경상
2023091500100290,2023년 9월 15일 13시,금요일,전라남도 광양시 봉강면,중상사고,0,1,0,0,차량단독 - 공작물충돌,안전운전불이행,건조,맑음,단일로 - 기타,화물,남,63세,상해없음,,,,
2023091500100353,2023년 9월 15일 15시,금요일,전라남도 목포시 용당동,경상사고,0,0,1,0,차대차 - 추돌,안전운전불이행,건조,흐림,단일로 - 기타,승용,남,74세,상해없음,승용,여,44세,경상
2023091500100354,2023년 9월 15일 15시,금요일,전라남도 순천시 가곡동,중상사고,0,1,0,0,차대차 - 측면충돌,직진우회전진행방해,건조,맑음,교차로 - 교차로안,화물,남,72세,상해없음,승용,남,50세,중상
2023091500100389,2023년 9월 15일 16시,금요일,전라남도 나주시 빛가람동,경상사고,0,0,2,0,차대차 - 후진중충돌,안전운전불이행,젖음/습기,흐림,교차로 - 교차로부근,승용,남,79세,상해없음,승용,남,31세,경상
2023091500100434,2023년 9월 15일 17시,금요일,전라남도 여수시 학동,경상사고,0,0,1,0,차대사람 - 횡단중,안전운전불이행,건조,맑음,교차로 - 교차로부근,승용,여,50세,기타불명,보행자,여,66세,경상
2023091500100490,2023년 9월 15일 18시,금요일,전라남도 담양군 담양읍,경상사고,0,0,2,0,차대차 - 측면충돌,안전거리미확보,건조,맑음,단일로 - 기타,화물,남,57세,상해없음,승용,남,63세,경상
2023091500100552,2023년 9월 15일 19시,금요일,전라남도 목포시 산정동,중상사고,0,1,0,0,차대사람 - 횡단중,보행자보호의무위반,건조,맑음,교차로 - 교차로횡단보도내,승용,남,24세,상해없음,보행자,남,69세,중상
2023091500100588,2023년 9월 15일 20시,금요일,전라남도 영암군 삼호읍,경상사고,0,0,1,0,차대차 - 측면충돌,안전운전불이행,건조,맑음,교차로 - 교차로안,승용,남,50세,상해없음,승용,남,32세,경상
2023091500100589,2023년 9월 15일 20시,금요일,전라남도 광양시 중동,중상사고,0,1,0,0,차대차 - 기타,직진우회전진행방해,건조,맑음,교차로 - 교차로안,승용,남,52세,상해없음,승용,남,62세,상해없음
2023091500100677,2023년 9월 15일 23시,금요일,전라남도 순천시 연향동,경상사고,0,0,1,0,차대차 - 측면충돌,기타,건조,맑음,교차로 - 교차로부근,승용,남,45세,상해없음,이륜,남,36세,경상
2023091500100678,2023년 9월 15일 23시,금요일,전라남도 순천시 동외동,부상신고사고,0,0,0,1,차대차 - 기타,교차로운행방법위반,건조,맑음,교차로 - 교차로안,승용,여,43세,기타불명,승용,여,26세,부상신고
2023091600100055,2023년 9월 16일 05시,토요일,전라남도 순천시 해룡면,경상사고,0,0,2,0,차대차 - 기타,안전운전불이행,건조,맑음,단일로 - 기타,화물,남,57세,기타불명,승용,남,65세,경상
2023091600100064,2023년 9월 16일 06시,토요일,전라남도 여수시 주삼동,경상사고,0,0,3,0,차대차 - 추돌,안전거리미확보,젖음/습기,비,교차로 - 교차로부근,화물,남,28세,상해없음,승용,남,43세,경상
2023091600100095,2023년 9월 16일 08시,토요일,전라남도 목포시 상동,경상사고,0,0,1,0,차대차 - 후진중충돌,안전운전불이행,건조,맑음,교차로 - 교차로안,승용,남,38세,상해없음,승용,여,51세,경상
2023091600100096,2023년 9월 16일 08시,토요일,전라남도 장성군 장성읍,중상사고,0,1,0,0,차대사람 - 차도통행중,안전운전불이행,건조,맑음,교차로 - 교차로부근,자전거,여,85세,중상,보행자,남,10세,상해없음
2023091600100116,2023년 9월 16일 09시,토요일,전라남도 여수시 둔덕동,경상사고,0,0,3,0,차대차 - 추돌,안전운전불이행,젖음/습기,비,단일로 - 기타,화물,남,48세,기타불명,승용,여,34세,경상
2023091600100117,2023년 9월 16일 09시,토요일,전라남도 강진군 강진읍,경상사고,0,0,1,0,차대사람 - 기타,안전운전불이행,건조,맑음,단일로 - 기타,승용,남,75세,상해없음,보행자,여,41세,경상
2023091600100118,2023년 9월 16일 09시,토요일,전라남도 진도군 임회면,중상사고,0,1,0,0,차대사람 - 길가장자리구역통행중,안전운전불이행,건조,맑음,단일로 - 기타,승용,남,57세,상해없음,보행자,여,88세,중상
2023091600100182,2023년 9월 16일 11시,토요일,전라남도 여수시 덕충동,경상사고,0,0,2,0,차대차 - 기타,차로위반,젖음/습기,비,단일로 - 기타,승용,남,73세,상해없음,승용,여,33세,경상
2023091600100183,2023년 9월 16일 11시,토요일,전라남도 곡성군 곡성읍,경상사고,0,0,1,0,차대차 - 기타,중앙선침범,건조,맑음,단일로 - 기타,승용,남,69세,상해없음,개인형이동수단(PM),여,74세,경상
2023091600100224,2023년 9월 16일 12시,토요일,전라남도 목포시 용당동,경상사고,0,0,3,0,차대차 - 기타,안전운전불이행,건조,맑음,단일로 - 기타,승용,여,49세,경상,승용,여,58세,경상
2023091600100225,2023년 9월 16일 12시,토요일,전라남도 여수시 덕충동,중상사고,0,1,0,0,차대차 - 측면충돌,안전운전불이행,젖음/습기,비,단일로 - 기타,승용,남,74세,상해없음,화물,남,64세,기타불명
2023091600100226,2023년 9월 16일 12시,토요일,전라남도 여수시 화장동,중상사고,0,2,0,0,차대차 - 기타,차로위반,젖음/습기,흐림,단일로 - 기타,승용,남,59세,중상,승용,남,27세,중상
2023091600100227,2023년 9월 16일 12시,토요일,전라남도 영암군 덕진면,경상사고,0,0,1,0,차대차 - 추돌,안전운전불이행,젖음/습기,비,교차로 - 교차로안,화물,남,68세,기타불명,승용,남,36세,경상
2023091600100261,2023년 9월 16일 13시,토요일,전라남도 나주시 반남면,중상사고,0,3,0,0,차대차 - 측면충돌,기타,젖음/습기,비,교차로 - 교차로부근,승용,남,70세,상해없음,승용,남,69세,상해없음
2023091600100262,2023년 9월 16일 13시,토요일,전라남도 나주시 문평면,중상사고,0,1,3,0,차대차 - 추돌,안전운전불이행,젖음/습기,비,단일로 - 터널,승용,남,63세,경상,승용,남,58세,경상
2023091600100304,2023년 9월 16일 14시,토요일,전라남도 여수시 덕충동,중상사고,0,1,0,0,차대차 - 측면충돌,안전운전불이행,젖음/습기,비,교차로 - 교차로안,승용,남,66세,기타불명,이륜,남,46세,중상
2023091600100305,2023년 9월 16일 14시,토요일,전라남도 여수시 관문동,경상사고,0,0,1,0,차대차 - 측면충돌,교차로운행방법위반,건조,맑음,교차로 - 교차로안,승용,남,43세,상해없음,승용,여,41세,경상
2023091600100306,2023년 9월 16일 14시,토요일,전라남도 진도군 진도읍,경상사고,0,0,5,1,차대차 - 측면충돌,차로위반,젖음/습기,비,교차로 - 교차로부근,승용,여,69세,부상신고,승용,여,30세,경상
2023091600100330,2023년 9월 16일 15시,토요일,전라남도 고흥군 고흥읍,경상사고,0,0,4,1,차량단독 - 공작물충돌,안전운전불이행,젖음/습기,비,단일로 - 기타,승합,남,33세,상해없음,,,,
2023091600100331,2023년 9월 16일 15시,토요일,전라남도 영암군 덕진면,경상사고,0,0,1,0,차대차 - 추돌,안전운전불이행,젖음/습기,비,교차로 - 교차로안,화물,남,54세,기타불명,화물,남,50세,경상
2023091600100371,2023년 9월 16일 16시,토요일,전라남도 나주시 남평읍,중상사고,0,1,2,0,차대차 - 측면충돌,안전운전불이행,젖음/습기,비,교차로 - 교차로부근,승용,남,76세,상해없음,승용,남,47세,경상
2023091600100413,2023년 9월 16일 17시,토요일,전라남도 여수시 중앙동,경상사고,0,0,2,0,차대차 - 측면충돌,안전거리미확보,건조,맑음,교차로 - 교차로안,승용,남,64세,기타불명,승용,남,26세,경상
2023091600100414,2023년 9월 16일 17시,토요일,전라남도 영암군 삼호읍,경상사고,0,0,1,0,차대차 - 측면충돌,중앙선침범,건조,맑음,단일로 - 기타,자전거,여,38세,경상,승용,남,35세,상해없음
2023091600100491,2023년 9월 16일 19시,토요일,전라남도 나주시 평산동,중상사고,0,1,1,0,차대차 - 측면충돌,안전운전불이행,건조,맑음,교차로 - 교차로안,승용,여,51세,경상,승용,여,63세,중상
2023091600100557,2023년 9월 16일 21시,토요일,전라남도 나주시 빛가람동,경상사고,0,0,2,0,차대차 - 정면충돌,안전운전불이행,건조,맑음,단일로 - 기타,승용,여,60세,상해없음,승용,여,32세,경상
2023091700100010,2023년 9월 17일 00시,일요일,전라남도 나주시 산포면,경상사고,0,0,3,0,차대차 - 측면충돌,안전운전불이행,건조,맑음,단일로 - 기타,승용,남,21세,상해없음,승용,남,50세,경상
2023091700100011,2023년 9월 17일 00시,일요일,전라남도 무안군 삼향읍,경상사고,0,0,1,0,차대차 - 추돌,안전운전불이행,건조,맑음,단일로 - 기타,승용,남,56세,상해없음,승용,남,22세,경상
2023091700100028,2023년 9월 17일 02시,일요일,전라남도 목포시 산정동,경상사고,0,0,3,0,차대차 - 측면충돌,교차로운행방법위반,건조,맑음,교차로 - 교차로안,승용,남,47세,상해없음,승용,남,21세,경상
2023091700100051,2023년 9월 17일 05시,일요일,전라남도 여수시 학동,경상사고,0,0,1,0,차대사람 - 기타,안전운전불이행,젖음/습기,비,단일로 - 기타,승용,여,55세,상해없음,보행자,남,45세,경상
2023091700100060,2023년 9월 17일 06시,일요일,전라남도 여수시 광무동,부상신고사고,0,0,0,1,차대차 - 기타,교차로운행방법위반,젖음/습기,비,교차로 - 교차로부근,승용,남,42세,상해없음,자전거,남,26세,부상신고
2023091700100068,2023년 9월 17일 07시,일요일,전라남도 여수시 국동,경상사고,0,0,2,0,차대차 - 기타,안전운전불이행,건조,맑음,주차장 - 주차장,승용,남,58세,상해없음,화물,남,44세,상해없음
2023091700100098,2023년 9월 17일 09시,일요일,전라남도 목포시 옥암동,경상사고,0,0,1,0,차대차 - 기타,신호위반,건조,맑음,교차로 - 교차로안,승용,남,52세,상해없음,승용,남,28세,경상
2023091700100121,2023년 9월 17일 10시,일요일,전라남도 여수시 소라면,경상사고,0,0,1,0,차대차 - 측면충돌,신호위반,건조,맑음,교차로 - 교차로안,화물,남,49세,상해없음,승용,여,53세,경상
2023091700100122,2023년 9월 17일 10시,일요일,전라남도 순천시 조곡동,경상사고,0,0,1,0,차대차 - 측면충돌,교차로운행방법위반,건조,흐림,교차로 - 교차로안,화물,남,72세,상해없음,승용,여,68세,경상
2023091700100147,2023년 9월 17일 11시,일요일,전라남도 여수시 여천동,경상사고,0,0,1,0,차대차 - 측면충돌,안전운전불이행,건조,흐림,교차로 - 교차로부근,승용,여,48세,상해없음,승합,남,58세,경상
2023091700100170,2023년 9월 17일 12시,일요일,전라남도 순천시 해룡면,경상사고,0,0,3,0,차대차 - 측면충돌,교차로운행방법위반,건조,맑음,교차로 - 교차로안,승용,남,58세,경상,승용,남,57세,경상
2023091700100199,2023년 9월 17일 13시,일요일,전라남도 담양군 수북면,경상사고,0,0,5,0,차대차 - 추돌,안전운전불이행,건조,맑음,단일로 - 기타,승용,남,77세,상해없음,승용,남,35세,경상
2023091700100245,2023년 9월 17일 14시,일요일,전라남도 여수시 중앙동,경상사고,0,0,3,0,차대차 - 후진중충돌,안전운전불이행,건조,맑음,단일로 - 기타,승용,여,68세,상해없음,승용,남,42세,경상
2023091700100246,2023년 9월 17일 14시,일요일,전라남도 여수시 국동,경상사고,0,0,1,0,차대사람 - 기타,안전운전불이행,건조,흐림,주차장 - 주차장,승용,남,33세,기타불명,보행자,남,80세,경상
2023091700100247,2023년 9월 17일 14시,일요일,전라남도 담양군 담양읍,중상사고,0,1,0,0,차대사람 - 기타,안전운전불이행,건조,맑음,단일로 - 기타,승용,여,68세,상해없음,보행자,여,62세,중상
2023091700100280,2023년 9월 17일 15시,일요일,전라남도 목포시 산정동,경상사고,0,0,3,0,차대차 - 기타,안전운전불이행,건조,맑음,기타 - 기타,승용,남,79세,상해없음,승용,남,22세,경상
2023091700100311,2023년 9월 17일 16시,일요일,전라남도 영암군 삼호읍,중상사고,0,1,0,0,차대차 - 측면충돌,안전운전불이행,건조,맑음,단일로 - 기타,승용,여,45세,중상,승용,기타불명,미분류,기타불명
2023091700100335,2023년 9월 17일 17시,일요일,전라남도 담양군 담양읍,경상사고,0,0,1,0,차대차 - 추돌,안전운전불이행,건조,맑음,교차로 - 교차로부근,승용,남,71세,상해없음,승용,여,22세,경상
2023091700100419,2023년 9월 17일 20시,일요일,전라남도 순천시 연향동,경상사고,0,0,1,0,차대사람 - 길가장자리구역통행중,안전운전불이행,젖음/습기,비,교차로 - 교차로부근,승용,남,66세,상해없음,보행자,남,47세,경상
2023091800100022,2023년 9월 18일 05시,월요일,전라남도 여수시 월내동,경상사고,0,0,1,0,차대차 - 추돌,중앙선침범,젖음/습기,비,교차로 - 교차로부근,승용,여,45세,기타불명,승용,남,64세,경상
2023091800100023,2023년 9월 18일 05시,월요일,전라남도 화순군 화순읍,경상사고,0,0,1,0,차대차 - 측면충돌,신호위반,건조,맑음,교차로 - 교차로안,화물,남,39세,기타불명,승용,남,44세,경상
2023091800100066,2023년 9월 18일 07시,월요일,전라남도 광양시 광양읍,중상사고,0,5,41,0,차대차 - 추돌,안전거리미확보,건조,맑음,단일로 - 기타,승합,남,69세,상해없음,승합,남,66세,경상
2023091800100103,2023년 9월 18일 08시,월요일,전라남도 무안군 무안읍,경상사고,0,0,1,0,차대차 - 기타,신호위반,건조,맑음,교차로 - 교차로안,승용,남,77세,상해없음,승용,여,47세,경상
2023091800100149,2023년 9월 18일 09시,월요일,전라남도 여수시 봉계동,중상사고,0,1,0,0,차대사람 - 기타,기타,건조,맑음,기타 - 기타,승합,남,73세,상해없음,보행자,여,71세,중상
2023091800100150,2023년 9월 18일 09시,월요일,전라남도 순천시 연향동,중상사고,0,1,0,0,차대사람 - 횡단중,안전운전불이행,건조,맑음,교차로 - 교차로부근,화물,남,60세,상해없음,보행자,여,63세,중상
2023091800100183,2023년 9월 18일 10시,월요일,전라남도 나주시 왕곡면,중상사고,0,1,3,0,차대차 - 측면충돌,교차로운행방법위반,건조,맑음,교차로 - 교차로안,승용,여,56세,상해없음,승합,남,56세,상해없음
2023091800100249,2023년 9월 18일 12시,월요일,전라남도 나주시 남평읍,중상사고,0,1,0,0,차대차 - 측면충돌,안전운전불이행,건조,맑음,교차로 - 교차로안,화물,남,64세,상해없음,자전거,여,77세,중상
2023091800100283,2023년 9월 18일 13시,월요일,전라남도 목포시 옥암동,경상사고,0,0,2,0,차대차 - 기타,신호위반,건조,맑음,교차로 - 교차로안,승용,여,45세,상해없음,승용,여,37세,경상
2023091800100284,2023년 9월 18일 13시,월요일,전라남도 순천시 동외동,경상사고,0,0,1,0,차대차 - 측면충돌,직진우회전진행방해,건조,맑음,단일로 - 기타,승용,남,44세,상해없음,승용,남,75세,경상
2023091800100285,2023년 9월 18일 13시,월요일,전라남도 신안군 압해읍,경상사고,0,0,2,0,차대차 - 측면충돌,중앙선침범,건조,맑음,기타 - 기타,승용,여,60세,상해없음,특수,여,52세,경상
2023091800100314,2023년 9월 18일 14시,월요일,전라남도 나주시 왕곡면,경상사고,0,0,1,0,차대차 - 측면충돌,안전운전불이행,건조,맑음,교차로 - 교차로안,승용,남,70세,상해없음,승용,남,26세,경상
2023091800100315,2023년 9월 18일 14시,월요일,전라남도 영광군 영광읍,경상사고,0,0,1,0,차대차 - 측면충돌,안전거리미확보,건조,맑음,교차로 - 교차로부근,화물,남,62세,기타불명,승용,남,47세,경상
2023091800100316,2023년 9월 18일 14시,월요일,전라남도 광양시 중동,경상사고,0,0,2,0,차대차 - 측면충돌,안전운전불이행,건조,맑음,단일로 - 기타,화물,남,69세,상해없음,승용,여,35세,경상
2023091800100356,2023년 9월 18일 15시,월요일,전라남도 순천시 승주읍,경상사고,0,0,2,0,차대차 - 측면충돌,중앙선침범,건조,맑음,단일로 - 기타,승용,남,49세,상해없음,승용,여,41세,경상
2023091800100357,2023년 9월 18일 15시,월요일,전라남도 나주시 평산동,경상사고,0,0,3,0,차대차 - 추돌,안전거리미확보,건조,맑음,단일로 - 기타,화물,남,60세,상해없음,화물,남,57세,경상
2023091800100406,2023년 9월 18일 16시,월요일,전라남도 목포시 산정동,경상사고,0,0,1,0,차대차 - 추돌,안전운전불이행,건조,맑음,단일로 - 기타,승용,남,57세,기타불명,화물,남,58세,경상
2023091800100407,2023년 9월 18일 16시,월요일,전라남도 여수시 화장동,경상사고,0,0,1,0,차대사람 - 기타,안전운전불이행,건조,맑음,기타 - 기타,승용,여,43세,상해없음,보행자,여,10세,경상
2023091800100408,2023년 9월 18일 16시,월요일,전라남도 강진군 강진읍,중상사고,0,1,0,0,차대사람 - 횡단중,보행자보호의무위반,건조,맑음,교차로 - 교차로부근,승용,남,58세,상해없음,보행자,여,7세,중상
2023091800100409,2023년 9월 18일 16시,월요일,전라남도 광양시 중동,경상사고,0,0,1,0,차대차 - 측면충돌,차로위반,건조,맑음,단일로 - 기타,이륜,남,28세,상해없음,승용,남,31세,경상
2023091800100410,2023년 9월 18일 16시,월요일,전라남도 광양시 중동,경상사고,0,0,2,0,차대차 - 측면충돌,안전운전불이행,건조,맑음,교차로 - 교차로안,특수,남,66세,상해없음,승용,남,62세,경상
2023091800100461,2023년 9월 18일 17시,월요일,전라남도 여수시 중흥동,경상사고,0,0,1,0,차대차 - 추돌,안전운전불이행,건조,맑음,단일로 - 기타,승용,남,62세,상해없음,승용,남,36세,경상
2023091800100462,2023년 9월 18일 17시,월요일,전라남도 해남군 해남읍,경상사고,0,0,1,0,차대차 - 측면충돌,안전운전불이행,건조,맑음,단일로 - 기타,승용,여,70세,기타불명,승용,남,28세,경상
2023091800100463,2023년 9월 18일 17시,월요일,전라남도 영광군 홍농읍,중상사고,0,1,0,0,차대사람 - 차도통행중,안전운전불이행,건조,맑음,단일로 - 기타,승용,남,64세,상해없음,보행자,남,78세,중상
2023091800100516,2023년 9월 18일 18시,월요일,전라남도 담양군 담양읍,경상사고,0,0,1,0,차대차 - 측면충돌,안전거리미확보,건조,맑음,교차로 - 교차로안,승용,남,67세,상해없음,화물,남,26세,경상
2023091800100595,2023년 9월 18일 20시,월요일,전라남도 함평군 함평읍,경상사고,0,0,1,0,차대사람 - 차도통행중,안전운전불이행,건조,맑음,교차로 - 교차로안,화물,남,47세,상해없음,보행자,남,55세,경상
2023091800100620,2023년 9월 18일 21시,월요일,전라남도 순천시 연향동,경상사고,0,0,1,0,차량단독 - 기타,안전운전불이행,건조,맑음,단일로 - 기타,승용,남,62세,상해없음,,,,
2023091800100646,2023년 9월 18일 22시,월요일,전라남도 영암군 영암읍,경상사고,0,0,3,0,차대차 - 측면충돌,안전운전불이행,건조,맑음,교차로 - 교차로안,승용,남,57세,경상,승용,남,27세,경상
2023091900100005,2023년 9월 19일 00시,화요일,전라남도 목포시 산정동,중상사고,0,2,0,0,차대사람 - 기타,신호위반,건조,맑음,교차로 - 교차로안,승용,남,23세,상해없음,보행자,남,46세,중상
2023091900100071,2023년 9월 19일 07시,화요일,전라남도 여수시 중흥동,경상사고,0,0,1,0,차대차 - 측면충돌,신호위반,건조,맑음,교차로 - 교차로안,승용,남,48세,상해없음,승용,남,39세,경상
2023091900100072,2023년 9월 19일 07시,화요일,전라남도 고흥군 도화면,사망사고,1,0,0,0,차량단독 - 도로외이탈 - 추락,안전운전불이행,건조,맑음,단일로 - 기타,원동기,남,60세,사망,,,,
2023091900100109,2023년 9월 19일 08시,화요일,전라남도 목포시 산정동,경상사고,0,0,2,0,차대차 - 추돌,안전거리미확보,건조,맑음,교차로 - 교차로안,승용,여,63세,기타불명,승용,여,32세,경상
2023091900100110,2023년 9월 19일 08시,화요일,전라남도 여수시 문수동,경상사고,0,0,1,0,차대차 - 추돌,교차로운행방법위반,건조,맑음,교차로 - 교차로안,승용,여,40세,기타불명,승용,여,24세,경상
2023091900100147,2023년 9월 19일 09시,화요일,전라남도 나주시 남평읍,사망사고,1,0,0,0,차량단독 - 전도전복 - 전도,안전운전불이행,건조,맑음,기타 - 기타,농기계,남,85세,사망,,,,
2023091900100148,2023년 9월 19일 09시,화요일,전라남도 강진군 강진읍,경상사고,0,0,1,0,차량단독 - 공작물충돌,안전운전불이행,건조,맑음,단일로 - 기타,승용,여,65세,경상,,,,
2023091900100215,2023년 9월 19일 11시,화요일,전라남도 영암군 삼호읍,경상사고,0,0,2,0,차대차 - 측면충돌,신호위반,건조,맑음,교차로 - 교차로안,승용,여,44세,경상,특수,남,69세,경상
2023091900100252,2023년 9월 19일 12시,화요일,전라남도 순천시 가곡동,경상사고,0,0,6,0,차대차 - 측면충돌,교차로운행방법위반,건조,맑음,교차로 - 교차로안,승용,여,65세,상해없음,승용,남,66세,경상
2023091900100253,2023년 9월 19일 12시,화요일,전라남도 영광군 백수읍,경상사고,0,0,1,0,차량단독 - 공작물충돌,안전운전불이행,건조,맑음,단일로 - 기타,이륜,남,83세,경상,,,,
2023091900100278,2023년 9월 19일 13시,화요일,전라남도 목포시 산정동,경상사고,0,0,2,1,차대차 - 기타,안전운전불이행,건조,맑음,단일로 - 기타,화물,남,38세,경상,승용,남,71세,경상
2023091900100279,2023년 9월 19일 13시,화요일,전라남도 순천시 해룡면,경상사고,0,0,1,0,차대사람 - 횡단중,보행자보호의무위반,건조,맑음,교차로 - 교차로횡단보도내,승합,남,43세,상해없음,보행자,여,52세,경상
2023091900100314,2023년 9월 19일 14시,화요일,전라남도 목포시 상동,중상사고,0,1,0,0,차대차 - 기타,안전운전불이행,건조,맑음,교차로 - 교차로부근,승용,여,38세,상해없음,이륜,남,24세,중상
2023091900100344,2023년 9월 19일 15시,화요일,전라남도 보성군 미력면,사망사고,1,0,0,0,차량단독 - 공작물충돌,안전운전불이행,건조,맑음,단일로 - 기타,화물,남,60세,사망,,,,
2023091900100345,2023년 9월 19일 15시,화요일,전라남도 신안군 팔금면,경상사고,0,0,2,0,차대차 - 정면충돌,중앙선침범,건조,맑음,단일로 - 기타,승용,여,45세,경상,화물,남,38세,경상
2023091900100379,2023년 9월 19일 16시,화요일,전라남도 여수시 미평동,경상사고,0,0,1,0,차대차 - 측면충돌,교차로운행방법위반,건조,맑음,교차로 - 교차로안,승용,여,53세,기타불명,승용,남,68세,경상
2023091900100417,2023년 9월 19일 17시,화요일,전라남도 여수시 문수동,경상사고,0,0,1,0,차대차 - 측면충돌,안전운전불이행,건조,맑음,교차로 - 교차로부근,승합,남,78세,상해없음,승용,여,29세,경상
2023091900100458,2023년 9월 19일 18시,화요일,전라남도 나주시 남평읍,중상사고,0,1,0,0,차대차 - 측면충돌,신호위반,건조,맑음,교차로 - 교차로안,승용,여,36세,상해없음,원동기,남,69세,중상
2023091900100459,2023년 9월 19일 18시,화요일,전라남도 광양시 중동,경상사고,0,0,1,0,차대차 - 측면충돌,신호위반,건조,맑음,교차로 - 교차로안,승용,남,38세,상해없음,이륜,남,30세,경상
2023091900100525,2023년 9월 19일 20시,화요일,전라남도 목포시 죽교동,경상사고,0,0,2,0,차대차 - 측면충돌,교차로운행방법위반,건조,맑음,교차로 - 교차로부근,특수,남,64세,상해없음,승용,남,49세,경상
2023092000100015,2023년 9월 20일 01시,수요일,전라남도 여수시 문수동,경상사고,0,0,2,0,차대차 - 기타,차로위반,건조,맑음,단일로 - 기타,특수,남,71세,상해없음,승용,남,49세,경상
2023092000100121,2023년 9월 20일 08시,수요일,전라남도 여수시 웅천동,경상사고,0,0,1,0,차대차 - 측면충돌,교차로운행방법위반,건조,맑음,교차로 - 교차로안,승용,여,43세,상해없음,승용,남,33세,경상
2023092000100122,2023년 9월 20일 08시,수요일,전라남도 고흥군 도양읍,경상사고,0,0,1,0,차대차 - 기타,기타,건조,맑음,교차로 - 교차로부근,승용,여,65세,상해없음,자전거,남,13세,경상
2023092000100123,2023년 9월 20일 08시,수요일,전라남도 신안군 압해읍,경상사고,0,0,1,0,차대차 - 측면충돌,안전운전불이행,건조,맑음,단일로 - 기타,화물,남,74세,상해없음,건설기계,남,34세,경상
2023092000100240,2023년 9월 20일 11시,수요일,전라남도 목포시 옥암동,경상사고,0,0,1,0,차대차 - 추돌,안전운전불이행,건조,흐림,교차로 - 교차로부근,승합,남,78세,상해없음,승용,여,41세,경상
2023092000100241,2023년 9월 20일 11시,수요일,전라남도 나주시 금천면,경상사고,0,0,1,0,차대차 - 측면충돌,직진우회전진행방해,건조,맑음,교차로 - 교차로안,화물,남,65세,상해없음,원동기,남,70세,경상
2023092000100242,2023년 9월 20일 11시,수요일,전라남도 함평군 대동면,중상사고,0,1,2,0,차대차 - 기타,안전운전불이행,젖음/습기,비,단일로 - 기타,승용,남,71세,경상,화물,남,74세,중상
2023092000100243,2023년 9월 20일 11시,수요일,전라남도 담양군 담양읍,경상사고,0,0,1,0,차대차 - 기타,중앙선침범,젖음/습기,비,단일로 - 기타,승용,남,50세,기타불명,승용,남,61세,경상
2023092000100340,2023년 9월 20일 14시,수요일,전라남도 영광군 영광읍,경상사고,0,0,1,0,차대차 - 측면충돌,안전운전불이행,젖음/습기,비,교차로 - 교차로안,승용,여,52세,경상,화물,남,81세,상해없음
2023092000100375,2023년 9월 20일 15시,수요일,전라남도 여수시 평여동,경상사고,0,0,1,0,차대차 - 추돌,안전운전불이행,젖음/습기,비,교차로 - 교차로부근,화물,남,42세,상해없음,승용,남,41세,경상