사고번호,사고일시,요일,시군구,사고내용,사망자수,중상자수,경상자수,부상신고자수,사고유형,법규위반,노면상태,기상상태,도로형태,가해운전자 차종,가해운전자 성별,가해운전자 연령,가해운전자 상해정도,피해운전자 차종,피해운전자 성별,피해운전자 연령,피해운전자 상해정도
2023092000100376,2023년 9월 20일 15시,수요일,전라남도 영광군 법성면,경상사고,0,0,3,0,차대차 - 측면충돌,직진우회전진행방해,젖음/습기,비,교차로 - 교차로안,화물,남,65세,경상,화물,남,24세,경상
2023092000100377,2023년 9월 20일 15시,수요일,전라남도 화순군 화순읍,경상사고,0,0,1,0,차대차 - 측면충돌,신호위반,건조,흐림,교차로 - 교차로안,승용,여,48세,상해없음,승용,남,52세,경상
2023092000100425,2023년 9월 20일 16시,수요일,전라남도 순천시 상사면,중상사고,0,1,0,0,차대차 - 기타,안전운전불이행,건조,맑음,기타 - 기타,승용,여,55세,기타불명,승용,여,45세,중상
2023092000100481,2023년 9월 20일 17시,수요일,전라남도 여수시 봉산동,경상사고,0,0,2,0,차대차 - 정면충돌,신호위반,건조,맑음,교차로 - 교차로안,승용,남,71세,경상,승용,남,41세,경상
2023092000100482,2023년 9월 20일 17시,수요일,전라남도 완도군 완도읍,경상사고,0,0,2,0,차대차 - 측면충돌,교차로운행방법위반,건조,맑음,교차로 - 교차로부근,화물,남,81세,상해없음,승용,여,42세,경상
2023092000100483,2023년 9월 20일 17시,수요일,전라남도 완도군 신지면,경상사고,0,0,1,0,차대차 - 추돌,안전운전불이행,건조,맑음,단일로 - 기타,화물,남,66세,상해없음,승용,남,35세,경상
2023092000100540,2023년 9월 20일 18시,수요일,전라남도 광양시 중동,경상사고,0,0,1,0,차대차 - 기타,중앙선침범,젖음/습기,비,기타 - 기타,승용,남,53세,상해없음,이륜,남,32세,경상
2023092000100688,2023년 9월 20일 21시,수요일,전라남도 여수시 율촌면,사망사고,1,0,0,0,차대사람 - 기타,안전운전불이행,젖음/습기,비,단일로 - 기타,승용,남,62세,상해없음,보행자,남,53세,사망
2023092000100689,2023년 9월 20일 21시,수요일,전라남도 함평군 학교면,경상사고,0,0,1,0,차량단독 - 기타,안전운전불이행,젖음/습기,비,교차로 - 교차로안,승용,남,52세,경상,,,,
2023092000100690,2023년 9월 20일 21시,수요일,전라남도 광양시 중동,경상사고,0,0,1,0,차대차 - 추돌,안전운전불이행,건조,맑음,교차로 - 교차로부근,승용,남,48세,상해없음,승용,여,61세,경상
2023092000100714,2023년 9월 20일 22시,수요일,전라남도 목포시 상동,경상사고,0,0,2,0,차대차 - 추돌,안전운전불이행,건조,맑음,교차로 - 교차로부근,승용,여,66세,경상,승용,남,62세,경상
2023092100100062,2023년 9월 21일 07시,목요일,전라남도 여수시 봉계동,경상사고,0,0,1,0,차대차 - 측면충돌,교차로운행방법위반,젖음/습기,비,교차로 - 교차로안,승용,여,51세,상해없음,승용,남,68세,경상
2023092100100105,2023년 9월 21일 08시,목요일,전라남도 고흥군 도양읍,경상사고,0,0,1,0,차대차 - 기타,안전운전불이행,건조,맑음,기타 - 기타,사륜오토바이(ATV),여,65세,경상,승용,여,53세,상해없음
2023092100100150,2023년 9월 21일 09시,목요일,전라남도 여수시 신월동,경상사고,0,0,3,0,차대차 - 추돌,기타,젖음/습기,비,기타 - 기타,승용,남,64세,상해없음,승용,남,52세,경상
2023092100100151,2023년 9월 21일 09시,목요일,전라남도 강진군 성전면,경상사고,0,0,1,1,차대차 - 추돌,안전운전불이행,젖음/습기,비,단일로 - 기타,승용,여,37세,부상신고,승용,여,63세,경상
2023092100100152,2023년 9월 21일 09시,목요일,전라남도 광양시 중동,경상사고,0,0,1,0,차대차 - 기타,안전거리미확보,건조,맑음,단일로 - 기타,승용,여,53세,상해없음,승용,남,26세,경상
2023092100100192,2023년 9월 21일 10시,목요일,전라남도 고흥군 고흥읍,중상사고,0,1,0,0,차대사람 - 기타,안전운전불이행,건조,맑음,단일로 - 기타,승용,여,67세,상해없음,보행자,남,64세,중상
2023092100100240,2023년 9월 21일 11시,목요일,전라남도 나주시 중앙동,경상사고,0,0,1,0,차대차 - 측면충돌,안전운전불이행,건조,맑음,교차로 - 교차로안,승용,남,85세,상해없음,승용,남,66세,경상
2023092100100241,2023년 9월 21일 11시,목요일,전라남도 광양시 진월면,경상사고,0,0,1,0,차대차 - 기타,안전운전불이행,젖음/습기,흐림,단일로 - 기타,특수,남,32세,상해없음,승용,남,57세,경상
2023092100100293,2023년 9월 21일 13시,목요일,전라남도 목포시 석현동,경상사고,0,0,4,0,차대차 - 측면충돌,안전거리미확보,건조,맑음,기타 - 기타,승용,남,57세,기타불명,승용,여,30세,경상
2023092100100294,2023년 9월 21일 13시,목요일,전라남도 신안군 비금면,중상사고,0,1,0,0,차대차 - 측면충돌,중앙선침범,건조,맑음,단일로 - 기타,화물,여,72세,상해없음,원동기,남,89세,중상
2023092100100330,2023년 9월 21일 14시,목요일,전라남도 목포시 상동,경상사고,0,0,1,0,차대차 - 기타,안전운전불이행,건조,맑음,기타 - 기타,화물,남,54세,상해없음,승용,남,47세,상해없음
2023092100100331,2023년 9월 21일 14시,목요일,전라남도 순천시 해룡면,경상사고,0,0,1,0,차대차 - 측면충돌,안전운전불이행,건조,맑음,교차로 - 교차로부근,화물,남,30세,상해없음,승용,여,57세,경상
2023092100100353,2023년 9월 21일 15시,목요일,전라남도 해남군 해남읍,경상사고,0,0,2,0,차대차 - 측면충돌,안전운전불이행,건조,맑음,교차로 - 교차로안,승용,여,64세,상해없음,승용,남,79세,경상
2023092100100354,2023년 9월 21일 15시,목요일,전라남도 함평군 학교면,중상사고,0,1,0,0,차대사람 - 횡단중,안전운전불이행,건조,맑음,교차로 - 교차로부근,승용,남,67세,상해없음,보행자,여,85세,중상
2023092100100355,2023년 9월 21일 15시,목요일,전라남도 광양시 광양읍,경상사고,0,0,1,0,차대차 - 추돌,안전거리미확보,건조,맑음,교차로 - 교차로부근,화물,남,65세,상해없음,승용,남,54세,경상
2023092100100385,2023년 9월 21일 16시,목요일,전라남도 목포시 죽교동,경상사고,0,0,1,0,차대차 - 기타,중앙선침범,건조,맑음,기타 - 기타,승용,여,60세,상해없음,승용,여,41세,경상
2023092100100386,2023년 9월 21일 16시,목요일,전라남도 순천시 덕암동,경상사고,0,0,1,0,차대차 - 추돌,안전운전불이행,젖음/습기,비,교차로 - 교차로부근,승용,남,40세,상해없음,승용,여,52세,경상
2023092100100387,2023년 9월 21일 16시,목요일,전라남도 해남군 해남읍,중상사고,0,2,0,0,차대차 - 기타,안전거리미확보,건조,맑음,단일로 - 교량,화물,여,69세,중상,화물,남,55세,기타불명
2023092100100388,2023년 9월 21일 16시,목요일,전라남도 함평군 나산면,중상사고,0,1,0,0,차대차 - 기타,안전운전불이행,건조,맑음,교차로 - 교차로안,승용,여,43세,상해없음,화물,남,61세,상해없음
2023092100100426,2023년 9월 21일 17시,목요일,전라남도 여수시 봉산동,중상사고,0,1,0,0,차대사람 - 횡단중,신호위반,건조,맑음,교차로 - 교차로횡단보도내,이륜,남,21세,상해없음,보행자,여,32세,중상
2023092100100427,2023년 9월 21일 17시,목요일,전라남도 무안군 청계면,경상사고,0,0,1,0,차대차 - 측면충돌,안전운전불이행,건조,맑음,교차로 - 교차로안,승용,남,61세,상해없음,이륜,남,25세,경상
2023092100100466,2023년 9월 21일 18시,목요일,전라남도 목포시 옥암동,경상사고,0,0,1,0,차대차 - 기타,교차로운행방법위반,건조,맑음,교차로 - 교차로안,승용,남,38세,상해없음,승용,남,35세,경상
2023092100100467,2023년 9월 21일 18시,목요일,전라남도 순천시 동외동,경상사고,0,0,1,0,차대차 - 기타,안전운전불이행,젖음/습기,비,기타 - 기타,승용,남,42세,상해없음,승용,여,48세,상해없음
2023092100100468,2023년 9월 21일 18시,목요일,전라남도 나주시 빛가람동,경상사고,0,0,2,0,차대차 - 정면충돌,신호위반,건조,맑음,교차로 - 교차로안,승용,여,25세,경상,승용,남,38세,경상
2023092100100547,2023년 9월 21일 20시,목요일,전라남도 여수시 안산동,경상사고,0,0,1,0,차대차 - 측면충돌,신호위반,젖음/습기,비,단일로 - 기타,승용,남,56세,상해없음,이륜,남,38세,경상
2023092100100599,2023년 9월 21일 22시,목요일,전라남도 여수시 율촌면,경상사고,0,0,1,0,차대차 - 추돌,안전운전불이행,젖음/습기,비,기타 - 기타,승용,남,30세,상해없음,승용,남,55세,경상
2023092100100620,2023년 9월 21일 23시,목요일,전라남도 여수시 미평동,부상신고사고,0,0,0,1,차대차 - 기타,안전운전불이행,젖음/습기,비,기타 - 기타,승용,남,44세,상해없음,이륜,남,24세,부상신고
2023092200100060,2023년 9월 22일 06시,금요일,전라남도 목포시 행복동1가,중상사고,0,1,0,0,차대차 - 기타,중앙선침범,건조,맑음,단일로 - 기타,승용,남,57세,상해없음,자전거,여,57세,중상
2023092200100086,2023년 9월 22일 07시,금요일,전라남도 순천시 풍덕동,경상사고,0,0,3,0,차대차 - 측면충돌,직진우회전진행방해,건조,맑음,교차로 - 교차로안,승용,남,68세,경상,승용,남,62세,경상
2023092200100087,2023년 9월 22일 07시,금요일,전라남도 광양시 광양읍,경상사고,0,0,1,1,차대차 - 측면충돌,교차로운행방법위반,건조,맑음,교차로 - 교차로안,승용,여,26세,경상,승용,여,64세,부상신고
2023092200100133,2023년 9월 22일 08시,금요일,전라남도 목포시 죽교동,경상사고,0,0,1,0,차대차 - 기타,직진우회전진행방해,건조,맑음,교차로 - 교차로안,승용,남,67세,상해없음,승용,여,47세,경상
2023092200100180,2023년 9월 22일 09시,금요일,전라남도 강진군 대구면,경상사고,0,0,1,0,차대차 - 정면충돌,중앙선침범,건조,맑음,단일로 - 기타,화물,여,70세,경상,승용,남,83세,상해없음
2023092200100215,2023년 9월 22일 10시,금요일,전라남도 목포시 용당동,경상사고,0,0,1,0,차대차 - 추돌,안전운전불이행,건조,맑음,단일로 - 기타,이륜,남,68세,상해없음,승용,여,69세,경상
2023092200100216,2023년 9월 22일 10시,금요일,전라남도 목포시 해안동1가,경상사고,0,0,1,0,차대차 - 기타,직진우회전진행방해,건조,맑음,교차로 - 교차로안,승용,여,62세,상해없음,승용,여,58세,경상
2023092200100217,2023년 9월 22일 10시,금요일,전라남도 영광군 법성면,경상사고,0,0,1,0,차대차 - 측면충돌,교차로운행방법위반,건조,맑음,교차로 - 교차로안,이륜,남,71세,경상,화물,남,55세,상해없음
2023092200100218,2023년 9월 22일 10시,금요일,전라남도 담양군 수북면,경상사고,0,0,1,0,차대차 - 정면충돌,교차로운행방법위반,건조,맑음,교차로 - 교차로안,승용,여,64세,상해없음,승용,여,48세,경상
2023092200100257,2023년 9월 22일 11시,금요일,전라남도 나주시 빛가람동,경상사고,0,0,3,0,차대차 - 측면충돌,안전운전불이행,건조,맑음,교차로 - 교차로부근,승합,남,63세,상해없음,승용,남,30세,경상
2023092200100287,2023년 9월 22일 12시,금요일,전라남도 목포시 용당동,경상사고,0,0,1,0,차대사람 - 기타,안전운전불이행,건조,맑음,단일로 - 기타,화물,남,51세,상해없음,보행자,여,76세,경상
2023092200100288,2023년 9월 22일 12시,금요일,전라남도 함평군 함평읍,경상사고,0,0,1,0,차대차 - 측면충돌,안전운전불이행,건조,맑음,교차로 - 교차로안,승합,남,72세,상해없음,승용,여,31세,경상
2023092200100289,2023년 9월 22일 12시,금요일,전라남도 영암군 시종면,경상사고,0,0,1,0,차대차 - 측면충돌,안전운전불이행,건조,맑음,교차로 - 교차로안,원동기,남,63세,경상,승용,남,41세,상해없음
2023092200100290,2023년 9월 22일 12시,금요일,전라남도 장성군 장성읍,경상사고,0,0,3,0,차대차 - 기타,신호위반,건조,맑음,단일로 - 기타,승용,여,39세,상해없음,승용,여,26세,경상
2023092200100359,2023년 9월 22일 14시,금요일,전라남도 여수시 학동,경상사고,0,0,1,0,차대차 - 기타,안전운전불이행,건조,맑음,단일로 - 기타,승용,남,68세,상해없음,승합,남,54세,상해없음
2023092200100360,2023년 9월 22일 14시,금요일,전라남도 순천시 연향동,경상사고,0,0,1,0,차대차 - 기타,교차로운행방법위반,건조,맑음,교차로 - 교차로안,승용,남,19세,상해없음,원동기,남,35세,경상
2023092200100361,2023년 9월 22일 14시,금요일,전라남도 순천시 연향동,경상사고,0,0,1,0,차대차 - 측면충돌,안전거리미확보,건조,맑음,교차로 - 교차로부근,승용,남,39세,상해없음,이륜,남,29세,경상
2023092200100362,2023년 9월 22일 14시,금요일,전라남도 함평군 나산면,경상사고,0,0,2,0,차대차 - 정면충돌,중앙선침범,건조,맑음,단일로 - 기타,승용,남,71세,경상,승용,남,63세,경상
2023092200100407,2023년 9월 22일 15시,금요일,전라남도 광양시 중동,경상사고,0,0,1,0,차대차 - 측면충돌,안전운전불이행,건조,맑음,교차로 - 교차로부근,화물,남,71세,경상,승합,남,63세,상해없음
2023092200100408,2023년 9월 22일 15시,금요일,전라남도 광양시 광양읍,경상사고,0,0,2,0,차대차 - 측면충돌,안전운전불이행,건조,맑음,교차로 - 교차로안,승용,남,63세,상해없음,승용,남,41세,경상
2023092200100525,2023년 9월 22일 17시,금요일,전라남도 목포시 용당동,경상사고,0,0,2,1,차대차 - 기타,교차로운행방법위반,건조,맑음,교차로 - 교차로안,승용,여,68세,부상신고,승용,남,62세,경상
2023092200100526,2023년 9월 22일 17시,금요일,전라남도 목포시 옥암동,경상사고,0,0,1,0,차대차 - 기타,안전운전불이행,건조,맑음,교차로 - 교차로부근,승용,남,52세,상해없음,승용,남,29세,경상
2023092200100527,2023년 9월 22일 17시,금요일,전라남도 목포시 용당동,경상사고,0,0,3,0,차대차 - 추돌,교차로운행방법위반,건조,맑음,단일로 - 기타,승용,남,52세,상해없음,승용,남,33세,경상
2023092200100528,2023년 9월 22일 17시,금요일,전라남도 진도군 진도읍,중상사고,0,1,0,0,차대차 - 기타,안전운전불이행,건조,맑음,교차로 - 교차로안,승용,남,56세,상해없음,자전거,남,41세,중상
2023092200100591,2023년 9월 22일 18시,금요일,전라남도 여수시 충무동,중상사고,0,1,0,0,차대사람 - 기타,안전운전불이행,건조,맑음,교차로 - 교차로안,승용,여,64세,기타불명,보행자,여,76세,중상
2023092200100592,2023년 9월 22일 18시,금요일,전라남도 순천시 조례동,사망사고,1,0,1,0,차대차 - 측면충돌,신호위반,건조,맑음,교차로 - 교차로안,승용,남,49세,경상,원동기,남,41세,사망
2023092200100593,2023년 9월 22일 18시,금요일,전라남도 장흥군 장흥읍,경상사고,0,0,1,0,차대차 - 추돌,안전운전불이행,건조,맑음,기타 - 기타,승용,여,51세,상해없음,승용,여,34세,경상
2023092200100594,2023년 9월 22일 18시,금요일,전라남도 곡성군 입면,중상사고,0,1,0,0,차대사람 - 길가장자리구역통행중,안전운전불이행,건조,맑음,단일로 - 기타,이륜,남,83세,상해없음,보행자,여,89세,중상
2023092200100664,2023년 9월 22일 19시,금요일,전라남도 보성군 벌교읍,경상사고,0,0,1,0,차대사람 - 기타,안전운전불이행,건조,맑음,교차로 - 교차로안,화물,남,47세,상해없음,보행자,여,63세,경상
2023092200100733,2023년 9월 22일 21시,금요일,전라남도 목포시 명륜동,경상사고,0,0,2,0,차대차 - 추돌,안전운전불이행,건조,맑음,단일로 - 기타,승용,남,54세,기타불명,승용,여,51세,경상
2023092200100754,2023년 9월 22일 22시,금요일,전라남도 순천시 연향동,경상사고,0,0,2,3,차대차 - 측면충돌,안전운전불이행,건조,맑음,교차로 - 교차로안,승용,여,24세,부상신고,승용,남,18세,경상
2023092300100029,2023년 9월 23일 01시,토요일,전라남도 나주시 빛가람동,경상사고,0,0,1,0,차대차 - 추돌,안전운전불이행,건조,맑음,교차로 - 교차로부근,승용,여,26세,상해없음,승용,여,54세,경상
2023092300100061,2023년 9월 23일 04시,토요일,전라남도 목포시 용해동,경상사고,0,0,1,0,차대차 - 기타,안전운전불이행,건조,맑음,교차로 - 교차로안,화물,남,69세,상해없음,승용,남,42세,경상
2023092300100106,2023년 9월 23일 08시,토요일,전라남도 화순군 사평면,중상사고,0,1,0,0,차대차 - 측면충돌,중앙선침범,건조,맑음,단일로 - 기타,화물,남,80세,상해없음,승용,남,57세,중상
2023092300100107,2023년 9월 23일 08시,토요일,전라남도 신안군 압해읍,경상사고,0,0,2,0,차대차 - 추돌,안전운전불이행,건조,맑음,단일로 - 기타,화물,남,53세,상해없음,승용,여,67세,경상
2023092300100135,2023년 9월 23일 09시,토요일,전라남도 화순군 화순읍,중상사고,0,2,3,0,차대차 - 추돌,안전운전불이행,건조,맑음,단일로 - 기타,건설기계,남,63세,상해없음,승용,남,60세,경상
2023092300100136,2023년 9월 23일 09시,토요일,전라남도 영암군 덕진면,경상사고,0,0,1,0,차대차 - 추돌,안전운전불이행,건조,맑음,단일로 - 기타,화물,남,19세,경상,화물,기타불명,미분류,기타불명
2023092300100181,2023년 9월 23일 10시,토요일,전라남도 목포시 산정동,경상사고,0,0,1,0,차대차 - 측면충돌,교차로운행방법위반,건조,맑음,단일로 - 기타,승용,여,46세,상해없음,승용,여,49세,경상
2023092300100182,2023년 9월 23일 10시,토요일,전라남도 여수시 학동,경상사고,0,0,1,0,차대차 - 측면충돌,교차로운행방법위반,건조,맑음,교차로 - 교차로안,승용,여,52세,상해없음,승용,남,30세,경상
2023092300100183,2023년 9월 23일 10시,토요일,전라남도 나주시 봉황면,중상사고,0,1,0,0,차대차 - 기타,안전운전불이행,건조,맑음,기타 - 기타,승용,남,41세,상해없음,이륜,남,53세,중상
2023092300100184,2023년 9월 23일 10시,토요일,전라남도 완도군 고금면,경상사고,0,0,1,0,차대차 - 추돌,안전운전불이행,건조,맑음,단일로 - 기타,승합,남,50세,상해없음,이륜,여,67세,경상
2023092300100269,2023년 9월 23일 12시,토요일,전라남도 목포시 산정동,경상사고,0,0,1,0,차대차 - 기타,안전운전불이행,건조,맑음,기타 - 기타,승용,남,58세,상해없음,승용,남,35세,경상
2023092300100303,2023년 9월 23일 13시,토요일,전라남도 영암군 삼호읍,경상사고,0,0,4,0,차대차 - 측면충돌,기타,건조,맑음,교차로 - 교차로부근,승용,남,31세,경상,화물,남,67세,경상
2023092300100338,2023년 9월 23일 14시,토요일,전라남도 여수시 여서동,경상사고,0,0,2,0,차대차 - 추돌,안전운전불이행,건조,맑음,교차로 - 교차로안,화물,남,51세,경상,화물,남,40세,경상
2023092300100375,2023년 9월 23일 15시,토요일,전라남도 목포시 용해동,경상사고,0,0,2,1,차대차 - 측면충돌,신호위반,건조,맑음,교차로 - 교차로안,승용,여,39세,부상신고,승용,남,38세,경상
2023092300100376,2023년 9월 23일 15시,토요일,전라남도 목포시 산정동,경상사고,0,0,1,0,차대차 - 후진중충돌,안전운전불이행,건조,맑음,단일로 - 기타,승용,남,55세,상해없음,승용,남,24세,경상
2023092300100466,2023년 9월 23일 17시,토요일,전라남도 화순군 동복면,경상사고,0,0,1,0,차량단독 - 전도전복 - 전도,안전운전불이행,건조,맑음,단일로 - 기타,이륜,남,52세,경상,,,,
2023092300100500,2023년 9월 23일 18시,토요일,전라남도 순천시 연향동,중상사고,0,1,0,0,차대사람 - 기타,안전운전불이행,건조,맑음,단일로 - 기타,승용,남,68세,상해없음,보행자,여,61세,중상
2023092300100539,2023년 9월 23일 19시,토요일,전라남도 영광군 영광읍,중상사고,0,1,0,0,차대사람 - 횡단중,안전운전불이행,건조,맑음,교차로 - 교차로안,승용,남,43세,상해없음,보행자,남,63세,중상
2023092300100540,2023년 9월 23일 19시,토요일,전라남도 광양시 광양읍,경상사고,0,0,1,0,차대차 - 측면충돌,차로위반,건조,맑음,단일로 - 기타,승용,여,61세,상해없음,승합,남,76세,상해없음
2023092400100008,2023년 9월 24일 00시,일요일,전라남도 여수시 국동,경상사고,0,0,3,0,차대차 - 측면충돌,안전운전불이행,건조,맑음,단일로 - 기타,승용,남,66세,상해없음,승용,여,41세,기타불명
2023092400100124,2023년 9월 24일 10시,일요일,전라남도 보성군 벌교읍,경상사고,0,0,1,0,차대사람 - 차도통행중,안전운전불이행,건조,맑음,주차장 - 주차장,승용,남,77세,상해없음,보행자,여,63세,경상
2023092400100158,2023년 9월 24일 11시,일요일,전라남도 목포시 용당동,중상사고,0,1,1,0,차대차 - 측면충돌,안전운전불이행,건조,맑음,단일로 - 기타,승용,남,70세,경상,이륜,남,66세,중상
2023092400100159,2023년 9월 24일 11시,일요일,전라남도 목포시 용해동,경상사고,0,0,1,0,차대차 - 측면충돌,신호위반,건조,맑음,교차로 - 교차로안,승용,남,67세,상해없음,승용,남,39세,경상
2023092400100160,2023년 9월 24일 11시,일요일,전라남도 여수시 화양면,중상사고,0,1,0,0,차량단독 - 도로외이탈 - 추락,안전운전불이행,건조,맑음,기타 - 기타,농기계,남,75세,기타불명,,,,
2023092400100221,2023년 9월 24일 13시,일요일,전라남도 목포시 상동,중상사고,0,1,1,0,차대차 - 정면충돌,직진우회전진행방해,건조,맑음,교차로 - 교차로안,승용,남,34세,상해없음,승용,남,52세,경상
2023092400100222,2023년 9월 24일 13시,일요일,전라남도 여수시 미평동,중상사고,0,1,0,0,차대사람 - 횡단중,안전운전불이행,건조,맑음,교차로 - 교차로부근,승용,남,26세,상해없음,보행자,여,66세,중상
2023092400100263,2023년 9월 24일 14시,일요일,전라남도 담양군 담양읍,경상사고,0,0,4,0,차대차 - 기타,안전운전불이행,건조,맑음,교차로 - 교차로안,승용,여,50세,상해없음,승용,여,63세,경상
2023092400100291,2023년 9월 24일 15시,일요일,전라남도 목포시 옥암동,경상사고,0,0,2,0,차대차 - 측면충돌,안전운전불이행,건조,맑음,교차로 - 교차로안,승용,남,40세,상해없음,승용,남,19세,경상
2023092400100372,2023년 9월 24일 18시,일요일,전라남도 목포시 상동,경상사고,0,0,1,0,차대차 - 측면충돌,안전거리미확보,건조,맑음,교차로 - 교차로부근,승용,남,67세,상해없음,승용,남,69세,경상
2023092400100482,2023년 9월 24일 23시,일요일,전라남도 순천시 가곡동,경상사고,0,0,1,0,차대차 - 기타,신호위반,건조,맑음,기타 - 기타,승용,남,31세,상해없음,승용,남,33세,경상
2023092400100483,2023년 9월 24일 23시,일요일,전라남도 광양시 중동,경상사고,0,0,4,0,차대차 - 추돌,안전운전불이행,건조,맑음,교차로 - 교차로부근,승용,남,30세,경상,승용,여,45세,경상
2023092500100018,2023년 9월 25일 04시,월요일,전라남도 순천시 황전면,경상사고,0,0,3,0,차대차 - 추돌,기타,건조,맑음,단일로 - 기타,승용,남,36세,경상,건설기계,남,25세,경상
2023092500100044,2023년 9월 25일 06시,월요일,전라남도 신안군 지도읍,중상사고,0,1,0,0,차대사람 - 횡단중,안전운전불이행,건조,맑음,교차로 - 교차로안,화물,남,63세,상해없음,보행자,남,51세,중상
2023092500100061,2023년 9월 25일 07시,월요일,전라남도 고흥군 풍양면,중상사고,0,1,0,0,차대사람 - 차도통행중,안전운전불이행,건조,맑음,교차로 - 교차로안,승용,여,60세,상해없음,보행자,여,84세,중상
2023092500100101,2023년 9월 25일 08시,월요일,전라남도 목포시 석현동,경상사고,0,0,1,0,차대차 - 추돌,안전운전불이행,건조,맑음,단일로 - 기타,승용,남,52세,상해없음,화물,남,37세,경상
2023092500100102,2023년 9월 25일 08시,월요일,전라남도 목포시 옥암동,경상사고,0,0,2,0,차대차 - 기타,안전운전불이행,건조,맑음,단일로 - 기타,승용,남,46세,상해없음,승용,남,40세,상해없음
2023092500100153,2023년 9월 25일 09시,월요일,전라남도 목포시 석현동,중상사고,0,1,0,0,차대차 - 측면충돌,안전운전불이행,건조,맑음,교차로 - 교차로부근,승용,남,68세,상해없음,승용,남,41세,중상
2023092500100154,2023년 9월 25일 09시,월요일,전라남도 여수시 돌산읍,경상사고,0,0,1,0,차대차 - 측면충돌,안전운전불이행,건조,맑음,단일로 - 기타,승용,남,68세,상해없음,승용,여,37세,경상
2023092500100155,2023년 9월 25일 09시,월요일,전라남도 신안군 비금면,중상사고,0,1,0,0,차대사람 - 기타,안전운전불이행,건조,맑음,단일로 - 기타,화물,남,54세,상해없음,보행자,여,78세,중상
2023092500100192,2023년 9월 25일 10시,월요일,전라남도 목포시 산정동,경상사고,0,0,1,0,차대차 - 측면충돌,안전운전불이행,건조,맑음,단일로 - 기타,승용,남,55세,상해없음,승용,여,50세,경상
2023092500100193,2023년 9월 25일 10시,월요일,전라남도 광양시 광양읍,경상사고,0,0,1,0,차대차 - 기타,기타,건조,맑음,단일로 - 기타,화물,남,63세,상해없음,화물,남,42세,경상
2023092500100234,2023년 9월 25일 11시,월요일,전라남도 장흥군 장흥읍,경상사고,0,0,1,0,차대차 - 기타,중앙선침범,건조,맑음,단일로 - 기타,승용,여,62세,상해없음,승용,여,63세,경상
2023092500100276,2023년 9월 25일 12시,월요일,전라남도 여수시 소라면,경상사고,0,0,1,0,차대차 - 후진중충돌,안전운전불이행,건조,맑음,기타 - 기타,승용,여,31세,상해없음,승용,남,26세,경상
2023092500100277,2023년 9월 25일 12시,월요일,전라남도 보성군 벌교읍,경상사고,0,0,2,0,차대차 - 측면충돌,기타,건조,맑음,교차로 - 교차로안,승용,남,68세,경상,화물,남,43세,경상
2023092500100318,2023년 9월 25일 13시,월요일,전라남도 무안군 일로읍,중상사고,0,1,1,0,차대차 - 정면충돌,신호위반,건조,맑음,교차로 - 교차로안,승용,여,55세,중상,승합,남,28세,경상
2023092500100355,2023년 9월 25일 14시,월요일,전라남도 영광군 염산면,경상사고,0,0,1,0,차대차 - 측면충돌,안전운전불이행,건조,맑음,단일로 - 기타,이륜,여,79세,경상,화물,남,62세,기타불명
2023092500100356,2023년 9월 25일 14시,월요일,전라남도 강진군 신전면,경상사고,0,0,1,0,차대차 - 정면충돌,안전운전불이행,건조,맑음,교차로 - 교차로안,화물,남,75세,상해없음,승용,남,37세,경상
2023092500100410,2023년 9월 25일 15시,월요일,전라남도 목포시 산정동,경상사고,0,0,1,0,차대차 - 측면충돌,안전운전불이행,건조,맑음,단일로 - 기타,화물,남,77세,상해없음,이륜,남,59세,경상
2023092500100411,2023년 9월 25일 15시,월요일,전라남도 목포시 상동,경상사고,0,0,2,0,차대차 - 기타,안전거리미확보,건조,맑음,단일로 - 기타,승용,남,71세,상해없음,승용,남,33세,경상
2023092500100412,2023년 9월 25일 15시,월요일,전라남도 여수시 화정면,경상사고,0,0,1,0,차대차 - 후진중충돌,안전운전불이행,건조,맑음,주차장 - 주차장,승용,남,22세,상해없음,이륜,남,65세,경상
2023092500100413,2023년 9월 25일 15시,월요일,전라남도 함평군 월야면,중상사고,0,3,0,0,차대차 - 측면충돌,기타,건조,맑음,교차로 - 교차로안,승용,남,73세,중상,승용,남,59세,중상
2023092500100414,2023년 9월 25일 15시,월요일,전라남도 담양군 담양읍,경상사고,0,0,1,0,차대차 - 기타,직진우회전진행방해,건조,맑음,교차로 - 교차로안,승용,남,22세,기타불명,승용,남,57세,경상
2023092500100446,2023년 9월 25일 16시,월요일,전라남도 순천시 풍덕동,경상사고,0,0,1,0,차대차 - 기타,안전운전불이행,건조,맑음,교차로 - 교차로안,개인형이동수단(PM),남,19세,경상,화물,남,72세,상해없음
2023092500100447,2023년 9월 25일 16시,월요일,전라남도 영암군 삼호읍,경상사고,0,0,2,0,차대차 - 추돌,안전운전불이행,건조,맑음,단일로 - 기타,이륜,남,47세,상해없음,승합,여,57세,경상
2023092500100524,2023년 9월 25일 18시,월요일,전라남도 순천시 연향동,경상사고,0,0,1,0,차대사람 - 횡단중,보행자보호의무위반,건조,맑음,교차로 - 교차로안,승용,남,60세,상해없음,보행자,남,12세,경상