사고번호,사고일시,요일,시군구,사고내용,사망자수,중상자수,경상자수,부상신고자수,사고유형,법규위반,노면상태,기상상태,도로형태,가해운전자 차종,가해운전자 성별,가해운전자 연령,가해운전자 상해정도,피해운전자 차종,피해운전자 성별,피해운전자 연령,피해운전자 상해정도
2023092500100579,2023년 9월 25일 19시,월요일,전라남도 순천시 대룡동,중상사고,0,3,1,0,차대차 - 추돌,안전운전불이행,건조,맑음,교차로 - 교차로부근,화물,남,50세,중상,이륜,남,29세,중상
2023092500100580,2023년 9월 25일 19시,월요일,전라남도 광양시 광양읍,중상사고,0,1,0,0,차대사람 - 횡단중,안전운전불이행,건조,맑음,교차로 - 교차로안,승용,남,64세,상해없음,보행자,여,32세,중상
2023092500100651,2023년 9월 25일 21시,월요일,전라남도 영암군 삼호읍,경상사고,0,0,1,0,차대차 - 추돌,안전운전불이행,건조,맑음,단일로 - 기타,승용,남,33세,상해없음,승용,여,52세,경상
2023092500100652,2023년 9월 25일 21시,월요일,전라남도 완도군 완도읍,경상사고,0,0,1,0,차대차 - 측면충돌,안전운전불이행,건조,맑음,교차로 - 교차로횡단보도내,화물,남,60세,기타불명,자전거,남,17세,경상
2023092600100084,2023년 9월 26일 07시,화요일,전라남도 순천시 조례동,경상사고,0,0,1,0,차대차 - 측면충돌,교차로운행방법위반,건조,맑음,교차로 - 교차로안,승용,남,74세,상해없음,승용,남,65세,경상
2023092600100085,2023년 9월 26일 07시,화요일,전라남도 광양시 광양읍,경상사고,0,0,1,0,차대차 - 추돌,안전운전불이행,젖음/습기,비,교차로 - 교차로부근,화물,남,56세,상해없음,승용,남,31세,경상
2023092600100126,2023년 9월 26일 08시,화요일,전라남도 목포시 용해동,부상신고사고,0,0,0,1,차대차 - 기타,안전운전불이행,건조,맑음,교차로 - 교차로부근,자전거,남,9세,부상신고,승합,여,51세,상해없음
2023092600100127,2023년 9월 26일 08시,화요일,전라남도 목포시 옥암동,경상사고,0,0,2,0,차대차 - 기타,안전운전불이행,건조,맑음,교차로 - 교차로부근,화물,남,27세,상해없음,화물,남,22세,경상
2023092600100128,2023년 9월 26일 08시,화요일,전라남도 순천시 연향동,경상사고,0,0,1,0,차대차 - 기타,직진우회전진행방해,젖음/습기,흐림,교차로 - 교차로안,승용,여,53세,상해없음,승용,남,63세,경상
2023092600100129,2023년 9월 26일 08시,화요일,전라남도 순천시 연향동,경상사고,0,0,1,0,차대차 - 추돌,안전운전불이행,건조,맑음,단일로 - 기타,승용,남,22세,상해없음,승용,남,22세,경상
2023092600100130,2023년 9월 26일 08시,화요일,전라남도 순천시 조곡동,경상사고,0,0,1,0,차대차 - 측면충돌,안전거리미확보,건조,맑음,교차로 - 교차로부근,승용,남,71세,상해없음,승용,여,66세,경상
2023092600100131,2023년 9월 26일 08시,화요일,전라남도 고흥군 고흥읍,경상사고,0,0,1,0,차대사람 - 기타,안전운전불이행,건조,맑음,기타 - 기타,화물,남,71세,상해없음,보행자,여,88세,경상
2023092600100211,2023년 9월 26일 10시,화요일,전라남도 순천시 조례동,경상사고,0,0,1,0,차대차 - 기타,직진우회전진행방해,건조,맑음,교차로 - 교차로안,이륜,남,28세,경상,화물,남,77세,상해없음
2023092600100212,2023년 9월 26일 10시,화요일,전라남도 나주시 노안면,중상사고,0,2,2,0,차대차 - 추돌,안전운전불이행,건조,맑음,단일로 - 기타,화물,남,71세,경상,승용,여,50세,중상
2023092600100238,2023년 9월 26일 11시,화요일,전라남도 목포시 용당동,경상사고,0,0,1,0,차대차 - 후진중충돌,안전운전불이행,건조,맑음,교차로 - 교차로부근,승용,여,48세,상해없음,승용,여,47세,경상
2023092600100239,2023년 9월 26일 11시,화요일,전라남도 해남군 북평면,경상사고,0,0,1,0,차대사람 - 기타,안전운전불이행,건조,맑음,단일로 - 기타,원동기,남,85세,기타불명,보행자,여,41세,경상
2023092600100240,2023년 9월 26일 11시,화요일,전라남도 보성군 미력면,경상사고,0,0,1,0,차대차 - 추돌,안전운전불이행,젖음/습기,맑음,교차로 - 교차로부근,이륜,남,91세,경상,승용,남,31세,상해없음
2023092600100280,2023년 9월 26일 12시,화요일,전라남도 장흥군 장흥읍,경상사고,0,0,1,1,차대차 - 기타,기타,건조,맑음,교차로 - 교차로안,이륜,남,41세,경상,승용,여,39세,상해없음
2023092600100310,2023년 9월 26일 13시,화요일,전라남도 영광군 염산면,경상사고,0,0,1,0,차대차 - 측면충돌,안전운전불이행,건조,맑음,단일로 - 기타,화물,남,53세,경상,화물,남,45세,상해없음
2023092600100311,2023년 9월 26일 13시,화요일,전라남도 광양시 마동,중상사고,0,1,1,0,차대차 - 측면충돌,신호위반,건조,맑음,교차로 - 교차로안,승용,여,62세,중상,승용,남,56세,경상
2023092600100348,2023년 9월 26일 14시,화요일,전라남도 목포시 대양동,경상사고,0,0,2,0,차대차 - 기타,안전거리미확보,건조,맑음,단일로 - 기타,승용,남,61세,상해없음,승용,남,34세,경상
2023092600100349,2023년 9월 26일 14시,화요일,전라남도 여수시 학동,경상사고,0,0,1,0,차대사람 - 기타,안전운전불이행,건조,맑음,기타 - 기타,승용,여,68세,상해없음,보행자,여,7세,경상
2023092600100395,2023년 9월 26일 15시,화요일,전라남도 여수시 신기동,경상사고,0,0,1,0,차대차 - 기타,안전운전불이행,건조,맑음,기타 - 기타,사륜오토바이(ATV),남,65세,상해없음,승용,여,49세,경상
2023092600100438,2023년 9월 26일 16시,화요일,전라남도 진도군 진도읍,경상사고,0,0,1,0,차대사람 - 기타,안전운전불이행,건조,맑음,단일로 - 기타,승용,남,84세,상해없음,보행자,여,8세,경상
2023092600100498,2023년 9월 26일 17시,화요일,전라남도 고흥군 동강면,경상사고,0,0,1,0,차대차 - 기타,안전운전불이행,기타,맑음,단일로 - 기타,화물,남,37세,상해없음,화물,남,53세,경상
2023092600100544,2023년 9월 26일 18시,화요일,전라남도 목포시 용당동,경상사고,0,0,2,0,차대차 - 측면충돌,교차로운행방법위반,건조,맑음,단일로 - 기타,승용,남,31세,상해없음,승합,남,60세,경상
2023092600100545,2023년 9월 26일 18시,화요일,전라남도 담양군 담양읍,중상사고,0,1,0,0,차대사람 - 기타,보행자보호의무위반,건조,맑음,교차로 - 교차로횡단보도내,승용,여,62세,상해없음,보행자,여,20세,중상
2023092600100637,2023년 9월 26일 20시,화요일,전라남도 완도군 노화읍,경상사고,0,0,1,0,차대차 - 후진중충돌,안전운전불이행,건조,맑음,단일로 - 기타,화물,남,65세,상해없음,원동기,남,51세,경상
2023092700100094,2023년 9월 27일 07시,수요일,전라남도 여수시 율촌면,중상사고,0,1,0,0,차대차 - 추돌,안전운전불이행,건조,맑음,기타 - 기타,승합,여,56세,기타불명,승용,여,57세,중상
2023092700100095,2023년 9월 27일 07시,수요일,전라남도 여수시 소호동,경상사고,0,0,1,0,차대차 - 추돌,직진우회전진행방해,건조,맑음,교차로 - 교차로부근,승용,여,52세,기타불명,승용,남,50세,경상
2023092700100096,2023년 9월 27일 07시,수요일,전라남도 영암군 삼호읍,경상사고,0,0,2,0,차대차 - 측면충돌,교차로운행방법위반,건조,맑음,교차로 - 교차로안,승용,남,28세,상해없음,승용,남,39세,경상
2023092700100141,2023년 9월 27일 08시,수요일,전라남도 영광군 홍농읍,중상사고,0,1,0,0,차대사람 - 차도통행중,안전운전불이행,건조,맑음,단일로 - 기타,화물,남,33세,상해없음,보행자,여,82세,중상
2023092700100142,2023년 9월 27일 08시,수요일,전라남도 장성군 삼계면,경상사고,0,0,1,0,차대차 - 기타,중앙선침범,건조,맑음,단일로 - 기타,특수,남,47세,상해없음,승용,남,38세,경상
2023092700100143,2023년 9월 27일 08시,수요일,전라남도 담양군 담양읍,중상사고,0,1,1,0,차대차 - 측면충돌,신호위반,건조,흐림,교차로 - 교차로안,화물,남,66세,상해없음,화물,남,30세,경상
2023092700100189,2023년 9월 27일 09시,수요일,전라남도 영광군 영광읍,중상사고,0,1,0,0,차대사람 - 기타,보행자보호의무위반,건조,맑음,교차로 - 교차로안,승용,여,50세,상해없음,보행자,여,73세,중상
2023092700100190,2023년 9월 27일 09시,수요일,전라남도 광양시 광양읍,경상사고,0,0,1,0,차대차 - 추돌,안전운전불이행,건조,맑음,기타 - 기타,승용,남,52세,상해없음,승용,여,59세,경상
2023092700100225,2023년 9월 27일 10시,수요일,전라남도 장흥군 장흥읍,중상사고,0,1,0,0,차대차 - 측면충돌,안전운전불이행,건조,맑음,교차로 - 교차로안,화물,남,75세,상해없음,이륜,남,79세,중상
2023092700100226,2023년 9월 27일 10시,수요일,전라남도 장흥군 용산면,경상사고,0,0,3,0,차대차 - 측면충돌,안전운전불이행,건조,맑음,기타 - 기타,승합,남,72세,경상,기타불명,남,70세,상해없음
2023092700100227,2023년 9월 27일 10시,수요일,전라남도 강진군 작천면,부상신고사고,0,0,0,1,차량단독 - 도로외이탈 - 기타,안전운전불이행,건조,맑음,단일로 - 기타,이륜,남,29세,부상신고,,,,
2023092700100309,2023년 9월 27일 12시,수요일,전라남도 여수시 여서동,경상사고,0,0,1,0,차대차 - 추돌,안전운전불이행,건조,맑음,교차로 - 교차로부근,승용,남,43세,상해없음,승용,남,67세,상해없음
2023092700100310,2023년 9월 27일 12시,수요일,전라남도 광양시 중동,경상사고,0,0,1,0,차대차 - 측면충돌,안전운전불이행,건조,맑음,교차로 - 교차로부근,승용,남,73세,상해없음,승용,남,28세,경상
2023092700100348,2023년 9월 27일 13시,수요일,전라남도 목포시 산정동,중상사고,0,2,0,0,차대사람 - 횡단중,안전운전불이행,건조,맑음,교차로 - 교차로부근,화물,남,52세,상해없음,보행자,남,13세,중상
2023092700100349,2023년 9월 27일 13시,수요일,전라남도 영암군 영암읍,경상사고,0,0,1,0,차대차 - 기타,안전운전불이행,건조,맑음,주차장 - 주차장,승용,남,52세,상해없음,화물,남,47세,경상
2023092700100350,2023년 9월 27일 13시,수요일,전라남도 장성군 진원면,중상사고,0,1,0,0,차대사람 - 기타,안전운전불이행,건조,맑음,단일로 - 기타,승용,남,49세,상해없음,보행자,여,87세,중상
2023092700100395,2023년 9월 27일 14시,수요일,전라남도 나주시 공산면,중상사고,0,2,0,0,차대차 - 정면충돌,안전운전불이행,건조,맑음,교차로 - 교차로안,화물,남,72세,상해없음,승용,남,76세,중상
2023092700100396,2023년 9월 27일 14시,수요일,전라남도 보성군 미력면,경상사고,0,0,1,0,차대차 - 측면충돌,중앙선침범,건조,맑음,단일로 - 기타,화물,남,24세,상해없음,승용,여,30세,경상
2023092700100397,2023년 9월 27일 14시,수요일,전라남도 광양시 중동,경상사고,0,0,1,0,차대차 - 추돌,기타,건조,맑음,단일로 - 기타,승용,여,31세,경상,승용,남,33세,상해없음
2023092700100440,2023년 9월 27일 15시,수요일,전라남도 화순군 화순읍,중상사고,0,1,2,1,차대차 - 추돌,안전운전불이행,건조,맑음,단일로 - 기타,승용,여,80세,중상,승용,남,50세,경상
2023092700100441,2023년 9월 27일 15시,수요일,전라남도 무안군 현경면,중상사고,0,1,0,0,차대차 - 측면충돌,신호위반,건조,맑음,교차로 - 교차로안,승용,남,63세,상해없음,승용,남,71세,중상
2023092700100442,2023년 9월 27일 15시,수요일,전라남도 광양시 중동,경상사고,0,0,2,0,차대차 - 측면충돌,기타,건조,맑음,교차로 - 교차로안,승용,남,25세,경상,승용,남,26세,경상
2023092700100443,2023년 9월 27일 15시,수요일,전라남도 광양시 성황동,경상사고,0,0,1,0,차대차 - 측면충돌,안전운전불이행,건조,맑음,단일로 - 기타,승용,남,26세,상해없음,승용,남,38세,경상
2023092700100497,2023년 9월 27일 16시,수요일,전라남도 무안군 삼향읍,경상사고,0,0,1,0,차대차 - 기타,직진우회전진행방해,건조,맑음,교차로 - 교차로안,승용,여,51세,상해없음,승용,남,48세,상해없음
2023092700100561,2023년 9월 27일 17시,수요일,전라남도 목포시 상동,경상사고,0,0,1,0,차대차 - 측면충돌,안전거리미확보,건조,맑음,교차로 - 교차로안,승용,여,48세,기타불명,승용,남,47세,경상
2023092700100562,2023년 9월 27일 17시,수요일,전라남도 여수시 선원동,경상사고,0,0,1,0,차대차 - 측면충돌,안전운전불이행,건조,맑음,교차로 - 교차로부근,승용,남,57세,상해없음,이륜,여,28세,경상
2023092700100563,2023년 9월 27일 17시,수요일,전라남도 담양군 담양읍,중상사고,0,1,0,0,차대차 - 기타,안전운전불이행,건조,맑음,교차로 - 교차로안,자전거,남,15세,상해없음,자전거,남,65세,중상
2023092700100619,2023년 9월 27일 18시,수요일,전라남도 순천시 조례동,중상사고,0,1,0,0,차대차 - 측면충돌,안전운전불이행,건조,맑음,기타 - 기타,이륜,남,44세,중상,승용,남,44세,상해없음
2023092700100620,2023년 9월 27일 18시,수요일,전라남도 순천시 가곡동,경상사고,0,0,2,0,차대차 - 측면충돌,안전운전불이행,건조,맑음,교차로 - 교차로안,승용,남,30세,상해없음,승용,남,23세,경상
2023092700100621,2023년 9월 27일 18시,수요일,전라남도 순천시 생목동,중상사고,0,1,0,0,차대차 - 추돌,안전운전불이행,건조,맑음,교차로 - 교차로안,이륜,남,62세,중상,승용,남,66세,상해없음
2023092700100680,2023년 9월 27일 19시,수요일,전라남도 목포시 산정동,경상사고,0,0,1,0,차대사람 - 횡단중,안전운전불이행,건조,기타,단일로 - 기타,승용,남,64세,상해없음,보행자,남,67세,경상
2023092700100681,2023년 9월 27일 19시,수요일,전라남도 목포시 산정동,경상사고,0,0,1,0,차대사람 - 보도통행중,보행자보호의무위반,건조,맑음,교차로 - 교차로부근,이륜,남,46세,기타불명,보행자,여,33세,경상
2023092700100718,2023년 9월 27일 20시,수요일,전라남도 순천시 용당동,경상사고,0,0,4,0,차대차 - 측면충돌,안전운전불이행,건조,맑음,단일로 - 기타,화물,남,62세,상해없음,승용,남,60세,경상
2023092700100751,2023년 9월 27일 21시,수요일,전라남도 무안군 해제면,경상사고,0,0,1,0,차대차 - 정면충돌,중앙선침범,건조,맑음,교차로 - 교차로부근,승합,남,43세,상해없음,화물,남,36세,경상
2023092700100773,2023년 9월 27일 22시,수요일,전라남도 순천시 대대동,경상사고,0,0,1,0,차량단독 - 전도전복 - 전복,안전운전불이행,건조,맑음,단일로 - 기타,승용,남,59세,상해없음,,,,
2023092700100774,2023년 9월 27일 22시,수요일,전라남도 나주시 빛가람동,경상사고,0,0,1,0,차대사람 - 기타,안전운전불이행,건조,맑음,단일로 - 기타,화물,남,37세,상해없음,보행자,여,22세,경상
2023092800100073,2023년 9월 28일 08시,목요일,전라남도 고흥군 포두면,중상사고,0,1,0,0,차대차 - 추돌,안전운전불이행,건조,맑음,교차로 - 교차로부근,화물,남,75세,상해없음,자전거,여,80세,중상
2023092800100093,2023년 9월 28일 09시,목요일,전라남도 순천시 조례동,중상사고,0,1,0,0,차대차 - 기타,교차로운행방법위반,건조,맑음,교차로 - 교차로안,승용,남,52세,상해없음,이륜,남,29세,중상
2023092800100094,2023년 9월 28일 09시,목요일,전라남도 장흥군 장흥읍,경상사고,0,0,1,0,차대차 - 기타,직진우회전진행방해,건조,맑음,교차로 - 교차로안,원동기,여,72세,경상,화물,남,56세,상해없음
2023092800100095,2023년 9월 28일 09시,목요일,전라남도 장성군 장성읍,중상사고,0,1,0,0,차대차 - 측면충돌,신호위반,건조,맑음,교차로 - 교차로안,화물,남,54세,상해없음,승용,남,60세,중상
2023092800100120,2023년 9월 28일 10시,목요일,전라남도 목포시 석현동,경상사고,0,0,1,1,차대차 - 기타,안전거리미확보,건조,맑음,단일로 - 기타,화물,남,55세,부상신고,승용,남,46세,경상
2023092800100143,2023년 9월 28일 11시,목요일,전라남도 목포시 상동,중상사고,0,1,0,0,차대차 - 측면충돌,안전운전불이행,건조,맑음,단일로 - 기타,승용,남,24세,상해없음,개인형이동수단(PM),남,17세,중상
2023092800100144,2023년 9월 28일 11시,목요일,전라남도 고흥군 도양읍,중상사고,0,1,1,0,차대차 - 기타,안전운전불이행,건조,맑음,교차로 - 교차로부근,승용,남,18세,상해없음,승용,남,48세,중상
2023092800100145,2023년 9월 28일 11시,목요일,전라남도 광양시 옥룡면,중상사고,0,2,2,0,차대차 - 추돌,안전운전불이행,건조,맑음,교차로 - 교차로부근,승용,남,57세,상해없음,승용,여,27세,중상
2023092800100187,2023년 9월 28일 12시,목요일,전라남도 나주시 세지면,중상사고,0,1,0,0,차대차 - 측면충돌,기타,건조,맑음,교차로 - 교차로안,승용,여,62세,상해없음,자전거,남,73세,중상
2023092800100188,2023년 9월 28일 12시,목요일,전라남도 영광군 백수읍,경상사고,0,0,2,0,차대차 - 측면충돌,안전운전불이행,건조,맑음,단일로 - 기타,승용,남,70세,경상,승용,여,19세,경상
2023092800100227,2023년 9월 28일 13시,목요일,전라남도 순천시 오천동,경상사고,0,0,1,0,차대차 - 측면충돌,교차로운행방법위반,건조,맑음,교차로 - 교차로안,승용,여,71세,상해없음,승용,남,43세,경상
2023092800100291,2023년 9월 28일 15시,목요일,전라남도 목포시 석현동,경상사고,0,0,1,0,차대사람 - 횡단중,보행자보호의무위반,건조,맑음,교차로 - 교차로횡단보도내,승용,남,45세,상해없음,보행자,남,49세,경상
2023092800100292,2023년 9월 28일 15시,목요일,전라남도 순천시 해룡면,경상사고,0,0,2,0,차대차 - 추돌,안전거리미확보,건조,기타,단일로 - 기타,승용,여,33세,상해없음,승용,여,26세,경상
2023092800100293,2023년 9월 28일 15시,목요일,전라남도 화순군 춘양면,중상사고,0,1,2,0,차대차 - 추돌,안전운전불이행,건조,맑음,단일로 - 기타,승용,남,54세,상해없음,승용,남,29세,상해없음
2023092800100322,2023년 9월 28일 16시,목요일,전라남도 목포시 상동,경상사고,0,0,1,1,차대차 - 측면충돌,안전거리미확보,건조,맑음,교차로 - 교차로안,승용,남,48세,상해없음,승용,여,29세,부상신고
2023092800100323,2023년 9월 28일 16시,목요일,전라남도 목포시 용당동,경상사고,0,0,1,0,차대차 - 기타,기타,건조,맑음,기타 - 기타,자전거,남,15세,상해없음,개인형이동수단(PM),여,13세,경상
2023092800100324,2023년 9월 28일 16시,목요일,전라남도 목포시 옥암동,경상사고,0,0,1,0,차대차 - 정면충돌,신호위반,건조,맑음,교차로 - 교차로안,승용,여,57세,기타불명,승용,남,46세,경상
2023092800100325,2023년 9월 28일 16시,목요일,전라남도 순천시 주암면,경상사고,0,0,1,0,차량단독 - 기타,안전운전불이행,건조,맑음,단일로 - 기타,승용,남,64세,경상,,,,
2023092800100347,2023년 9월 28일 17시,목요일,전라남도 여수시 수정동,중상사고,0,2,0,0,차대차 - 측면충돌,차로위반,건조,맑음,교차로 - 교차로부근,승용,남,38세,상해없음,승용,남,26세,중상
2023092800100348,2023년 9월 28일 17시,목요일,전라남도 순천시 오천동,경상사고,0,0,1,0,차대차 - 측면충돌,안전운전불이행,건조,맑음,단일로 - 기타,승용,남,41세,상해없음,승용,남,34세,경상
2023092800100349,2023년 9월 28일 17시,목요일,전라남도 무안군 무안읍,경상사고,0,0,1,0,차대차 - 기타,안전운전불이행,건조,맑음,기타 - 기타,승용,여,56세,상해없음,승용,남,29세,경상
2023092800100371,2023년 9월 28일 18시,목요일,전라남도 광양시 금호동,중상사고,0,1,0,0,차대차 - 추돌,안전운전불이행,건조,맑음,단일로 - 교량,승용,남,26세,상해없음,승용,남,47세,중상
2023092800100394,2023년 9월 28일 19시,목요일,전라남도 진도군 진도읍,중상사고,0,1,0,0,차대사람 - 기타,안전운전불이행,건조,맑음,기타 - 기타,승용,여,44세,상해없음,보행자,여,55세,중상
2023092800100414,2023년 9월 28일 20시,목요일,전라남도 나주시 빛가람동,경상사고,0,0,2,0,차대차 - 측면충돌,안전운전불이행,건조,맑음,단일로 - 기타,승용,남,34세,상해없음,승용,남,42세,경상
2023092800100461,2023년 9월 28일 22시,목요일,전라남도 영암군 금정면,사망사고,1,0,0,0,차대사람 - 횡단중,안전운전불이행,건조,맑음,교차로 - 교차로안,승용,남,39세,상해없음,보행자,남,68세,사망
2023092800100462,2023년 9월 28일 22시,목요일,전라남도 무안군 망운면,중상사고,0,1,2,0,차대차 - 측면충돌,신호위반,건조,맑음,교차로 - 교차로안,화물,남,53세,중상,승용,여,27세,경상
2023092900100070,2023년 9월 29일 10시,금요일,전라남도 여수시 국동,중상사고,0,1,0,0,차대사람 - 횡단중,보행자보호의무위반,건조,맑음,기타 - 기타,승용,여,41세,상해없음,보행자,여,66세,중상
2023092900100071,2023년 9월 29일 10시,금요일,전라남도 신안군 압해읍,중상사고,0,4,7,0,차대차 - 추돌,안전운전불이행,건조,맑음,단일로 - 교량,화물,남,62세,중상,승용,남,35세,경상
2023092900100109,2023년 9월 29일 12시,금요일,전라남도 영암군 금정면,경상사고,0,0,4,0,차대차 - 추돌,안전운전불이행,건조,맑음,단일로 - 기타,화물,남,76세,상해없음,승용,남,50세,경상
2023092900100138,2023년 9월 29일 13시,금요일,전라남도 광양시 진월면,경상사고,0,0,4,0,차대차 - 정면충돌,중앙선침범,건조,맑음,단일로 - 기타,승용,남,41세,상해없음,승용,남,52세,경상
2023092900100162,2023년 9월 29일 14시,금요일,전라남도 해남군 해남읍,중상사고,0,1,0,0,차대차 - 기타,안전운전불이행,건조,맑음,단일로 - 기타,승용,남,60세,상해없음,승합,남,51세,기타불명
2023092900100181,2023년 9월 29일 15시,금요일,전라남도 보성군 벌교읍,경상사고,0,0,1,0,차대차 - 후진중충돌,안전운전불이행,건조,맑음,단일로 - 기타,승용,남,39세,상해없음,승용,남,35세,경상
2023092900100182,2023년 9월 29일 15시,금요일,전라남도 구례군 광의면,경상사고,0,0,2,0,차대차 - 기타,중앙선침범,건조,맑음,단일로 - 기타,화물,남,57세,상해없음,승용,남,45세,경상
2023092900100209,2023년 9월 29일 16시,금요일,전라남도 목포시 산정동,경상사고,0,0,1,0,차대차 - 기타,안전운전불이행,건조,맑음,기타 - 기타,승용,남,35세,상해없음,승용,남,41세,경상
2023092900100210,2023년 9월 29일 16시,금요일,전라남도 신안군 암태면,중상사고,0,4,4,1,차대차 - 측면충돌,중앙선침범,건조,맑음,단일로 - 기타,승용,여,62세,부상신고,승용,남,47세,중상
2023092900100236,2023년 9월 29일 17시,금요일,전라남도 나주시 남평읍,경상사고,0,0,1,0,차대차 - 측면충돌,안전운전불이행,건조,맑음,교차로 - 교차로안,자전거,남,64세,상해없음,자전거,여,40세,경상
2023092900100237,2023년 9월 29일 17시,금요일,전라남도 강진군 강진읍,경상사고,0,0,2,0,차대차 - 측면충돌,안전거리미확보,건조,맑음,단일로 - 기타,승용,여,38세,상해없음,승용,여,47세,경상
2023092900100257,2023년 9월 29일 18시,금요일,전라남도 여수시 돌산읍,경상사고,0,0,1,0,차대차 - 측면충돌,안전운전불이행,건조,맑음,교차로 - 교차로안,승용,남,28세,상해없음,승용,여,50세,경상
2023092900100283,2023년 9월 29일 19시,금요일,전라남도 여수시 돌산읍,경상사고,0,0,6,0,차대차 - 추돌,안전운전불이행,건조,맑음,단일로 - 교량,승용,남,25세,상해없음,승용,여,27세,경상
2023092900100284,2023년 9월 29일 19시,금요일,전라남도 순천시 서면,경상사고,0,0,1,0,차대차 - 기타,안전거리미확보,건조,맑음,교차로 - 교차로부근,화물,남,33세,상해없음,이륜,남,28세,경상
2023092900100299,2023년 9월 29일 20시,금요일,전라남도 순천시 장천동,경상사고,0,0,1,0,차대사람 - 기타,안전운전불이행,건조,맑음,단일로 - 기타,기타불명,기타불명,미분류,기타불명,보행자,남,44세,경상
2023092900100318,2023년 9월 29일 21시,금요일,전라남도 고흥군 두원면,중상사고,0,1,0,0,차대사람 - 기타,안전운전불이행,건조,맑음,단일로 - 기타,승용,남,64세,상해없음,보행자,남,52세,중상
2023092900100333,2023년 9월 29일 22시,금요일,전라남도 해남군 산이면,사망사고,1,0,0,0,차대사람 - 횡단중,기타,건조,맑음,단일로 - 기타,승용,남,69세,상해없음,보행자,남,19세,사망
2023092900100334,2023년 9월 29일 22시,금요일,전라남도 구례군 산동면,경상사고,0,0,1,0,차대차 - 후진중충돌,안전운전불이행,건조,기타,단일로 - 기타,승용,남,42세,상해없음,승용,남,33세,경상
2023092900100346,2023년 9월 29일 23시,금요일,전라남도 화순군 화순읍,중상사고,0,1,1,0,차대차 - 추돌,안전운전불이행,건조,맑음,교차로 - 교차로부근,승용,남,58세,상해없음,승용,여,39세,경상
2023093000100013,2023년 9월 30일 01시,토요일,전라남도 장성군 남면,중상사고,0,4,0,0,차대차 - 정면충돌,중앙선침범,건조,맑음,단일로 - 기타,승용,남,23세,중상,승용,남,28세,중상
2023093000100032,2023년 9월 30일 04시,토요일,전라남도 광양시 광양읍,사망사고,1,0,0,0,차대사람 - 차도통행중,안전운전불이행,젖음/습기,흐림,단일로 - 기타,승용,남,33세,기타불명,보행자,남,85세,사망
2023093000100141,2023년 9월 30일 13시,토요일,전라남도 신안군 자은면,중상사고,0,1,0,0,차대차 - 측면충돌,교차로운행방법위반,건조,맑음,교차로 - 교차로안,이륜,남,88세,중상,승용,남,61세,상해없음
2023093000100166,2023년 9월 30일 14시,토요일,전라남도 여수시 남산동,중상사고,0,1,1,0,차대차 - 기타,신호위반,건조,맑음,교차로 - 교차로안,승용,남,67세,기타불명,승용,남,28세,중상
2023093000100167,2023년 9월 30일 14시,토요일,전라남도 여수시 공화동,경상사고,0,0,2,0,차대차 - 추돌,안전운전불이행,건조,맑음,교차로 - 교차로부근,승용,남,52세,상해없음,승용,남,77세,경상
2023093000100168,2023년 9월 30일 14시,토요일,전라남도 여수시 학동,경상사고,0,0,1,0,차대차 - 추돌,안전거리미확보,건조,맑음,단일로 - 기타,승용,남,44세,기타불명,이륜,남,55세,경상
2023093000100169,2023년 9월 30일 14시,토요일,전라남도 나주시 노안면,중상사고,0,1,0,0,차대사람 - 기타,안전운전불이행,건조,맑음,교차로 - 교차로부근,화물,남,62세,상해없음,보행자,여,84세,중상
2023093000100170,2023년 9월 30일 14시,토요일,전라남도 고흥군 동강면,경상사고,0,0,5,0,차대차 - 추돌,안전운전불이행,건조,맑음,단일로 - 기타,화물,남,73세,경상,승용,남,41세,경상
2023093000100171,2023년 9월 30일 14시,토요일,전라남도 완도군 완도읍,경상사고,0,0,1,0,차대차 - 추돌,안전운전불이행,건조,맑음,단일로 - 기타,승용,여,65세,상해없음,승용,남,51세,경상
2023093000100200,2023년 9월 30일 15시,토요일,전라남도 함평군 함평읍,경상사고,0,0,1,0,차대차 - 기타,안전운전불이행,건조,맑음,단일로 - 기타,승용,남,27세,상해없음,승용,기타불명,미분류,기타불명
2023093000100201,2023년 9월 30일 15시,토요일,전라남도 광양시 광양읍,경상사고,0,0,1,0,차대사람 - 기타,안전운전불이행,건조,맑음,교차로 - 교차로부근,승용,남,36세,상해없음,보행자,여,81세,경상
2023093000100232,2023년 9월 30일 16시,토요일,전라남도 영암군 영암읍,경상사고,0,0,1,0,차대차 - 측면충돌,중앙선침범,건조,맑음,교차로 - 교차로안,승용,남,85세,상해없음,승용,남,64세,경상
2023093000100233,2023년 9월 30일 16시,토요일,전라남도 곡성군 겸면,중상사고,0,1,2,0,차대차 - 측면충돌,안전운전불이행,건조,맑음,단일로 - 기타,화물,남,72세,중상,승용,남,60세,경상
2023093000100264,2023년 9월 30일 17시,토요일,전라남도 목포시 죽교동,경상사고,0,0,1,0,차대사람 - 기타,안전운전불이행,건조,맑음,단일로 - 기타,원동기,남,23세,상해없음,보행자,여,23세,경상