사고번호,사고일시,요일,시군구,사고내용,사망자수,중상자수,경상자수,부상신고자수,사고유형,법규위반,노면상태,기상상태,도로형태,가해운전자 차종,가해운전자 성별,가해운전자 연령,가해운전자 상해정도,피해운전자 차종,피해운전자 성별,피해운전자 연령,피해운전자 상해정도
2023100600100510,2023년 10월 6일 19시,금요일,전라남도 광양시 광양읍,부상신고사고,0,0,0,1,차대차 - 측면충돌,직진우회전진행방해,건조,맑음,교차로 - 교차로안,승용,남,60세,부상신고,승합,남,55세,상해없음
2023100600100611,2023년 10월 6일 22시,금요일,전라남도 목포시 호남동,경상사고,0,0,2,0,차대차 - 추돌,안전운전불이행,건조,맑음,교차로 - 교차로안,승용,남,41세,상해없음,승용,남,24세,경상
2023100700100049,2023년 10월 7일 05시,토요일,전라남도 진도군 군내면,중상사고,0,1,0,0,차대사람 - 횡단중,안전운전불이행,건조,맑음,단일로 - 기타,승용,남,53세,상해없음,보행자,여,71세,중상
2023100700100065,2023년 10월 7일 07시,토요일,전라남도 영암군 삼호읍,경상사고,0,0,1,0,차대차 - 측면충돌,안전거리미확보,건조,맑음,교차로 - 교차로부근,건설기계,남,67세,상해없음,승용,남,44세,경상
2023100700100078,2023년 10월 7일 08시,토요일,전라남도 여수시 둔덕동,경상사고,0,0,2,0,차대차 - 추돌,안전거리미확보,건조,맑음,교차로 - 교차로부근,승용,남,27세,상해없음,화물,남,49세,상해없음
2023100700100079,2023년 10월 7일 08시,토요일,전라남도 영암군 영암읍,경상사고,0,0,1,0,차량단독 - 공작물충돌,안전운전불이행,건조,맑음,단일로 - 기타,승용,여,63세,경상,,,,
2023100700100091,2023년 10월 7일 09시,토요일,전라남도 장성군 황룡면,경상사고,0,0,1,0,차대차 - 기타,교차로운행방법위반,건조,맑음,교차로 - 교차로안,승용,여,41세,상해없음,승용,여,47세,경상
2023100700100092,2023년 10월 7일 09시,토요일,전라남도 광양시 광양읍,경상사고,0,0,2,0,차대차 - 측면충돌,교차로운행방법위반,건조,맑음,교차로 - 교차로안,화물,남,59세,경상,승용,여,62세,경상
2023100700100093,2023년 10월 7일 09시,토요일,전라남도 광양시 진상면,중상사고,0,1,0,0,차량단독 - 기타,안전운전불이행,건조,맑음,단일로 - 기타,농기계,남,82세,중상,,,,
2023100700100122,2023년 10월 7일 10시,토요일,전라남도 목포시 상동,경상사고,0,0,1,0,차대차 - 측면충돌,신호위반,건조,맑음,교차로 - 교차로안,원동기,남,76세,상해없음,승용,남,33세,상해없음
2023100700100152,2023년 10월 7일 11시,토요일,전라남도 여수시 소라면,사망사고,1,0,0,0,차대차 - 기타,안전운전불이행,건조,맑음,단일로 - 기타,사륜오토바이(ATV),남,78세,사망,승용,남,35세,상해없음
2023100700100186,2023년 10월 7일 12시,토요일,전라남도 완도군 청산면,중상사고,0,1,0,0,차대차 - 정면충돌,안전운전불이행,건조,맑음,단일로 - 기타,건설기계,남,51세,상해없음,이륜,남,77세,중상
2023100700100250,2023년 10월 7일 14시,토요일,전라남도 나주시 노안면,경상사고,0,0,1,0,차량단독 - 공작물충돌,안전운전불이행,건조,맑음,단일로 - 기타,이륜,남,75세,경상,,,,
2023100700100293,2023년 10월 7일 15시,토요일,전라남도 영암군 서호면,경상사고,0,0,4,0,차대차 - 측면충돌,안전거리미확보,건조,맑음,단일로 - 기타,승용,남,30세,상해없음,승용,남,52세,경상
2023100700100326,2023년 10월 7일 16시,토요일,전라남도 해남군 삼산면,중상사고,0,1,0,0,차대차 - 기타,안전운전불이행,건조,흐림,단일로 - 기타,이륜,남,73세,중상,승용,남,75세,상해없음
2023100700100385,2023년 10월 7일 18시,토요일,전라남도 순천시 덕암동,경상사고,0,0,1,0,차대차 - 추돌,안전거리미확보,건조,맑음,단일로 - 기타,승용,남,31세,상해없음,승용,남,48세,상해없음
2023100700100386,2023년 10월 7일 18시,토요일,전라남도 순천시 덕월동,경상사고,0,0,1,0,차대차 - 기타,안전거리미확보,건조,맑음,단일로 - 기타,이륜,남,34세,상해없음,승용,남,57세,경상
2023100700100387,2023년 10월 7일 18시,토요일,전라남도 담양군 담양읍,경상사고,0,0,2,0,차대차 - 추돌,안전거리미확보,건조,맑음,교차로 - 교차로안,승용,남,67세,상해없음,승용,남,32세,경상
2023100700100427,2023년 10월 7일 19시,토요일,전라남도 해남군 해남읍,경상사고,0,0,1,0,차대차 - 기타,교차로운행방법위반,젖음/습기,흐림,교차로 - 교차로안,승용,남,33세,상해없음,자전거,남,14세,경상
2023100700100462,2023년 10월 7일 20시,토요일,전라남도 영암군 삼호읍,경상사고,0,0,1,0,차대차 - 추돌,안전운전불이행,젖음/습기,비,교차로 - 교차로부근,화물,남,64세,상해없음,승용,남,48세,경상
2023100700100524,2023년 10월 7일 23시,토요일,전라남도 목포시 용당동,중상사고,0,1,0,0,차대차 - 측면충돌,안전운전불이행,젖음/습기,비,단일로 - 기타,승용,남,72세,상해없음,이륜,남,28세,중상
2023100800100063,2023년 10월 8일 08시,일요일,전라남도 담양군 수북면,사망사고,3,0,4,0,차대차 - 기타,중앙선침범,젖음/습기,흐림,단일로 - 기타,승용,남,32세,사망,승용,여,32세,사망
2023100800100074,2023년 10월 8일 09시,일요일,전라남도 무안군 청계면,경상사고,0,0,1,0,차대차 - 기타,안전운전불이행,건조,맑음,교차로 - 교차로안,화물,남,53세,상해없음,이륜,남,61세,상해없음
2023100800100091,2023년 10월 8일 10시,일요일,전라남도 진도군 진도읍,경상사고,0,0,2,0,차대차 - 기타,안전운전불이행,건조,맑음,교차로 - 교차로안,승용,남,82세,경상,승용,여,37세,상해없음
2023100800100169,2023년 10월 8일 14시,일요일,전라남도 순천시 조례동,경상사고,0,0,4,0,차대차 - 추돌,안전운전불이행,건조,맑음,교차로 - 교차로부근,승용,남,63세,경상,승용,여,56세,경상
2023100800100170,2023년 10월 8일 14시,일요일,전라남도 해남군 삼산면,중상사고,0,2,0,0,차량단독 - 기타,안전운전불이행,건조,맑음,단일로 - 기타,승용,여,42세,기타불명,,,,
2023100800100266,2023년 10월 8일 18시,일요일,전라남도 여수시 돌산읍,경상사고,0,0,2,0,차대차 - 기타,안전운전불이행,건조,맑음,단일로 - 기타,승합,여,56세,상해없음,승용,남,58세,상해없음
2023100800100267,2023년 10월 8일 18시,일요일,전라남도 곡성군 옥과면,부상신고사고,0,0,0,1,차대차 - 기타,안전운전불이행,건조,맑음,교차로 - 교차로부근,농기계,남,84세,부상신고,화물,남,70세,상해없음
2023100800100291,2023년 10월 8일 19시,일요일,전라남도 목포시 옥암동,경상사고,0,0,2,1,차대차 - 기타,직진우회전진행방해,건조,맑음,교차로 - 교차로안,승용,남,27세,부상신고,승용,남,82세,경상
2023100800100292,2023년 10월 8일 19시,일요일,전라남도 영암군 신북면,경상사고,0,0,1,0,차대차 - 측면충돌,안전운전불이행,건조,맑음,교차로 - 교차로안,화물,여,66세,상해없음,승용,남,68세,경상
2023100800100365,2023년 10월 8일 23시,일요일,전라남도 광양시 광양읍,중상사고,0,1,0,0,차대차 - 측면충돌,안전운전불이행,건조,맑음,교차로 - 교차로안,승용,남,63세,상해없음,승용,남,28세,중상
2023100900100026,2023년 10월 9일 02시,월요일,전라남도 순천시 조례동,중상사고,0,1,2,0,차대차 - 기타,신호위반,건조,맑음,교차로 - 교차로안,원동기,남,17세,중상,승용,남,37세,경상
2023100900100089,2023년 10월 9일 09시,월요일,전라남도 나주시 오량동,중상사고,0,1,0,0,차대사람 - 차도통행중,안전운전불이행,건조,맑음,단일로 - 기타,화물,남,50세,상해없음,보행자,여,81세,중상
2023100900100112,2023년 10월 9일 10시,월요일,전라남도 순천시 인제동,중상사고,0,1,0,0,차대차 - 측면충돌,직진우회전진행방해,건조,맑음,교차로 - 교차로안,이륜,남,84세,중상,승용,여,69세,기타불명
2023100900100113,2023년 10월 9일 10시,월요일,전라남도 장흥군 관산읍,중상사고,0,1,1,0,차량단독 - 공작물충돌,안전운전불이행,건조,맑음,단일로 - 기타,승용,여,51세,경상,,,,
2023100900100115,2023년 10월 9일 10시,월요일,전라남도 구례군 토지면,경상사고,0,0,1,0,차대사람 - 기타,안전운전불이행,건조,맑음,단일로 - 기타,승용,남,65세,상해없음,보행자,남,11세,경상
2023100900100135,2023년 10월 9일 11시,월요일,전라남도 목포시 산정동,경상사고,0,0,2,0,차대차 - 측면충돌,교차로운행방법위반,건조,맑음,교차로 - 교차로안,승용,남,70세,상해없음,승합,남,49세,경상
2023100900100136,2023년 10월 9일 11시,월요일,전라남도 무안군 무안읍,중상사고,0,1,0,0,차대차 - 측면충돌,안전운전불이행,건조,맑음,주차장 - 주차장,승용,남,73세,상해없음,자전거,남,94세,중상
2023100900100164,2023년 10월 9일 12시,월요일,전라남도 목포시 상동,경상사고,0,0,2,0,차대차 - 측면충돌,안전거리미확보,건조,맑음,단일로 - 기타,승용,남,69세,상해없음,승용,남,34세,경상
2023100900100165,2023년 10월 9일 12시,월요일,전라남도 목포시 호남동,경상사고,0,0,1,0,차대차 - 측면충돌,차로위반,건조,맑음,단일로 - 기타,승용,여,31세,상해없음,승용,남,68세,경상
2023100900100218,2023년 10월 9일 14시,월요일,전라남도 신안군 암태면,중상사고,0,4,1,1,차대차 - 정면충돌,중앙선침범,건조,맑음,단일로 - 교량,승용,남,52세,경상,승용,남,62세,중상
2023100900100258,2023년 10월 9일 16시,월요일,전라남도 여수시 선원동,경상사고,0,0,1,0,차대차 - 기타,신호위반,건조,맑음,교차로 - 교차로안,승용,여,71세,상해없음,승용,남,48세,상해없음
2023100900100285,2023년 10월 9일 17시,월요일,전라남도 장흥군 장흥읍,경상사고,0,0,2,0,차대차 - 추돌,안전운전불이행,건조,맑음,교차로 - 교차로안,승용,여,62세,상해없음,승용,남,68세,경상
2023100900100321,2023년 10월 9일 18시,월요일,전라남도 여수시 국동,경상사고,0,0,1,0,차대차 - 측면충돌,중앙선침범,건조,맑음,단일로 - 기타,승용,여,57세,상해없음,이륜,남,38세,경상
2023100900100352,2023년 10월 9일 19시,월요일,전라남도 순천시 오천동,경상사고,0,0,1,0,차대사람 - 횡단중,보행자보호의무위반,건조,맑음,교차로 - 교차로안,승용,남,18세,상해없음,보행자,여,50세,경상
2023100900100353,2023년 10월 9일 19시,월요일,전라남도 영광군 백수읍,중상사고,0,1,2,0,차대차 - 기타,중앙선침범,건조,맑음,단일로 - 기타,승용,남,64세,상해없음,승용,여,53세,중상
2023100900100381,2023년 10월 9일 20시,월요일,전라남도 무안군 삼향읍,경상사고,0,0,1,0,차대차 - 측면충돌,신호위반,건조,맑음,교차로 - 교차로안,이륜,남,21세,상해없음,승용,여,21세,경상
2023100900100402,2023년 10월 9일 21시,월요일,전라남도 목포시 산정동,경상사고,0,0,1,0,차대사람 - 차도통행중,안전운전불이행,건조,맑음,교차로 - 교차로부근,승용,남,27세,상해없음,보행자,여,83세,경상
2023100900100403,2023년 10월 9일 21시,월요일,전라남도 목포시 창평동,중상사고,0,1,0,0,차대차 - 측면충돌,직진우회전진행방해,건조,맑음,교차로 - 교차로안,승용,남,60세,상해없음,이륜,남,43세,중상
2023100900100420,2023년 10월 9일 22시,월요일,전라남도 목포시 연산동,중상사고,0,1,0,0,차대차 - 추돌,안전운전불이행,건조,맑음,교차로 - 교차로부근,승용,여,35세,기타불명,이륜,남,41세,중상
2023101000100107,2023년 10월 10일 08시,화요일,전라남도 나주시 금천면,경상사고,0,0,4,0,차대차 - 추돌,안전거리미확보,건조,맑음,단일로 - 기타,승용,여,37세,경상,승용,남,36세,경상
2023101000100108,2023년 10월 10일 08시,화요일,전라남도 무안군 삼향읍,경상사고,0,0,1,0,차대차 - 정면충돌,신호위반,건조,맑음,교차로 - 교차로안,승용,여,35세,상해없음,승용,남,35세,경상
2023101000100156,2023년 10월 10일 09시,화요일,전라남도 목포시 옥암동,경상사고,0,0,1,0,차대차 - 추돌,안전거리미확보,건조,맑음,교차로 - 교차로안,승용,남,24세,상해없음,승용,남,67세,경상
2023101000100157,2023년 10월 10일 09시,화요일,전라남도 광양시 광양읍,경상사고,0,0,1,1,차대차 - 기타,신호위반,건조,맑음,교차로 - 교차로안,승용,남,75세,부상신고,화물,남,60세,경상
2023101000100193,2023년 10월 10일 10시,화요일,전라남도 순천시 조례동,중상사고,0,1,0,0,차대차 - 기타,안전운전불이행,건조,맑음,기타 - 기타,기타불명,기타불명,미분류,기타불명,자전거,남,60세,중상
2023101000100194,2023년 10월 10일 10시,화요일,전라남도 신안군 임자면,경상사고,0,0,1,0,차대차 - 측면충돌,안전운전불이행,건조,맑음,단일로 - 기타,화물,남,71세,상해없음,승용,남,64세,경상
2023101000100239,2023년 10월 10일 11시,화요일,전라남도 순천시 용당동,경상사고,0,0,1,0,차대차 - 측면충돌,안전운전불이행,건조,맑음,단일로 - 교량,이륜,남,41세,상해없음,승용,여,53세,경상
2023101000100278,2023년 10월 10일 12시,화요일,전라남도 나주시 동수동,경상사고,0,0,1,0,차대차 - 추돌,안전운전불이행,건조,맑음,교차로 - 교차로안,화물,남,63세,상해없음,승용,남,35세,경상
2023101000100279,2023년 10월 10일 12시,화요일,전라남도 진도군 진도읍,경상사고,0,0,2,0,차대차 - 측면충돌,교차로운행방법위반,건조,맑음,교차로 - 교차로안,이륜,남,33세,경상,이륜,남,46세,경상
2023101000100309,2023년 10월 10일 13시,화요일,전라남도 순천시 조곡동,중상사고,0,1,0,0,차대차 - 기타,중앙선침범,건조,맑음,교차로 - 교차로안,승용,여,28세,상해없음,이륜,남,29세,중상
2023101000100310,2023년 10월 10일 13시,화요일,전라남도 완도군 완도읍,경상사고,0,0,2,0,차대차 - 추돌,안전운전불이행,건조,맑음,단일로 - 기타,이륜,여,50세,경상,승용,여,52세,경상
2023101000100348,2023년 10월 10일 14시,화요일,전라남도 순천시 해룡면,경상사고,0,0,2,0,차대차 - 추돌,안전거리미확보,건조,맑음,단일로 - 기타,화물,남,31세,기타불명,승용,남,56세,경상
2023101000100349,2023년 10월 10일 14시,화요일,전라남도 순천시 조례동,경상사고,0,0,2,0,차대차 - 기타,직진우회전진행방해,건조,맑음,교차로 - 교차로안,승용,남,56세,경상,승용,여,60세,경상
2023101000100350,2023년 10월 10일 14시,화요일,전라남도 광양시 진월면,경상사고,0,0,2,0,차대차 - 측면충돌,기타,건조,맑음,교차로 - 교차로안,건설기계,남,62세,경상,화물,남,67세,경상
2023101000100394,2023년 10월 10일 15시,화요일,전라남도 목포시 옥암동,중상사고,0,1,0,0,차대차 - 측면충돌,안전운전불이행,건조,맑음,기타 - 기타,승용,남,43세,상해없음,이륜,남,73세,중상
2023101000100395,2023년 10월 10일 15시,화요일,전라남도 영광군 영광읍,경상사고,0,0,1,0,차대차 - 측면충돌,직진우회전진행방해,건조,맑음,교차로 - 교차로안,화물,남,59세,상해없음,승용,남,62세,경상
2023101000100396,2023년 10월 10일 15시,화요일,전라남도 광양시 광양읍,경상사고,0,0,1,0,차대차 - 후진중충돌,안전운전불이행,건조,맑음,주차장 - 주차장,승용,남,34세,상해없음,승용,여,32세,경상
2023101000100397,2023년 10월 10일 15시,화요일,전라남도 신안군 압해읍,경상사고,0,0,1,0,차대차 - 측면충돌,중앙선침범,건조,맑음,단일로 - 기타,승용,여,42세,상해없음,승용,남,32세,경상
2023101000100442,2023년 10월 10일 16시,화요일,전라남도 광양시 옥곡면,사망사고,1,0,1,0,차대차 - 측면충돌,기타,건조,맑음,교차로 - 교차로안,이륜,남,31세,사망,승용,여,53세,경상
2023101000100473,2023년 10월 10일 17시,화요일,전라남도 해남군 해남읍,중상사고,0,1,0,0,차대차 - 측면충돌,안전운전불이행,건조,맑음,단일로 - 기타,승용,남,47세,상해없음,이륜,여,71세,중상
2023101000100520,2023년 10월 10일 18시,화요일,전라남도 여수시 학동,경상사고,0,0,1,0,차대차 - 측면충돌,차로위반,건조,맑음,교차로 - 교차로안,승합,여,53세,상해없음,승용,남,26세,경상
2023101000100559,2023년 10월 10일 19시,화요일,전라남도 목포시 옥암동,경상사고,0,0,1,0,차대차 - 기타,교차로운행방법위반,건조,맑음,교차로 - 교차로안,승용,남,24세,상해없음,승용,여,53세,경상
2023101000100560,2023년 10월 10일 19시,화요일,전라남도 여수시 여서동,경상사고,0,0,2,0,차대차 - 기타,안전운전불이행,건조,맑음,기타 - 기타,기타불명,기타불명,미분류,기타불명,승합,남,59세,상해없음
2023101000100561,2023년 10월 10일 19시,화요일,전라남도 화순군 청풍면,중상사고,0,1,1,0,차량단독 - 도로외이탈 - 추락,안전운전불이행,건조,맑음,교차로 - 교차로부근,승용,남,84세,경상,,,,
2023101000100596,2023년 10월 10일 20시,화요일,전라남도 여수시 여서동,경상사고,0,0,2,0,차대차 - 측면충돌,안전운전불이행,건조,맑음,단일로 - 기타,개인형이동수단(PM),남,18세,상해없음,승용,여,51세,경상
2023101000100643,2023년 10월 10일 22시,화요일,전라남도 목포시 옥암동,경상사고,0,0,1,0,차대차 - 측면충돌,안전운전불이행,건조,맑음,교차로 - 교차로부근,승용,남,60세,상해없음,승용,남,21세,경상
2023101100100028,2023년 10월 11일 05시,수요일,전라남도 여수시 소라면,중상사고,0,1,2,0,차대차 - 기타,차로위반,건조,맑음,교차로 - 교차로부근,이륜,남,15세,경상,승용,남,24세,경상
2023101100100055,2023년 10월 11일 07시,수요일,전라남도 여수시 호명동,경상사고,0,0,1,0,차대차 - 측면충돌,안전운전불이행,건조,맑음,단일로 - 기타,승용,남,66세,상해없음,승용,남,36세,경상
2023101100100056,2023년 10월 11일 07시,수요일,전라남도 광양시 금호동,경상사고,0,0,1,0,차대차 - 추돌,안전거리미확보,건조,맑음,단일로 - 기타,승합,남,23세,상해없음,승용,남,32세,경상
2023101100100094,2023년 10월 11일 08시,수요일,전라남도 목포시 산정동,경상사고,0,0,1,0,차대차 - 기타,안전운전불이행,건조,맑음,기타 - 기타,승용,여,47세,상해없음,이륜,남,76세,경상
2023101100100095,2023년 10월 11일 08시,수요일,전라남도 목포시 용해동,경상사고,0,0,1,0,차대차 - 기타,안전운전불이행,건조,맑음,단일로 - 기타,승용,여,47세,상해없음,승합,남,70세,상해없음
2023101100100096,2023년 10월 11일 08시,수요일,전라남도 여수시 연등동,사망사고,1,0,0,0,차량단독 - 공작물충돌,안전운전불이행,건조,맑음,단일로 - 기타,자전거,남,76세,사망,,,,
2023101100100097,2023년 10월 11일 08시,수요일,전라남도 여수시 둔덕동,경상사고,0,0,1,0,차대차 - 정면충돌,안전운전불이행,건조,맑음,교차로 - 교차로안,승합,남,35세,상해없음,승용,여,24세,경상
2023101100100098,2023년 10월 11일 08시,수요일,전라남도 여수시 화치동,경상사고,0,0,1,0,차대차 - 추돌,안전운전불이행,건조,맑음,교차로 - 교차로안,특수,남,44세,상해없음,승용,남,60세,경상
2023101100100099,2023년 10월 11일 08시,수요일,전라남도 강진군 성전면,경상사고,0,0,1,0,차대차 - 측면충돌,안전거리미확보,건조,맑음,단일로 - 고가도로위,승용,남,74세,상해없음,승합,남,54세,경상
2023101100100136,2023년 10월 11일 09시,수요일,전라남도 고흥군 포두면,경상사고,0,0,1,0,차대차 - 기타,기타,건조,맑음,단일로 - 지하차도(도로)내,승용,남,68세,상해없음,화물,남,39세,경상
2023101100100168,2023년 10월 11일 10시,수요일,전라남도 여수시 미평동,경상사고,0,0,1,0,차대사람 - 기타,안전운전불이행,건조,맑음,단일로 - 기타,승용,남,75세,상해없음,보행자,여,67세,경상
2023101100100169,2023년 10월 11일 10시,수요일,전라남도 나주시 반남면,경상사고,0,0,2,0,차대차 - 측면충돌,안전운전불이행,건조,맑음,단일로 - 기타,화물,남,81세,상해없음,승합,여,64세,경상
2023101100100239,2023년 10월 11일 12시,수요일,전라남도 해남군 해남읍,중상사고,0,1,0,0,차대차 - 기타,안전운전불이행,건조,맑음,교차로 - 교차로안,화물,여,59세,상해없음,자전거,남,82세,중상
2023101100100240,2023년 10월 11일 12시,수요일,전라남도 해남군 옥천면,사망사고,1,0,0,0,차대차 - 측면충돌,안전운전불이행,건조,맑음,교차로 - 교차로안,화물,남,78세,상해없음,이륜,남,81세,사망
2023101100100279,2023년 10월 11일 13시,수요일,전라남도 광양시 중동,경상사고,0,0,1,0,차대차 - 추돌,중앙선침범,건조,맑음,교차로 - 교차로부근,승용,여,68세,상해없음,이륜,남,28세,경상
2023101100100309,2023년 10월 11일 14시,수요일,전라남도 여수시 여서동,경상사고,0,0,1,0,차대차 - 측면충돌,안전운전불이행,건조,맑음,교차로 - 교차로부근,승용,남,28세,상해없음,승용,남,63세,경상
2023101100100310,2023년 10월 11일 14시,수요일,전라남도 순천시 연향동,경상사고,0,0,1,0,차대차 - 기타,안전거리미확보,건조,맑음,단일로 - 기타,승용,여,64세,기타불명,승용,남,70세,상해없음
2023101100100350,2023년 10월 11일 15시,수요일,전라남도 영암군 학산면,경상사고,0,0,1,0,차대차 - 측면충돌,안전운전불이행,건조,맑음,교차로 - 교차로부근,화물,남,69세,상해없음,승합,여,63세,경상
2023101100100351,2023년 10월 11일 15시,수요일,전라남도 영암군 군서면,경상사고,0,0,1,0,차대차 - 측면충돌,안전운전불이행,건조,맑음,교차로 - 교차로부근,승용,남,68세,상해없음,승용,여,38세,경상
2023101100100352,2023년 10월 11일 15시,수요일,전라남도 장성군 장성읍,중상사고,0,1,0,0,차대사람 - 차도통행중,안전운전불이행,건조,맑음,교차로 - 교차로안,화물,남,66세,상해없음,보행자,여,77세,중상
2023101100100389,2023년 10월 11일 16시,수요일,전라남도 순천시 해룡면,경상사고,0,0,1,0,차량단독 - 기타,안전운전불이행,건조,맑음,교차로 - 교차로안,자전거,남,71세,경상,,,,
2023101100100419,2023년 10월 11일 17시,수요일,전라남도 여수시 돌산읍,경상사고,0,0,1,0,차대차 - 측면충돌,신호위반,건조,맑음,교차로 - 교차로안,화물,남,40세,상해없음,화물,남,62세,경상
2023101100100420,2023년 10월 11일 17시,수요일,전라남도 나주시 남평읍,중상사고,0,1,1,0,차대차 - 정면충돌,중앙선침범,건조,맑음,단일로 - 기타,화물,남,52세,중상,특수,남,31세,경상
2023101100100421,2023년 10월 11일 17시,수요일,전라남도 담양군 담양읍,중상사고,0,1,0,0,차대차 - 측면충돌,안전거리미확보,건조,맑음,단일로 - 기타,이륜,남,83세,중상,승용,여,48세,상해없음
2023101100100499,2023년 10월 11일 18시,수요일,전라남도 순천시 풍덕동,경상사고,0,0,1,0,차대차 - 측면충돌,안전거리미확보,건조,맑음,기타 - 기타,승용,여,38세,기타불명,승용,남,25세,경상
2023101100100500,2023년 10월 11일 18시,수요일,전라남도 순천시 연향동,경상사고,0,0,2,0,차대차 - 측면충돌,교차로운행방법위반,건조,맑음,교차로 - 교차로안,승용,남,62세,상해없음,승용,남,21세,경상
2023101100100501,2023년 10월 11일 18시,수요일,전라남도 해남군 해남읍,경상사고,0,0,1,0,차대차 - 기타,안전거리미확보,건조,맑음,교차로 - 교차로안,승합,여,58세,기타불명,승용,여,29세,경상
2023101100100502,2023년 10월 11일 18시,수요일,전라남도 보성군 벌교읍,경상사고,0,0,1,0,차량단독 - 전도전복 - 전도,안전운전불이행,건조,맑음,단일로 - 기타,화물,남,36세,경상,,,,
2023101100100599,2023년 10월 11일 20시,수요일,전라남도 목포시 산정동,경상사고,0,0,1,0,차대사람 - 기타,안전운전불이행,건조,맑음,교차로 - 교차로부근,원동기,남,21세,상해없음,보행자,남,54세,경상
2023101100100600,2023년 10월 11일 20시,수요일,전라남도 여수시 웅천동,중상사고,0,1,0,0,차대차 - 추돌,신호위반,건조,맑음,교차로 - 교차로부근,이륜,남,19세,중상,승용,여,35세,상해없음
2023101100100633,2023년 10월 11일 21시,수요일,전라남도 목포시 산정동,경상사고,0,0,1,0,차대차 - 기타,안전운전불이행,건조,맑음,기타 - 기타,승용,남,42세,상해없음,승용,여,58세,경상
2023101100100634,2023년 10월 11일 21시,수요일,전라남도 보성군 벌교읍,경상사고,0,0,3,0,차대차 - 측면충돌,직진우회전진행방해,건조,맑음,교차로 - 교차로안,화물,남,21세,경상,승용,여,66세,경상
2023101200100044,2023년 10월 12일 05시,목요일,전라남도 진도군 진도읍,중상사고,0,1,1,0,차대사람 - 횡단중,안전운전불이행,건조,맑음,단일로 - 기타,승용,여,61세,경상,보행자,여,71세,중상
2023101200100079,2023년 10월 12일 07시,목요일,전라남도 순천시 조례동,경상사고,0,0,1,0,차대차 - 기타,직진우회전진행방해,건조,맑음,교차로 - 교차로안,승용,남,68세,상해없음,승용,여,57세,경상
2023101200100104,2023년 10월 12일 08시,목요일,전라남도 나주시 안창동,경상사고,0,0,2,0,차대차 - 측면충돌,중앙선침범,건조,맑음,교차로 - 교차로부근,승용,남,53세,경상,승용,여,66세,경상
2023101200100105,2023년 10월 12일 08시,목요일,전라남도 나주시 금천면,경상사고,0,0,5,0,차대차 - 추돌,안전거리미확보,건조,맑음,단일로 - 기타,승용,여,27세,경상,승용,남,18세,경상
2023101200100106,2023년 10월 12일 08시,목요일,전라남도 장흥군 대덕읍,중상사고,0,1,0,0,차대차 - 기타,안전운전불이행,건조,맑음,교차로 - 교차로부근,화물,남,57세,기타불명,이륜,남,50세,중상
2023101200100151,2023년 10월 12일 09시,목요일,전라남도 고흥군 포두면,경상사고,0,0,1,0,차대사람 - 기타,안전운전불이행,건조,맑음,단일로 - 기타,승용,남,68세,상해없음,보행자,남,38세,경상
2023101200100152,2023년 10월 12일 09시,목요일,전라남도 화순군 화순읍,중상사고,0,1,1,0,차대차 - 측면충돌,교차로운행방법위반,건조,맑음,교차로 - 교차로안,개인형이동수단(PM),여,15세,중상,승용,남,25세,상해없음
2023101200100222,2023년 10월 12일 11시,목요일,전라남도 보성군 미력면,경상사고,0,0,2,0,차대차 - 정면충돌,안전운전불이행,건조,맑음,단일로 - 기타,승용,여,73세,경상,이륜,남,26세,경상
2023101200100223,2023년 10월 12일 11시,목요일,전라남도 담양군 대덕면,경상사고,0,0,1,0,차대차 - 측면충돌,안전거리미확보,건조,맑음,단일로 - 기타,승용,남,64세,상해없음,특수,남,51세,경상
2023101200100253,2023년 10월 12일 12시,목요일,전라남도 장성군 삼계면,경상사고,0,0,1,0,차대차 - 기타,중앙선침범,건조,맑음,교차로 - 교차로부근,승용,남,52세,상해없음,승용,남,70세,경상
2023101200100289,2023년 10월 12일 13시,목요일,전라남도 순천시 해룡면,중상사고,0,1,0,0,차대사람 - 횡단중,신호위반,건조,맑음,교차로 - 교차로횡단보도내,화물,남,60세,상해없음,보행자,여,8세,중상
2023101200100290,2023년 10월 12일 13시,목요일,전라남도 구례군 구례읍,경상사고,0,0,1,0,차대차 - 측면충돌,안전운전불이행,건조,맑음,교차로 - 교차로안,승용,남,60세,상해없음,승용,여,69세,경상
2023101200100332,2023년 10월 12일 14시,목요일,전라남도 목포시 대양동,경상사고,0,0,2,0,차대차 - 추돌,안전거리미확보,건조,맑음,단일로 - 기타,승합,남,29세,경상,화물,남,47세,경상
2023101200100371,2023년 10월 12일 15시,목요일,전라남도 화순군 사평면,경상사고,0,0,1,0,차량단독 - 공작물충돌,안전운전불이행,건조,맑음,단일로 - 기타,화물,남,65세,경상,,,,
2023101200100372,2023년 10월 12일 15시,목요일,전라남도 장성군 장성읍,중상사고,0,1,0,0,차대차 - 기타,안전거리미확보,건조,맑음,단일로 - 기타,이륜,남,79세,중상,화물,남,63세,상해없음
2023101200100409,2023년 10월 12일 16시,목요일,전라남도 나주시 남평읍,경상사고,0,0,1,0,차대사람 - 차도통행중,안전운전불이행,건조,맑음,단일로 - 기타,화물,남,79세,상해없음,보행자,여,17세,경상