사고번호,사고일시,요일,시군구,사고내용,사망자수,중상자수,경상자수,부상신고자수,사고유형,법규위반,노면상태,기상상태,도로형태,가해운전자 차종,가해운전자 성별,가해운전자 연령,가해운전자 상해정도,피해운전자 차종,피해운전자 성별,피해운전자 연령,피해운전자 상해정도
2023101200100410,2023년 10월 12일 16시,목요일,전라남도 고흥군 포두면,중상사고,0,1,0,1,차대차 - 기타,안전운전불이행,건조,맑음,단일로 - 기타,화물,남,29세,부상신고,화물,여,69세,중상
2023101200100440,2023년 10월 12일 17시,목요일,전라남도 목포시 산정동,경상사고,0,0,1,1,차대차 - 기타,신호위반,건조,맑음,교차로 - 교차로안,승용,여,65세,부상신고,화물,남,76세,경상
2023101200100441,2023년 10월 12일 17시,목요일,전라남도 목포시 상동,경상사고,0,0,1,0,차대사람 - 횡단중,안전운전불이행,건조,맑음,교차로 - 교차로횡단보도내,개인형이동수단(PM),남,15세,기타불명,보행자,여,24세,경상
2023101200100547,2023년 10월 12일 19시,목요일,전라남도 목포시 산정동,경상사고,0,0,1,0,차대차 - 기타,안전운전불이행,건조,맑음,단일로 - 기타,승용,남,44세,상해없음,이륜,남,24세,경상
2023101200100548,2023년 10월 12일 19시,목요일,전라남도 여수시 율촌면,경상사고,0,0,1,0,차대차 - 기타,안전운전불이행,건조,맑음,단일로 - 터널,기타불명,기타불명,미분류,기타불명,화물,남,63세,경상
2023101200100549,2023년 10월 12일 19시,목요일,전라남도 나주시 노안면,경상사고,0,0,4,0,차대차 - 측면충돌,안전운전불이행,건조,기타,기타 - 기타,승용,남,59세,상해없음,승용,남,27세,경상
2023101200100584,2023년 10월 12일 20시,목요일,전라남도 완도군 완도읍,경상사고,0,0,1,0,차대차 - 측면충돌,안전운전불이행,건조,맑음,교차로 - 교차로부근,승용,남,37세,상해없음,화물,남,61세,경상
2023101300100072,2023년 10월 13일 07시,금요일,전라남도 광양시 중동,경상사고,0,0,1,0,차대차 - 측면충돌,직진우회전진행방해,건조,맑음,교차로 - 교차로안,승용,남,75세,상해없음,승용,남,45세,경상
2023101300100108,2023년 10월 13일 08시,금요일,전라남도 광양시 중동,경상사고,0,0,1,0,차대차 - 측면충돌,안전운전불이행,건조,맑음,단일로 - 기타,승용,여,30세,상해없음,승용,여,41세,경상
2023101300100191,2023년 10월 13일 10시,금요일,전라남도 여수시 신기동,경상사고,0,0,2,0,차대차 - 기타,중앙선침범,건조,맑음,단일로 - 기타,승용,남,58세,상해없음,승용,남,65세,경상
2023101300100192,2023년 10월 13일 10시,금요일,전라남도 장흥군 관산읍,경상사고,0,0,2,0,차대차 - 측면충돌,안전운전불이행,건조,맑음,기타 - 기타,승용,남,67세,경상,화물,남,26세,경상
2023101300100371,2023년 10월 13일 15시,금요일,전라남도 해남군 문내면,경상사고,0,0,2,0,차대차 - 측면충돌,기타,건조,맑음,교차로 - 교차로안,승용,남,70세,경상,화물,남,31세,경상
2023101300100414,2023년 10월 13일 16시,금요일,전라남도 보성군 보성읍,경상사고,0,0,1,0,차량단독 - 공작물충돌,안전운전불이행,건조,맑음,기타 - 기타,승용,여,49세,상해없음,,,,
2023101300100463,2023년 10월 13일 17시,금요일,전라남도 구례군 구례읍,경상사고,0,0,1,0,차대차 - 측면충돌,직진우회전진행방해,건조,맑음,교차로 - 교차로안,승용,여,61세,상해없음,자전거,남,69세,경상
2023101300100521,2023년 10월 13일 18시,금요일,전라남도 목포시 상동,경상사고,0,0,1,0,차대차 - 기타,안전운전불이행,건조,맑음,교차로 - 교차로안,승용,여,56세,기타불명,이륜,남,18세,경상
2023101300100522,2023년 10월 13일 18시,금요일,전라남도 목포시 용당동,경상사고,0,0,1,0,차대사람 - 기타,안전운전불이행,건조,맑음,단일로 - 기타,승용,남,35세,상해없음,보행자,남,7세,경상
2023101300100523,2023년 10월 13일 18시,금요일,전라남도 여수시 교동,중상사고,0,1,0,0,차대사람 - 횡단중,안전운전불이행,건조,맑음,단일로 - 교량,화물,남,66세,기타불명,보행자,남,81세,중상
2023101300100524,2023년 10월 13일 18시,금요일,전라남도 고흥군 도덕면,경상사고,0,0,1,0,차대차 - 측면충돌,안전운전불이행,건조,맑음,단일로 - 기타,승용,남,35세,상해없음,농기계,남,82세,경상
2023101300100525,2023년 10월 13일 18시,금요일,전라남도 영암군 삼호읍,경상사고,0,0,1,0,차대차 - 측면충돌,안전운전불이행,건조,맑음,교차로 - 교차로안,승용,남,50세,상해없음,자전거,남,49세,경상
2023101300100526,2023년 10월 13일 18시,금요일,전라남도 강진군 칠량면,경상사고,0,0,7,0,차대차 - 추돌,안전운전불이행,건조,맑음,단일로 - 기타,승용,여,54세,경상,승합,남,39세,경상
2023101300100600,2023년 10월 13일 19시,금요일,전라남도 순천시 왕지동,경상사고,0,0,1,0,차대차 - 측면충돌,안전운전불이행,건조,맑음,교차로 - 교차로부근,승용,남,24세,상해없음,이륜,남,31세,경상
2023101300100601,2023년 10월 13일 19시,금요일,전라남도 영암군 삼호읍,경상사고,0,0,4,1,차대차 - 추돌,안전운전불이행,건조,맑음,단일로 - 기타,승용,여,41세,상해없음,화물,남,70세,경상
2023101300100634,2023년 10월 13일 20시,금요일,전라남도 나주시 빛가람동,경상사고,0,0,2,0,차대차 - 기타,안전거리미확보,건조,맑음,교차로 - 교차로부근,승용,여,54세,경상,승용,여,29세,경상
2023101300100659,2023년 10월 13일 21시,금요일,전라남도 담양군 담양읍,경상사고,0,0,1,0,차대차 - 기타,불법유턴,건조,맑음,단일로 - 기타,승용,남,54세,상해없음,자전거,여,64세,경상
2023101300100712,2023년 10월 13일 23시,금요일,전라남도 순천시 석현동,경상사고,0,0,1,0,차대사람 - 기타,안전운전불이행,건조,맑음,단일로 - 기타,원동기,남,26세,상해없음,보행자,남,21세,경상
2023101400100034,2023년 10월 14일 03시,토요일,전라남도 목포시 상동,경상사고,0,0,1,0,차대차 - 추돌,안전운전불이행,건조,맑음,단일로 - 기타,승용,남,18세,상해없음,승용,남,63세,경상
2023101400100051,2023년 10월 14일 05시,토요일,전라남도 목포시 상동,중상사고,0,1,0,0,차대차 - 측면충돌,신호위반,건조,맑음,교차로 - 교차로안,승용,남,25세,상해없음,이륜,남,33세,중상
2023101400100052,2023년 10월 14일 05시,토요일,전라남도 순천시 해룡면,경상사고,0,0,1,0,차대차 - 측면충돌,교차로운행방법위반,건조,맑음,교차로 - 교차로안,승용,여,40세,상해없음,승용,남,29세,경상
2023101400100113,2023년 10월 14일 09시,토요일,전라남도 곡성군 곡성읍,경상사고,0,0,1,0,차대차 - 측면충돌,중앙선침범,건조,맑음,교차로 - 교차로부근,승용,남,62세,경상,건설기계,남,57세,상해없음
2023101400100143,2023년 10월 14일 10시,토요일,전라남도 목포시 동명동,경상사고,0,0,1,0,차대차 - 측면충돌,중앙선침범,건조,맑음,교차로 - 교차로부근,승용,남,82세,상해없음,승용,남,38세,경상
2023101400100144,2023년 10월 14일 10시,토요일,전라남도 화순군 화순읍,경상사고,0,0,1,0,차대차 - 측면충돌,직진우회전진행방해,건조,맑음,교차로 - 교차로안,승용,여,50세,상해없음,승용,남,45세,경상
2023101400100173,2023년 10월 14일 11시,토요일,전라남도 목포시 상동,경상사고,0,0,5,0,차대차 - 측면충돌,직진우회전진행방해,건조,맑음,교차로 - 교차로안,승용,남,75세,경상,승용,남,56세,경상
2023101400100174,2023년 10월 14일 11시,토요일,전라남도 목포시 석현동,경상사고,0,0,1,0,차대사람 - 횡단중,보행자보호의무위반,건조,맑음,교차로 - 교차로부근,이륜,남,33세,상해없음,보행자,남,60세,경상
2023101400100175,2023년 10월 14일 11시,토요일,전라남도 나주시 빛가람동,중상사고,0,1,1,0,차대차 - 측면충돌,안전운전불이행,건조,맑음,교차로 - 교차로안,승용,여,54세,중상,승용,남,47세,경상
2023101400100176,2023년 10월 14일 11시,토요일,전라남도 영암군 서호면,경상사고,0,0,1,0,차대차 - 추돌,안전운전불이행,건조,맑음,단일로 - 기타,화물,남,37세,상해없음,승용,남,67세,경상
2023101400100255,2023년 10월 14일 13시,토요일,전라남도 화순군 화순읍,경상사고,0,0,1,0,차대차 - 측면충돌,안전거리미확보,건조,맑음,단일로 - 기타,승용,남,69세,기타불명,승용,남,49세,경상
2023101400100323,2023년 10월 14일 15시,토요일,전라남도 무안군 청계면,사망사고,1,0,0,0,차량단독 - 전도전복 - 전도,안전운전불이행,건조,맑음,기타 - 기타,농기계,남,82세,사망,,,,
2023101400100360,2023년 10월 14일 16시,토요일,전라남도 순천시 중앙동,경상사고,0,0,1,0,차대차 - 측면충돌,기타,건조,맑음,단일로 - 기타,승용,남,46세,상해없음,승합,남,61세,상해없음
2023101400100361,2023년 10월 14일 16시,토요일,전라남도 순천시 연향동,경상사고,0,0,3,0,차대차 - 측면충돌,직진우회전진행방해,건조,맑음,교차로 - 교차로부근,승용,남,59세,상해없음,승용,여,67세,경상
2023101400100390,2023년 10월 14일 17시,토요일,전라남도 나주시 빛가람동,중상사고,0,1,3,0,차대차 - 측면충돌,신호위반,건조,맑음,교차로 - 교차로안,이륜,남,33세,중상,승용,남,35세,경상
2023101400100391,2023년 10월 14일 17시,토요일,전라남도 무안군 청계면,경상사고,0,0,1,0,차대차 - 측면충돌,안전운전불이행,건조,맑음,단일로 - 기타,화물,남,75세,상해없음,승용,여,46세,경상
2023101400100392,2023년 10월 14일 17시,토요일,전라남도 신안군 압해읍,경상사고,0,0,2,0,차대차 - 추돌,안전거리미확보,젖음/습기,비,교차로 - 교차로부근,승용,여,62세,상해없음,승용,여,41세,경상
2023101400100432,2023년 10월 14일 18시,토요일,전라남도 보성군 득량면,중상사고,0,2,1,0,차량단독 - 공작물충돌,안전운전불이행,건조,맑음,단일로 - 기타,승용,남,71세,경상,,,,
2023101400100433,2023년 10월 14일 18시,토요일,전라남도 무안군 삼향읍,중상사고,0,1,0,0,차대차 - 측면충돌,신호위반,젖음/습기,비,교차로 - 교차로횡단보도내,승용,여,45세,상해없음,자전거,남,11세,중상
2023101400100465,2023년 10월 14일 19시,토요일,전라남도 목포시 산정동,중상사고,0,1,0,0,차대사람 - 기타,안전운전불이행,젖음/습기,비,교차로 - 교차로안,승합,남,42세,상해없음,보행자,남,72세,중상
2023101400100466,2023년 10월 14일 19시,토요일,전라남도 목포시 옥암동,경상사고,0,0,1,0,차대차 - 측면충돌,안전거리미확보,건조,맑음,교차로 - 교차로부근,승용,여,55세,상해없음,승용,남,55세,경상
2023101400100467,2023년 10월 14일 19시,토요일,전라남도 나주시 빛가람동,경상사고,0,0,1,0,차대차 - 기타,안전운전불이행,젖음/습기,흐림,교차로 - 교차로부근,승용,남,29세,상해없음,이륜,남,40세,경상
2023101400100468,2023년 10월 14일 19시,토요일,전라남도 곡성군 옥과면,경상사고,0,0,1,0,차대차 - 측면충돌,직진우회전진행방해,건조,맑음,교차로 - 교차로안,이륜,남,50세,경상,승용,남,20세,상해없음
2023101400100499,2023년 10월 14일 20시,토요일,전라남도 보성군 보성읍,중상사고,0,1,0,0,차량단독 - 공작물충돌,안전운전불이행,젖음/습기,흐림,단일로 - 기타,화물,남,68세,중상,,,,
2023101400100500,2023년 10월 14일 20시,토요일,전라남도 장성군 장성읍,경상사고,0,0,1,0,차대사람 - 길가장자리구역통행중,안전운전불이행,건조,맑음,기타 - 기타,특수,남,47세,상해없음,보행자,남,56세,경상
2023101400100534,2023년 10월 14일 21시,토요일,전라남도 목포시 상동,경상사고,0,0,1,0,차대사람 - 길가장자리구역통행중,안전운전불이행,건조,맑음,기타 - 기타,승용,남,38세,상해없음,보행자,남,49세,경상
2023101400100535,2023년 10월 14일 21시,토요일,전라남도 여수시 문수동,경상사고,0,0,2,0,차대차 - 측면충돌,안전거리미확보,건조,맑음,단일로 - 기타,승용,남,24세,상해없음,승용,여,32세,경상
2023101400100536,2023년 10월 14일 21시,토요일,전라남도 순천시 조곡동,중상사고,0,1,0,0,차대차 - 기타,안전운전불이행,건조,기타,교차로 - 교차로안,이륜,남,41세,중상,승용,남,46세,상해없음
2023101400100537,2023년 10월 14일 21시,토요일,전라남도 순천시 조례동,경상사고,0,0,1,0,차대사람 - 기타,안전운전불이행,건조,맑음,교차로 - 교차로부근,승용,여,45세,상해없음,보행자,여,53세,경상
2023101500100060,2023년 10월 15일 07시,일요일,전라남도 여수시 소라면,중상사고,0,1,0,0,차대차 - 기타,안전운전불이행,건조,맑음,교차로 - 교차로안,승용,남,61세,상해없음,화물,남,40세,중상
2023101500100083,2023년 10월 15일 09시,일요일,전라남도 여수시 신기동,경상사고,0,0,1,0,차대차 - 측면충돌,교차로운행방법위반,건조,맑음,교차로 - 교차로부근,승용,여,50세,상해없음,승용,여,49세,경상
2023101500100084,2023년 10월 15일 09시,일요일,전라남도 순천시 매곡동,경상사고,0,0,1,0,차대차 - 기타,교차로운행방법위반,건조,맑음,교차로 - 교차로안,승용,여,59세,상해없음,승용,남,63세,경상
2023101500100085,2023년 10월 15일 09시,일요일,전라남도 순천시 오천동,경상사고,0,0,1,0,차대차 - 기타,교차로운행방법위반,건조,맑음,교차로 - 교차로안,승용,남,64세,상해없음,승용,남,40세,경상
2023101500100110,2023년 10월 15일 10시,일요일,전라남도 나주시 대호동,경상사고,0,0,1,1,차대차 - 측면충돌,직진우회전진행방해,건조,맑음,교차로 - 교차로안,승용,여,36세,경상,승용,남,82세,부상신고
2023101500100111,2023년 10월 15일 10시,일요일,전라남도 해남군 북평면,중상사고,0,1,0,0,차대차 - 기타,중앙선침범,건조,맑음,단일로 - 기타,화물,남,72세,상해없음,승용,여,40세,중상
2023101500100132,2023년 10월 15일 11시,일요일,전라남도 화순군 화순읍,중상사고,0,1,0,0,차대사람 - 보도통행중,보행자보호의무위반,건조,맑음,교차로 - 교차로횡단보도내,승용,남,48세,상해없음,보행자,남,44세,중상
2023101500100150,2023년 10월 15일 12시,일요일,전라남도 목포시 산정동,경상사고,0,0,1,0,차대차 - 측면충돌,직진우회전진행방해,건조,맑음,교차로 - 교차로부근,승용,여,62세,상해없음,승용,남,58세,경상
2023101500100224,2023년 10월 15일 14시,일요일,전라남도 광양시 금호동,경상사고,0,0,2,0,차대차 - 기타,안전운전불이행,건조,맑음,교차로 - 교차로안,승용,남,57세,상해없음,승용,남,22세,경상
2023101500100225,2023년 10월 15일 14시,일요일,전라남도 구례군 구례읍,중상사고,0,2,1,0,차대차 - 측면충돌,중앙선침범,건조,맑음,단일로 - 기타,승용,여,60세,경상,승용,여,76세,중상
2023101500100289,2023년 10월 15일 16시,일요일,전라남도 여수시 신기동,경상사고,0,0,1,0,차대차 - 측면충돌,신호위반,건조,맑음,교차로 - 교차로안,승용,여,33세,상해없음,승용,여,70세,경상
2023101500100318,2023년 10월 15일 17시,일요일,전라남도 목포시 옥암동,경상사고,0,0,1,0,차대차 - 추돌,안전거리미확보,건조,맑음,단일로 - 지하차도(도로)내,화물,여,44세,상해없음,승용,남,77세,상해없음
2023101500100319,2023년 10월 15일 17시,일요일,전라남도 나주시 금천면,경상사고,0,0,2,0,차대차 - 측면충돌,신호위반,건조,맑음,교차로 - 교차로안,승용,여,40세,상해없음,승용,남,46세,경상
2023101500100347,2023년 10월 15일 18시,일요일,전라남도 목포시 창평동,부상신고사고,0,0,0,1,차대차 - 기타,안전운전불이행,건조,맑음,교차로 - 교차로안,승용,여,47세,상해없음,이륜,남,31세,부상신고
2023101500100348,2023년 10월 15일 18시,일요일,전라남도 함평군 월야면,부상신고사고,0,0,0,1,차대차 - 기타,안전운전불이행,건조,맑음,단일로 - 기타,승용,남,63세,부상신고,농기계,남,63세,기타불명
2023101500100349,2023년 10월 15일 18시,일요일,전라남도 담양군 창평면,경상사고,0,0,3,0,차대차 - 기타,직진우회전진행방해,건조,맑음,교차로 - 교차로안,승용,남,67세,상해없음,승용,남,40세,경상
2023101500100379,2023년 10월 15일 19시,일요일,전라남도 해남군 황산면,중상사고,0,2,1,0,차대차 - 기타,교차로운행방법위반,건조,맑음,교차로 - 교차로안,화물,여,61세,중상,화물,남,59세,경상
2023101500100380,2023년 10월 15일 19시,일요일,전라남도 화순군 화순읍,경상사고,0,0,2,0,차량단독 - 도로외이탈 - 기타,안전운전불이행,건조,흐림,단일로 - 기타,승용,남,23세,경상,,,,
2023101500100403,2023년 10월 15일 20시,일요일,전라남도 나주시 서내동,중상사고,0,1,0,0,차대차 - 측면충돌,안전운전불이행,건조,맑음,단일로 - 기타,승용,여,48세,상해없음,자전거,남,75세,중상
2023101500100421,2023년 10월 15일 21시,일요일,전라남도 목포시 옥암동,중상사고,0,1,0,0,차대사람 - 기타,안전운전불이행,건조,맑음,기타 - 기타,승용,여,41세,상해없음,보행자,남,73세,중상
2023101500100433,2023년 10월 15일 22시,일요일,전라남도 목포시 상동,경상사고,0,0,3,0,차대차 - 기타,신호위반,건조,맑음,교차로 - 교차로안,승용,남,51세,상해없음,승용,남,70세,경상
2023101600100010,2023년 10월 16일 00시,월요일,전라남도 목포시 옥암동,경상사고,0,0,1,0,차대사람 - 차도통행중,안전운전불이행,건조,맑음,교차로 - 교차로부근,승합,남,58세,상해없음,보행자,여,62세,경상
2023101600100027,2023년 10월 16일 03시,월요일,전라남도 순천시 저전동,경상사고,0,0,1,0,차대사람 - 횡단중,안전운전불이행,건조,맑음,교차로 - 교차로부근,승용,남,57세,상해없음,보행자,여,80세,경상
2023101600100028,2023년 10월 16일 03시,월요일,전라남도 나주시 동수동,경상사고,0,0,6,0,차량단독 - 공작물충돌,안전운전불이행,건조,맑음,단일로 - 기타,승용,여,28세,경상,,,,
2023101600100048,2023년 10월 16일 06시,월요일,전라남도 광양시 진월면,경상사고,0,0,1,0,차대차 - 기타,안전운전불이행,건조,맑음,기타 - 기타,건설기계,남,49세,상해없음,승용,여,38세,경상
2023101600100108,2023년 10월 16일 08시,월요일,전라남도 신안군 지도읍,중상사고,0,1,1,0,차대차 - 정면충돌,중앙선침범,건조,맑음,단일로 - 기타,승용,여,49세,경상,승용,남,50세,중상
2023101600100181,2023년 10월 16일 10시,월요일,전라남도 해남군 해남읍,경상사고,0,0,1,0,차대차 - 측면충돌,안전운전불이행,건조,맑음,단일로 - 기타,화물,남,70세,상해없음,승용,남,79세,상해없음
2023101600100182,2023년 10월 16일 10시,월요일,전라남도 해남군 해남읍,경상사고,0,0,1,0,차대차 - 측면충돌,안전운전불이행,건조,맑음,교차로 - 교차로부근,화물,남,58세,상해없음,승용,남,56세,경상
2023101600100255,2023년 10월 16일 12시,월요일,전라남도 순천시 연향동,중상사고,0,1,0,0,차대차 - 측면충돌,신호위반,건조,맑음,교차로 - 교차로안,화물,남,61세,상해없음,이륜,남,28세,중상
2023101600100256,2023년 10월 16일 12시,월요일,전라남도 고흥군 도양읍,경상사고,0,0,1,0,차대사람 - 기타,안전운전불이행,건조,맑음,교차로 - 교차로부근,화물,남,67세,상해없음,보행자,여,89세,경상
2023101600100257,2023년 10월 16일 12시,월요일,전라남도 장성군 북이면,중상사고,0,1,1,0,차대차 - 추돌,안전운전불이행,건조,맑음,단일로 - 기타,화물,남,62세,상해없음,승용,남,84세,경상
2023101600100296,2023년 10월 16일 13시,월요일,전라남도 목포시 용해동,경상사고,0,0,1,0,차대차 - 추돌,안전운전불이행,건조,맑음,교차로 - 교차로부근,승용,남,69세,상해없음,승용,남,43세,경상
2023101600100297,2023년 10월 16일 13시,월요일,전라남도 목포시 석현동,경상사고,0,0,1,0,차대차 - 추돌,안전거리미확보,건조,맑음,단일로 - 기타,승용,여,65세,상해없음,이륜,남,46세,경상
2023101600100298,2023년 10월 16일 13시,월요일,전라남도 순천시 해룡면,경상사고,0,0,5,0,차대차 - 추돌,안전운전불이행,건조,맑음,단일로 - 기타,승용,여,39세,경상,승용,여,51세,경상
2023101600100299,2023년 10월 16일 13시,월요일,전라남도 영광군 영광읍,경상사고,0,0,1,0,차대차 - 기타,기타,건조,맑음,단일로 - 기타,승합,남,44세,상해없음,승용,남,70세,상해없음
2023101600100300,2023년 10월 16일 13시,월요일,전라남도 화순군 화순읍,중상사고,0,1,0,0,차대사람 - 차도통행중,안전운전불이행,건조,맑음,단일로 - 기타,승용,여,68세,상해없음,보행자,여,77세,중상
2023101600100472,2023년 10월 16일 17시,월요일,전라남도 목포시 용해동,경상사고,0,0,1,0,차대사람 - 기타,안전운전불이행,건조,맑음,교차로 - 교차로안,승용,여,53세,상해없음,보행자,여,7세,경상
2023101600100526,2023년 10월 16일 18시,월요일,전라남도 순천시 가곡동,경상사고,0,0,3,0,차대차 - 기타,안전운전불이행,건조,맑음,교차로 - 교차로안,승용,여,31세,경상,승용,남,32세,경상
2023101600100527,2023년 10월 16일 18시,월요일,전라남도 나주시 대호동,중상사고,0,1,0,0,차대차 - 측면충돌,안전운전불이행,건조,맑음,교차로 - 교차로안,승용,남,29세,상해없음,원동기,남,45세,중상
2023101600100528,2023년 10월 16일 18시,월요일,전라남도 영암군 삼호읍,중상사고,0,1,0,0,차대차 - 측면충돌,중앙선침범,건조,맑음,교차로 - 교차로부근,승용,여,51세,기타불명,화물,남,64세,중상
2023101600100529,2023년 10월 16일 18시,월요일,전라남도 영암군 삼호읍,경상사고,0,0,1,0,차대차 - 기타,교차로운행방법위반,건조,맑음,교차로 - 교차로안,승용,남,57세,상해없음,원동기,남,27세,경상
2023101600100569,2023년 10월 16일 19시,월요일,전라남도 무안군 현경면,경상사고,0,0,2,0,차대차 - 기타,직진우회전진행방해,건조,맑음,교차로 - 교차로안,승합,남,52세,상해없음,승용,남,60세,경상
2023101600100613,2023년 10월 16일 21시,월요일,전라남도 여수시 소호동,경상사고,0,0,1,0,차대차 - 기타,안전운전불이행,건조,맑음,단일로 - 기타,승용,여,48세,상해없음,승용,남,64세,상해없음
2023101600100624,2023년 10월 16일 22시,월요일,전라남도 담양군 고서면,부상신고사고,0,0,0,1,차대사람 - 길가장자리구역통행중,안전운전불이행,건조,맑음,단일로 - 기타,화물,남,67세,상해없음,보행자,여,67세,부상신고
2023101700100024,2023년 10월 17일 04시,화요일,전라남도 곡성군 오산면,사망사고,1,0,1,0,차량단독 - 공작물충돌,안전운전불이행,젖음/습기,안개,단일로 - 기타,화물,남,66세,사망,,,,
2023101700100037,2023년 10월 17일 05시,화요일,전라남도 나주시 봉황면,경상사고,0,0,3,0,차대차 - 측면충돌,안전운전불이행,건조,기타,교차로 - 교차로안,승용,남,36세,상해없음,화물,남,47세,경상
2023101700100069,2023년 10월 17일 07시,화요일,전라남도 순천시 오천동,중상사고,0,1,0,0,차대사람 - 기타,보행자보호의무위반,건조,맑음,교차로 - 교차로횡단보도내,승합,남,75세,상해없음,보행자,남,22세,중상
2023101700100118,2023년 10월 17일 08시,화요일,전라남도 목포시 옥암동,경상사고,0,0,2,0,차대차 - 측면충돌,신호위반,건조,맑음,교차로 - 교차로안,승용,남,39세,상해없음,승용,여,43세,경상
2023101700100119,2023년 10월 17일 08시,화요일,전라남도 완도군 완도읍,중상사고,0,1,0,0,차대차 - 측면충돌,안전운전불이행,건조,맑음,교차로 - 교차로안,승용,여,42세,상해없음,자전거,남,73세,중상
2023101700100120,2023년 10월 17일 08시,화요일,전라남도 구례군 구례읍,중상사고,0,1,0,0,차대차 - 측면충돌,직진우회전진행방해,건조,맑음,교차로 - 교차로안,이륜,여,63세,중상,승용,여,75세,상해없음
2023101700100155,2023년 10월 17일 09시,화요일,전라남도 여수시 충무동,중상사고,0,1,0,0,차대차 - 측면충돌,안전운전불이행,건조,맑음,단일로 - 기타,화물,남,75세,중상,화물,남,74세,기타불명
2023101700100156,2023년 10월 17일 09시,화요일,전라남도 여수시 오림동,경상사고,0,0,4,0,차대차 - 측면충돌,안전운전불이행,건조,맑음,단일로 - 기타,승용,여,56세,경상,화물,남,48세,경상
2023101700100157,2023년 10월 17일 09시,화요일,전라남도 순천시 해룡면,경상사고,0,0,1,0,차대차 - 기타,안전운전불이행,건조,맑음,단일로 - 기타,건설기계,남,59세,상해없음,승용,기타불명,미분류,기타불명
2023101700100158,2023년 10월 17일 09시,화요일,전라남도 장흥군 장흥읍,경상사고,0,0,3,0,차대차 - 측면충돌,안전운전불이행,건조,맑음,교차로 - 교차로안,화물,남,79세,경상,승합,여,27세,경상
2023101700100159,2023년 10월 17일 09시,화요일,전라남도 광양시 광양읍,경상사고,0,0,1,0,차량단독 - 공작물충돌,안전운전불이행,건조,맑음,단일로 - 교량,특수,남,40세,경상,,,,
2023101700100202,2023년 10월 17일 10시,화요일,전라남도 목포시 용해동,경상사고,0,0,2,0,차대차 - 측면충돌,신호위반,건조,맑음,교차로 - 교차로안,화물,남,23세,상해없음,승용,여,39세,경상
2023101700100203,2023년 10월 17일 10시,화요일,전라남도 여수시 선원동,경상사고,0,0,2,0,차대차 - 기타,교차로운행방법위반,건조,맑음,기타 - 기타,승용,남,78세,상해없음,승용,여,38세,경상
2023101700100204,2023년 10월 17일 10시,화요일,전라남도 장흥군 장흥읍,경상사고,0,0,2,0,차대차 - 기타,안전운전불이행,건조,맑음,교차로 - 교차로안,승합,남,75세,경상,승용,남,32세,경상
2023101700100205,2023년 10월 17일 10시,화요일,전라남도 신안군 압해읍,사망사고,1,0,0,0,차량단독 - 도로외이탈 - 추락,안전운전불이행,건조,맑음,단일로 - 기타,화물,남,74세,사망,,,,
2023101700100243,2023년 10월 17일 11시,화요일,전라남도 영광군 영광읍,경상사고,0,0,2,0,차대차 - 추돌,안전운전불이행,건조,맑음,단일로 - 기타,승용,여,55세,상해없음,승용,남,77세,경상
2023101700100244,2023년 10월 17일 11시,화요일,전라남도 영암군 학산면,중상사고,0,1,0,0,차대차 - 정면충돌,안전운전불이행,건조,맑음,교차로 - 교차로부근,화물,남,73세,상해없음,원동기,여,78세,중상
2023101700100279,2023년 10월 17일 12시,화요일,전라남도 강진군 작천면,중상사고,0,1,0,0,차대차 - 측면충돌,안전운전불이행,건조,맑음,단일로 - 기타,승용,여,63세,상해없음,이륜,여,75세,중상
2023101700100319,2023년 10월 17일 13시,화요일,전라남도 나주시 남평읍,경상사고,0,0,2,0,차대차 - 측면충돌,직진우회전진행방해,건조,맑음,교차로 - 교차로안,승용,남,49세,상해없음,승용,남,63세,경상
2023101700100355,2023년 10월 17일 14시,화요일,전라남도 순천시 조례동,경상사고,0,0,1,0,차대차 - 측면충돌,차로위반,건조,맑음,교차로 - 교차로안,건설기계,남,63세,상해없음,승용,여,26세,경상
2023101700100356,2023년 10월 17일 14시,화요일,전라남도 영암군 삼호읍,경상사고,0,0,1,0,차대차 - 추돌,안전운전불이행,건조,맑음,단일로 - 기타,화물,남,62세,상해없음,이륜,남,47세,경상
2023101700100397,2023년 10월 17일 15시,화요일,전라남도 순천시 덕월동,중상사고,0,1,3,0,차대차 - 측면충돌,교차로운행방법위반,건조,맑음,교차로 - 교차로안,승용,남,61세,중상,화물,남,50세,경상
2023101700100442,2023년 10월 17일 16시,화요일,전라남도 순천시 홍내동,경상사고,0,0,1,0,차대차 - 측면충돌,중앙선침범,건조,맑음,단일로 - 기타,승용,남,77세,상해없음,승용,남,26세,경상
2023101700100443,2023년 10월 17일 16시,화요일,전라남도 나주시 송월동,경상사고,0,0,1,0,차대차 - 측면충돌,교차로운행방법위반,건조,맑음,교차로 - 교차로안,승용,여,69세,상해없음,승용,남,82세,경상