사고번호,사고일시,요일,시군구,사고내용,사망자수,중상자수,경상자수,부상신고자수,사고유형,법규위반,노면상태,기상상태,도로형태,가해운전자 차종,가해운전자 성별,가해운전자 연령,가해운전자 상해정도,피해운전자 차종,피해운전자 성별,피해운전자 연령,피해운전자 상해정도
2023101700100444,2023년 10월 17일 16시,화요일,전라남도 광양시 중동,경상사고,0,0,2,0,차대차 - 측면충돌,안전운전불이행,건조,맑음,교차로 - 교차로부근,승용,남,57세,상해없음,승용,남,46세,경상
2023101700100496,2023년 10월 17일 17시,화요일,전라남도 순천시 오천동,경상사고,0,0,1,0,차대차 - 기타,신호위반,건조,맑음,단일로 - 기타,승용,남,54세,상해없음,화물,남,26세,경상
2023101700100540,2023년 10월 17일 18시,화요일,전라남도 여수시 여서동,경상사고,0,0,1,0,차대차 - 추돌,안전운전불이행,건조,맑음,단일로 - 기타,승용,여,71세,상해없음,승용,남,65세,경상
2023101700100542,2023년 10월 17일 18시,화요일,전라남도 순천시 연향동,경상사고,0,0,1,0,차대차 - 측면충돌,안전운전불이행,건조,맑음,단일로 - 기타,승용,남,44세,기타불명,화물,남,72세,경상
2023101700100543,2023년 10월 17일 18시,화요일,전라남도 해남군 해남읍,중상사고,0,1,1,0,차대차 - 기타,직진우회전진행방해,건조,맑음,교차로 - 교차로안,승용,여,26세,기타불명,이륜,남,70세,경상
2023101700100544,2023년 10월 17일 18시,화요일,전라남도 곡성군 삼기면,경상사고,0,0,2,0,차대차 - 정면충돌,중앙선침범,건조,맑음,교차로 - 교차로부근,승용,여,39세,상해없음,승용,남,36세,경상
2023101700100602,2023년 10월 17일 19시,화요일,전라남도 순천시 장천동,경상사고,0,0,1,0,차대차 - 측면충돌,안전운전불이행,건조,맑음,교차로 - 교차로안,승용,남,55세,상해없음,승용,여,23세,경상
2023101700100628,2023년 10월 17일 20시,화요일,전라남도 영암군 영암읍,경상사고,0,0,3,0,차대차 - 추돌,안전운전불이행,건조,맑음,단일로 - 기타,화물,남,75세,경상,승용,남,24세,경상
2023101700100649,2023년 10월 17일 21시,화요일,전라남도 순천시 석현동,경상사고,0,0,1,0,차대차 - 측면충돌,중앙선침범,건조,맑음,단일로 - 기타,승용,여,52세,상해없음,승용,남,30세,경상
2023101700100650,2023년 10월 17일 21시,화요일,전라남도 장성군 진원면,중상사고,0,1,0,0,차대차 - 기타,중앙선침범,건조,맑음,교차로 - 교차로부근,화물,남,81세,상해없음,자전거,남,48세,중상
2023101800100010,2023년 10월 18일 00시,수요일,전라남도 여수시 오림동,경상사고,0,0,1,0,차대차 - 추돌,안전거리미확보,건조,맑음,단일로 - 기타,승용,남,33세,상해없음,승용,남,56세,경상
2023101800100041,2023년 10월 18일 05시,수요일,전라남도 영암군 삼호읍,경상사고,0,0,1,0,차대차 - 정면충돌,안전운전불이행,건조,맑음,교차로 - 교차로안,승용,남,67세,상해없음,개인형이동수단(PM),남,31세,경상
2023101800100057,2023년 10월 18일 06시,수요일,전라남도 목포시 옥암동,경상사고,0,0,1,0,차대차 - 추돌,안전운전불이행,건조,맑음,기타 - 기타,승용,남,33세,상해없음,승용,남,33세,경상
2023101800100058,2023년 10월 18일 06시,수요일,전라남도 함평군 학교면,중상사고,0,1,0,0,차대차 - 측면충돌,안전거리미확보,건조,맑음,단일로 - 기타,승합,남,50세,상해없음,이륜,남,52세,중상
2023101800100119,2023년 10월 18일 08시,수요일,전라남도 순천시 해룡면,경상사고,0,0,1,0,차대사람 - 기타,안전운전불이행,건조,맑음,주차장 - 주차장,화물,남,58세,상해없음,보행자,남,49세,경상
2023101800100120,2023년 10월 18일 08시,수요일,전라남도 해남군 해남읍,경상사고,0,0,1,0,차대차 - 측면충돌,안전운전불이행,건조,맑음,교차로 - 교차로안,승용,여,57세,상해없음,화물,남,39세,경상
2023101800100121,2023년 10월 18일 08시,수요일,전라남도 영암군 학산면,경상사고,0,0,3,0,차대차 - 추돌,안전운전불이행,건조,맑음,단일로 - 기타,승용,여,30세,경상,승용,남,39세,경상
2023101800100158,2023년 10월 18일 09시,수요일,전라남도 해남군 옥천면,중상사고,0,1,0,0,차대차 - 기타,직진우회전진행방해,건조,맑음,교차로 - 교차로안,승용,남,51세,상해없음,이륜,남,50세,중상
2023101800100159,2023년 10월 18일 09시,수요일,전라남도 영암군 삼호읍,경상사고,0,0,1,0,차대차 - 측면충돌,기타,건조,맑음,교차로 - 교차로안,승용,여,35세,상해없음,승용,여,63세,경상
2023101800100160,2023년 10월 18일 09시,수요일,전라남도 담양군 대전면,중상사고,0,1,0,0,차대차 - 정면충돌,중앙선침범,건조,맑음,단일로 - 기타,승용,남,21세,상해없음,승용,여,48세,중상
2023101800100161,2023년 10월 18일 09시,수요일,전라남도 완도군 완도읍,경상사고,0,0,2,0,차대차 - 측면충돌,교차로운행방법위반,건조,맑음,교차로 - 교차로부근,승용,남,71세,상해없음,승용,남,63세,경상
2023101800100193,2023년 10월 18일 10시,수요일,전라남도 보성군 회천면,경상사고,0,0,2,0,차대차 - 측면충돌,기타,건조,맑음,교차로 - 교차로안,승용,여,41세,경상,승용,여,57세,경상
2023101800100224,2023년 10월 18일 11시,수요일,전라남도 목포시 상동,경상사고,0,0,1,0,차대차 - 기타,안전운전불이행,건조,맑음,주차장 - 주차장,승용,여,49세,상해없음,승용,여,54세,경상
2023101800100225,2023년 10월 18일 11시,수요일,전라남도 목포시 호남동,경상사고,0,0,1,0,차대차 - 측면충돌,차로위반,건조,맑음,단일로 - 기타,승용,남,78세,상해없음,승용,남,64세,경상
2023101800100226,2023년 10월 18일 11시,수요일,전라남도 목포시 상동,경상사고,0,0,2,0,차대차 - 정면충돌,직진우회전진행방해,건조,맑음,교차로 - 교차로안,승용,남,65세,경상,화물,남,57세,경상
2023101800100227,2023년 10월 18일 11시,수요일,전라남도 여수시 웅천동,경상사고,0,0,2,0,차대차 - 기타,안전운전불이행,건조,맑음,기타 - 기타,승용,여,28세,경상,승용,여,23세,경상
2023101800100228,2023년 10월 18일 11시,수요일,전라남도 순천시 주암면,경상사고,0,0,1,0,차대차 - 측면충돌,중앙선침범,건조,맑음,단일로 - 기타,화물,남,65세,상해없음,승용,여,30세,경상
2023101800100229,2023년 10월 18일 11시,수요일,전라남도 함평군 학교면,경상사고,0,0,4,0,차대차 - 추돌,안전운전불이행,건조,맑음,단일로 - 기타,화물,남,48세,경상,화물,여,64세,경상
2023101800100263,2023년 10월 18일 12시,수요일,전라남도 해남군 문내면,경상사고,0,0,3,0,차대차 - 기타,기타,건조,맑음,교차로 - 교차로안,승용,여,55세,경상,화물,남,67세,경상
2023101800100264,2023년 10월 18일 12시,수요일,전라남도 장성군 황룡면,중상사고,0,1,0,0,차대사람 - 횡단중,안전운전불이행,건조,맑음,단일로 - 기타,승용,남,33세,상해없음,보행자,여,81세,중상
2023101800100303,2023년 10월 18일 13시,수요일,전라남도 목포시 산정동,경상사고,0,0,1,0,차대차 - 기타,안전운전불이행,건조,맑음,교차로 - 교차로부근,승용,남,59세,상해없음,승용,남,72세,경상
2023101800100304,2023년 10월 18일 13시,수요일,전라남도 장흥군 장흥읍,경상사고,0,0,1,0,차대사람 - 기타,안전운전불이행,기타,기타,기타 - 기타,승합,남,41세,상해없음,보행자,여,75세,경상
2023101800100305,2023년 10월 18일 13시,수요일,전라남도 해남군 옥천면,중상사고,0,1,0,0,차대사람 - 기타,안전운전불이행,건조,맑음,단일로 - 기타,승용,여,58세,상해없음,보행자,남,67세,중상
2023101800100306,2023년 10월 18일 13시,수요일,전라남도 영암군 삼호읍,경상사고,0,0,2,0,차대차 - 측면충돌,교차로운행방법위반,건조,맑음,교차로 - 교차로안,화물,남,40세,경상,승용,여,40세,경상
2023101800100343,2023년 10월 18일 14시,수요일,전라남도 목포시 용당동,경상사고,0,0,1,0,차대차 - 기타,안전운전불이행,건조,맑음,단일로 - 기타,승용,남,60세,상해없음,승용,남,70세,경상
2023101800100345,2023년 10월 18일 14시,수요일,전라남도 함평군 엄다면,경상사고,0,0,1,0,차대차 - 정면충돌,중앙선침범,건조,맑음,단일로 - 기타,이륜,남,59세,경상,승용,여,60세,상해없음
2023101800100381,2023년 10월 18일 15시,수요일,전라남도 나주시 세지면,중상사고,0,2,0,0,차대차 - 정면충돌,중앙선침범,건조,맑음,단일로 - 기타,승용,여,34세,중상,승용,남,59세,중상
2023101800100382,2023년 10월 18일 15시,수요일,전라남도 강진군 강진읍,중상사고,0,1,0,0,차대차 - 측면충돌,직진우회전진행방해,건조,맑음,교차로 - 교차로안,화물,남,44세,상해없음,이륜,남,74세,중상
2023101800100421,2023년 10월 18일 16시,수요일,전라남도 목포시 산정동,경상사고,0,0,1,0,차대사람 - 기타,기타,건조,맑음,기타 - 기타,화물,남,62세,상해없음,보행자,남,80세,경상
2023101800100422,2023년 10월 18일 16시,수요일,전라남도 순천시 조례동,경상사고,0,0,1,0,차대차 - 후진중충돌,불법유턴,건조,맑음,단일로 - 기타,승합,남,46세,상해없음,원동기,남,48세,경상
2023101800100465,2023년 10월 18일 17시,수요일,전라남도 여수시 안산동,경상사고,0,0,1,0,차대사람 - 횡단중,신호위반,건조,맑음,단일로 - 기타,승용,남,56세,상해없음,보행자,여,9세,경상
2023101800100466,2023년 10월 18일 17시,수요일,전라남도 나주시 석현동,중상사고,0,1,1,0,차대차 - 측면충돌,안전운전불이행,건조,맑음,교차로 - 교차로부근,이륜,남,44세,중상,승합,남,69세,경상
2023101800100520,2023년 10월 18일 18시,수요일,전라남도 나주시 금천면,경상사고,0,0,3,0,차대차 - 추돌,안전운전불이행,건조,맑음,단일로 - 기타,승용,남,29세,상해없음,화물,남,49세,경상
2023101800100521,2023년 10월 18일 18시,수요일,전라남도 화순군 화순읍,경상사고,0,0,5,0,차대차 - 추돌,안전운전불이행,건조,맑음,단일로 - 기타,이륜,남,17세,경상,승용,남,49세,경상
2023101800100522,2023년 10월 18일 18시,수요일,전라남도 무안군 삼향읍,중상사고,0,1,0,0,차대차 - 추돌,안전운전불이행,건조,맑음,단일로 - 고가도로위,승용,남,27세,상해없음,승용,남,60세,중상
2023101800100523,2023년 10월 18일 18시,수요일,전라남도 무안군 현경면,중상사고,0,1,0,0,차대사람 - 기타,안전운전불이행,건조,맑음,기타 - 기타,승용,여,66세,상해없음,보행자,여,86세,중상
2023101800100562,2023년 10월 18일 19시,수요일,전라남도 해남군 송지면,중상사고,0,1,0,0,차대사람 - 기타,안전운전불이행,건조,맑음,교차로 - 교차로부근,승용,여,53세,기타불명,보행자,여,71세,중상
2023101800100594,2023년 10월 18일 20시,수요일,전라남도 무안군 삼향읍,경상사고,0,0,2,0,차대차 - 후진중충돌,안전운전불이행,건조,맑음,단일로 - 기타,화물,남,56세,상해없음,승용,남,22세,경상
2023101800100623,2023년 10월 18일 21시,수요일,전라남도 순천시 조례동,중상사고,0,1,0,0,차대사람 - 기타,기타,건조,맑음,교차로 - 교차로횡단보도내,이륜,남,24세,상해없음,보행자,남,48세,중상
2023101800100624,2023년 10월 18일 21시,수요일,전라남도 함평군 함평읍,경상사고,0,0,2,0,차대차 - 정면충돌,중앙선침범,건조,맑음,단일로 - 기타,화물,남,54세,경상,승용,남,49세,경상
2023101800100649,2023년 10월 18일 22시,수요일,전라남도 순천시 해룡면,중상사고,0,2,1,0,차대차 - 기타,직진우회전진행방해,건조,맑음,교차로 - 교차로안,승용,남,59세,중상,승용,남,31세,경상
2023101900100005,2023년 10월 19일 00시,목요일,전라남도 목포시 용해동,중상사고,0,1,0,0,차대차 - 측면충돌,직진우회전진행방해,건조,맑음,교차로 - 교차로안,승용,남,44세,상해없음,승용,남,30세,중상
2023101900100011,2023년 10월 19일 01시,목요일,전라남도 순천시 해룡면,경상사고,0,0,1,0,차량단독 - 기타,안전운전불이행,건조,맑음,단일로 - 기타,이륜,남,16세,경상,,,,
2023101900100016,2023년 10월 19일 02시,목요일,전라남도 목포시 상동,경상사고,0,0,2,0,차대차 - 측면충돌,안전운전불이행,건조,맑음,교차로 - 교차로부근,승용,여,53세,상해없음,승용,남,57세,경상
2023101900100046,2023년 10월 19일 06시,목요일,전라남도 순천시 매곡동,중상사고,0,1,0,0,차대사람 - 횡단중,보행자보호의무위반,건조,맑음,기타 - 기타,승용,남,35세,상해없음,보행자,남,81세,중상
2023101900100047,2023년 10월 19일 06시,목요일,전라남도 나주시 남평읍,중상사고,0,1,0,0,차대차 - 추돌,안전운전불이행,건조,맑음,단일로 - 기타,승용,남,70세,상해없음,사륜오토바이(ATV),여,65세,중상
2023101900100110,2023년 10월 19일 08시,목요일,전라남도 목포시 용당동,경상사고,0,0,1,0,차대차 - 측면충돌,안전운전불이행,건조,맑음,교차로 - 교차로안,원동기,남,77세,경상,승용,남,51세,상해없음
2023101900100111,2023년 10월 19일 08시,목요일,전라남도 여수시 소라면,경상사고,0,0,1,0,차대차 - 추돌,안전운전불이행,건조,맑음,교차로 - 교차로부근,승용,여,29세,기타불명,승용,여,31세,경상
2023101900100140,2023년 10월 19일 09시,목요일,전라남도 여수시 상암동,경상사고,0,0,2,0,차대차 - 측면충돌,안전운전불이행,건조,맑음,기타 - 기타,화물,남,41세,상해없음,화물,남,24세,경상
2023101900100141,2023년 10월 19일 09시,목요일,전라남도 순천시 해룡면,경상사고,0,0,1,0,차대차 - 측면충돌,교차로운행방법위반,건조,맑음,교차로 - 교차로안,승용,남,59세,상해없음,화물,남,34세,경상
2023101900100142,2023년 10월 19일 09시,목요일,전라남도 나주시 남평읍,중상사고,0,7,33,0,차대차 - 측면충돌,안전운전불이행,건조,맑음,교차로 - 교차로안,승합,남,65세,상해없음,화물,남,56세,경상
2023101900100185,2023년 10월 19일 10시,목요일,전라남도 목포시 용해동,경상사고,0,0,3,0,차대차 - 기타,안전거리미확보,건조,맑음,교차로 - 교차로안,승용,남,50세,경상,승용,남,26세,경상
2023101900100265,2023년 10월 19일 13시,목요일,전라남도 순천시 장천동,중상사고,0,1,0,0,차대사람 - 차도통행중,안전운전불이행,건조,맑음,단일로 - 기타,화물,남,69세,상해없음,보행자,여,18세,중상
2023101900100267,2023년 10월 19일 13시,목요일,전라남도 함평군 대동면,경상사고,0,0,1,1,차대차 - 측면충돌,안전운전불이행,건조,맑음,단일로 - 기타,화물,남,67세,부상신고,건설기계,남,48세,경상
2023101900100292,2023년 10월 19일 14시,목요일,전라남도 나주시 봉황면,경상사고,0,0,1,0,차대차 - 측면충돌,안전운전불이행,건조,맑음,교차로 - 교차로안,농기계,남,63세,상해없음,화물,남,72세,경상
2023101900100328,2023년 10월 19일 15시,목요일,전라남도 목포시 옥암동,경상사고,0,0,1,0,차대차 - 기타,신호위반,건조,맑음,교차로 - 교차로안,화물,남,58세,상해없음,승용,남,23세,경상
2023101900100329,2023년 10월 19일 15시,목요일,전라남도 나주시 금천면,경상사고,0,0,2,0,차대차 - 추돌,안전운전불이행,건조,맑음,단일로 - 기타,화물,남,69세,상해없음,특수,남,65세,상해없음
2023101900100330,2023년 10월 19일 15시,목요일,전라남도 광양시 중동,중상사고,0,1,0,0,차대사람 - 횡단중,보행자보호의무위반,건조,맑음,교차로 - 교차로횡단보도내,승용,남,51세,상해없음,보행자,여,71세,중상
2023101900100357,2023년 10월 19일 16시,목요일,전라남도 목포시 호남동,경상사고,0,0,1,0,차대사람 - 차도통행중,안전운전불이행,건조,맑음,교차로 - 교차로안,승용,남,26세,상해없음,보행자,남,50세,경상
2023101900100358,2023년 10월 19일 16시,목요일,전라남도 여수시 문수동,경상사고,0,0,1,0,차대차 - 측면충돌,신호위반,건조,맑음,단일로 - 기타,승용,남,70세,상해없음,승용,여,57세,경상
2023101900100359,2023년 10월 19일 16시,목요일,전라남도 순천시 해룡면,경상사고,0,0,1,0,차대차 - 기타,안전거리미확보,건조,맑음,단일로 - 기타,화물,남,58세,상해없음,승용,남,36세,경상
2023101900100360,2023년 10월 19일 16시,목요일,전라남도 담양군 담양읍,경상사고,0,0,1,0,차대사람 - 기타,안전운전불이행,건조,맑음,교차로 - 교차로부근,화물,남,75세,상해없음,보행자,남,75세,경상
2023101900100361,2023년 10월 19일 16시,목요일,전라남도 완도군 생일면,중상사고,0,1,1,0,차량단독 - 공작물충돌,안전운전불이행,건조,맑음,기타 - 기타,화물,남,66세,중상,,,,
2023101900100403,2023년 10월 19일 17시,목요일,전라남도 여수시 돌산읍,경상사고,0,0,1,0,차대차 - 정면충돌,안전운전불이행,건조,흐림,기타 - 기타,화물,남,53세,기타불명,승용,남,60세,경상
2023101900100404,2023년 10월 19일 17시,목요일,전라남도 여수시 중흥동,중상사고,0,1,0,0,차대차 - 측면충돌,중앙선침범,건조,맑음,기타 - 기타,승용,남,57세,상해없음,승용,남,62세,중상
2023101900100449,2023년 10월 19일 18시,목요일,전라남도 나주시 송월동,경상사고,0,0,2,0,차대사람 - 횡단중,보행자보호의무위반,건조,맑음,교차로 - 교차로횡단보도내,승용,남,52세,상해없음,보행자,여,17세,경상
2023101900100527,2023년 10월 19일 20시,목요일,전라남도 나주시 빛가람동,중상사고,0,1,2,0,차대차 - 측면충돌,신호위반,젖음/습기,비,교차로 - 교차로안,승용,여,32세,중상,승합,남,44세,경상
2023101900100528,2023년 10월 19일 20시,목요일,전라남도 나주시 남평읍,경상사고,0,0,1,0,차량단독 - 공작물충돌,안전운전불이행,건조,맑음,단일로 - 기타,화물,남,69세,경상,,,,
2023101900100563,2023년 10월 19일 21시,목요일,전라남도 나주시 빛가람동,중상사고,0,2,2,0,차대차 - 추돌,안전운전불이행,젖음/습기,비,단일로 - 기타,승용,남,68세,경상,승합,남,62세,경상
2023101900100587,2023년 10월 19일 22시,목요일,전라남도 순천시 왕지동,중상사고,0,1,0,0,차대사람 - 차도통행중,안전운전불이행,젖음/습기,비,교차로 - 교차로안,승용,남,26세,상해없음,보행자,남,26세,중상
2023101900100588,2023년 10월 19일 22시,목요일,전라남도 신안군 자은면,중상사고,0,1,0,0,차대사람 - 기타,안전운전불이행,젖음/습기,비,단일로 - 기타,화물,남,57세,상해없음,보행자,남,53세,중상
2023101900100613,2023년 10월 19일 23시,목요일,전라남도 순천시 별량면,경상사고,0,0,3,0,차대차 - 추돌,안전운전불이행,젖음/습기,비,교차로 - 교차로부근,승용,남,32세,경상,승용,여,32세,경상
2023102000100012,2023년 10월 20일 01시,금요일,전라남도 순천시 연향동,중상사고,0,1,0,0,차대차 - 측면충돌,신호위반,건조,맑음,교차로 - 교차로안,승용,남,53세,상해없음,원동기,남,30세,중상
2023102000100013,2023년 10월 20일 01시,금요일,전라남도 광양시 금호동,경상사고,0,0,2,0,차대차 - 기타,중앙선침범,젖음/습기,흐림,단일로 - 기타,승용,남,59세,상해없음,승용,남,32세,경상
2023102000100028,2023년 10월 20일 03시,금요일,전라남도 여수시 학동,경상사고,0,0,1,0,차대차 - 측면충돌,안전운전불이행,건조,맑음,단일로 - 기타,승용,여,29세,상해없음,승용,남,46세,경상
2023102000100043,2023년 10월 20일 05시,금요일,전라남도 순천시 덕월동,경상사고,0,0,1,0,차대차 - 기타,중앙선침범,건조,맑음,단일로 - 기타,승용,남,45세,상해없음,승용,남,60세,상해없음
2023102000100044,2023년 10월 20일 05시,금요일,전라남도 보성군 득량면,경상사고,0,0,2,0,차대차 - 추돌,안전운전불이행,건조,맑음,단일로 - 기타,화물,남,68세,경상,승용,남,61세,경상
2023102000100058,2023년 10월 20일 06시,금요일,전라남도 여수시 공화동,중상사고,0,1,0,0,차대사람 - 기타,안전운전불이행,건조,맑음,교차로 - 교차로안,승용,여,30세,상해없음,보행자,남,43세,중상
2023102000100075,2023년 10월 20일 07시,금요일,전라남도 목포시 상동,경상사고,0,0,1,0,차대차 - 측면충돌,교차로운행방법위반,젖음/습기,맑음,교차로 - 교차로안,승용,남,59세,기타불명,승용,남,43세,경상
2023102000100076,2023년 10월 20일 07시,금요일,전라남도 보성군 미력면,경상사고,0,0,4,1,차대차 - 측면충돌,안전운전불이행,건조,맑음,교차로 - 교차로안,승용,남,63세,부상신고,화물,남,58세,경상
2023102000100124,2023년 10월 20일 08시,금요일,전라남도 곡성군 입면,경상사고,0,0,1,0,차대사람 - 기타,안전운전불이행,건조,맑음,교차로 - 교차로부근,승용,여,46세,상해없음,보행자,여,84세,경상
2023102000100166,2023년 10월 20일 09시,금요일,전라남도 순천시 조례동,경상사고,0,0,1,0,차대차 - 기타,안전운전불이행,건조,맑음,단일로 - 기타,승용,여,37세,상해없음,승용,남,34세,경상
2023102000100167,2023년 10월 20일 09시,금요일,전라남도 함평군 월야면,경상사고,0,0,1,0,차대차 - 기타,신호위반,건조,맑음,교차로 - 교차로안,승용,남,79세,상해없음,승용,남,72세,경상
2023102000100198,2023년 10월 20일 10시,금요일,전라남도 순천시 조례동,경상사고,0,0,1,0,차대차 - 측면충돌,안전운전불이행,건조,맑음,단일로 - 기타,승용,남,77세,상해없음,이륜,남,49세,경상
2023102000100199,2023년 10월 20일 10시,금요일,전라남도 함평군 함평읍,경상사고,0,0,1,0,차대차 - 기타,안전운전불이행,건조,맑음,교차로 - 교차로안,승용,남,63세,상해없음,승용,여,45세,경상
2023102000100272,2023년 10월 20일 12시,금요일,전라남도 진도군 지산면,중상사고,0,1,0,0,차대사람 - 기타,기타,건조,맑음,단일로 - 기타,승합,남,59세,상해없음,보행자,여,74세,중상
2023102000100320,2023년 10월 20일 13시,금요일,전라남도 목포시 상동,경상사고,0,0,2,0,차대차 - 기타,직진우회전진행방해,건조,맑음,교차로 - 교차로안,화물,남,55세,경상,승용,여,64세,경상
2023102000100358,2023년 10월 20일 14시,금요일,전라남도 목포시 용해동,경상사고,0,0,1,0,차대사람 - 횡단중,보행자보호의무위반,건조,맑음,단일로 - 기타,승용,여,54세,상해없음,보행자,남,52세,경상
2023102000100402,2023년 10월 20일 15시,금요일,전라남도 순천시 해룡면,경상사고,0,0,1,0,차대차 - 기타,직진우회전진행방해,건조,맑음,교차로 - 교차로안,화물,남,30세,상해없음,승합,남,62세,경상
2023102000100403,2023년 10월 20일 15시,금요일,전라남도 영암군 영암읍,경상사고,0,0,2,0,차대차 - 추돌,안전운전불이행,건조,맑음,교차로 - 교차로부근,승용,여,55세,상해없음,화물,남,72세,경상
2023102000100404,2023년 10월 20일 15시,금요일,전라남도 광양시 성황동,경상사고,0,0,3,0,차대차 - 기타,기타,건조,맑음,단일로 - 기타,화물,남,41세,상해없음,승용,남,37세,경상
2023102000100462,2023년 10월 20일 16시,금요일,전라남도 순천시 해룡면,경상사고,0,0,1,0,차대사람 - 횡단중,보행자보호의무위반,건조,맑음,교차로 - 교차로부근,승용,여,50세,상해없음,보행자,남,8세,경상
2023102000100463,2023년 10월 20일 16시,금요일,전라남도 보성군 보성읍,경상사고,0,0,2,0,차대차 - 추돌,안전거리미확보,건조,맑음,단일로 - 기타,승합,남,48세,상해없음,승용,남,69세,경상
2023102000100464,2023년 10월 20일 16시,금요일,전라남도 광양시 중동,경상사고,0,0,1,0,차대차 - 측면충돌,차로위반,건조,맑음,단일로 - 기타,승용,여,71세,상해없음,승용,남,34세,경상
2023102000100526,2023년 10월 20일 17시,금요일,전라남도 목포시 용해동,경상사고,0,0,1,0,차대차 - 후진중충돌,안전운전불이행,건조,맑음,단일로 - 기타,승용,남,70세,상해없음,이륜,남,28세,경상
2023102000100527,2023년 10월 20일 17시,금요일,전라남도 순천시 조례동,경상사고,0,0,1,0,차대사람 - 보도통행중,보행자보호의무위반,건조,맑음,단일로 - 기타,화물,남,54세,상해없음,보행자,남,39세,경상
2023102000100528,2023년 10월 20일 17시,금요일,전라남도 나주시 문평면,중상사고,0,1,0,0,차량단독 - 공작물충돌,안전운전불이행,건조,맑음,교차로 - 교차로부근,승용,남,62세,중상,,,,
2023102000100593,2023년 10월 20일 18시,금요일,전라남도 순천시 상사면,경상사고,0,0,1,0,차대사람 - 길가장자리구역통행중,안전운전불이행,건조,맑음,단일로 - 기타,승용,여,57세,상해없음,보행자,남,60세,경상
2023102000100651,2023년 10월 20일 19시,금요일,전라남도 목포시 산정동,중상사고,0,1,0,0,차대차 - 측면충돌,교차로운행방법위반,건조,맑음,기타 - 기타,승용,남,66세,상해없음,자전거,여,70세,중상
2023102000100712,2023년 10월 20일 21시,금요일,전라남도 여수시 학동,경상사고,0,0,2,0,차대차 - 기타,안전운전불이행,건조,맑음,교차로 - 교차로부근,승용,남,63세,상해없음,이륜,남,59세,경상
2023102000100713,2023년 10월 20일 21시,금요일,전라남도 고흥군 두원면,중상사고,0,1,0,0,차량단독 - 공작물충돌,안전운전불이행,건조,맑음,교차로 - 교차로안,승용,남,62세,상해없음,,,,
2023102000100734,2023년 10월 20일 22시,금요일,전라남도 광양시 광양읍,경상사고,0,0,1,0,차량단독 - 공작물충돌,안전운전불이행,건조,맑음,교차로 - 교차로부근,승용,남,39세,경상,,,,
2023102100100021,2023년 10월 21일 01시,토요일,전라남도 무안군 삼향읍,중상사고,0,1,0,0,차대사람 - 횡단중,보행자보호의무위반,건조,맑음,교차로 - 교차로횡단보도내,이륜,남,25세,상해없음,보행자,남,27세,중상
2023102100100092,2023년 10월 21일 08시,토요일,전라남도 장흥군 장흥읍,경상사고,0,0,1,0,차대차 - 추돌,안전운전불이행,건조,맑음,교차로 - 교차로부근,화물,남,72세,상해없음,승용,여,41세,경상
2023102100100093,2023년 10월 21일 08시,토요일,전라남도 담양군 담양읍,중상사고,0,1,0,0,차대차 - 기타,안전운전불이행,건조,맑음,교차로 - 교차로안,화물,남,63세,기타불명,승용,여,64세,중상
2023102100100127,2023년 10월 21일 09시,토요일,전라남도 보성군 율어면,부상신고사고,0,0,0,1,차량단독 - 전도전복 - 전도,안전운전불이행,젖음/습기,맑음,단일로 - 기타,이륜,남,50세,부상신고,,,,
2023102100100128,2023년 10월 21일 09시,토요일,전라남도 보성군 벌교읍,경상사고,0,0,1,0,차대사람 - 기타,중앙선침범,건조,맑음,교차로 - 교차로부근,승용,여,37세,상해없음,보행자,남,63세,경상
2023102100100163,2023년 10월 21일 10시,토요일,전라남도 진도군 지산면,경상사고,0,0,2,0,차대차 - 측면충돌,안전거리미확보,건조,맑음,단일로 - 기타,화물,남,66세,상해없음,승용,남,83세,경상
2023102100100202,2023년 10월 21일 11시,토요일,전라남도 순천시 연향동,경상사고,0,0,4,0,차대차 - 측면충돌,신호위반,건조,맑음,교차로 - 교차로안,승용,남,28세,상해없음,승용,남,22세,경상
2023102100100203,2023년 10월 21일 11시,토요일,전라남도 해남군 문내면,중상사고,0,1,0,0,차대차 - 측면충돌,안전운전불이행,건조,맑음,교차로 - 교차로안,화물,여,51세,상해없음,원동기,남,72세,중상
2023102100100204,2023년 10월 21일 11시,토요일,전라남도 광양시 광양읍,경상사고,0,0,2,1,차대차 - 추돌,안전운전불이행,건조,맑음,단일로 - 기타,승용,여,55세,경상,승용,남,42세,경상
2023102100100205,2023년 10월 21일 11시,토요일,전라남도 광양시 광양읍,중상사고,0,1,0,0,차대차 - 정면충돌,안전운전불이행,건조,맑음,교차로 - 교차로안,승용,남,72세,상해없음,승용,남,30세,중상
2023102100100253,2023년 10월 21일 12시,토요일,전라남도 여수시 소라면,경상사고,0,0,1,1,차대차 - 측면충돌,교차로운행방법위반,건조,맑음,교차로 - 교차로안,승용,여,55세,부상신고,승용,남,77세,경상