사고번호,사고일시,요일,시군구,사고내용,사망자수,중상자수,경상자수,부상신고자수,사고유형,법규위반,노면상태,기상상태,도로형태,가해운전자 차종,가해운전자 성별,가해운전자 연령,가해운전자 상해정도,피해운전자 차종,피해운전자 성별,피해운전자 연령,피해운전자 상해정도
2023103100100326,2023년 10월 31일 14시,화요일,전라남도 순천시 송광면,중상사고,0,1,0,0,차량단독 - 기타,안전운전불이행,건조,맑음,단일로 - 기타,농기계,남,76세,중상,,,,
2023103100100368,2023년 10월 31일 15시,화요일,전라남도 여수시 학동,경상사고,0,0,3,0,차대차 - 추돌,안전운전불이행,건조,맑음,교차로 - 교차로부근,승용,남,67세,상해없음,승용,남,32세,경상
2023103100100369,2023년 10월 31일 15시,화요일,전라남도 화순군 이양면,경상사고,0,0,1,0,차대차 - 추돌,안전운전불이행,건조,맑음,단일로 - 기타,화물,남,58세,상해없음,승용,남,50세,경상
2023103100100393,2023년 10월 31일 16시,화요일,전라남도 영광군 영광읍,부상신고사고,0,0,0,2,차대차 - 추돌,안전운전불이행,건조,맑음,교차로 - 교차로안,승용,여,41세,상해없음,승용,남,75세,부상신고
2023103100100443,2023년 10월 31일 17시,화요일,전라남도 여수시 학동,경상사고,0,0,1,0,차대차 - 추돌,안전운전불이행,건조,맑음,교차로 - 교차로부근,원동기,남,22세,상해없음,승용,여,58세,경상
2023103100100444,2023년 10월 31일 17시,화요일,전라남도 나주시 세지면,경상사고,0,0,1,0,차대차 - 추돌,안전거리미확보,건조,맑음,교차로 - 교차로안,화물,남,61세,상해없음,승용,남,51세,경상
2023103100100445,2023년 10월 31일 17시,화요일,전라남도 함평군 함평읍,경상사고,0,0,3,0,차대차 - 기타,신호위반,건조,맑음,교차로 - 교차로안,승용,남,19세,경상,승용,여,43세,경상
2023103100100514,2023년 10월 31일 18시,화요일,전라남도 순천시 생목동,경상사고,0,0,1,0,차대사람 - 횡단중,안전운전불이행,건조,맑음,단일로 - 기타,승용,여,32세,상해없음,보행자,남,50세,경상
2023103100100515,2023년 10월 31일 18시,화요일,전라남도 순천시 연향동,경상사고,0,0,1,0,차대차 - 측면충돌,안전운전불이행,건조,맑음,단일로 - 기타,승용,남,45세,상해없음,승용,여,47세,경상
2023103100100516,2023년 10월 31일 18시,화요일,전라남도 보성군 벌교읍,경상사고,0,0,1,0,차대차 - 측면충돌,직진우회전진행방해,건조,맑음,교차로 - 교차로안,승용,남,32세,기타불명,이륜,남,36세,경상
2023103100100517,2023년 10월 31일 18시,화요일,전라남도 함평군 손불면,경상사고,0,0,1,0,차대차 - 추돌,안전운전불이행,건조,맑음,단일로 - 기타,화물,남,24세,상해없음,승용,남,63세,경상
2023103100100518,2023년 10월 31일 18시,화요일,전라남도 광양시 마동,경상사고,0,0,1,0,차대차 - 기타,차로위반,건조,맑음,단일로 - 고가도로위,승용,남,69세,상해없음,승용,남,59세,상해없음
2023103100100564,2023년 10월 31일 19시,화요일,전라남도 나주시 왕곡면,경상사고,0,0,1,0,차대차 - 측면충돌,안전운전불이행,건조,맑음,단일로 - 기타,화물,남,73세,상해없음,화물,남,53세,경상
2023103100100594,2023년 10월 31일 20시,화요일,전라남도 목포시 상동,경상사고,0,0,1,0,차대차 - 측면충돌,안전운전불이행,건조,맑음,교차로 - 교차로부근,자전거,남,12세,경상,승용,남,57세,상해없음
2023103100100595,2023년 10월 31일 20시,화요일,전라남도 여수시 화장동,중상사고,0,1,0,0,차대차 - 측면충돌,신호위반,건조,맑음,교차로 - 교차로안,승용,남,41세,상해없음,이륜,남,35세,중상
2023103100100643,2023년 10월 31일 23시,화요일,전라남도 여수시 웅천동,경상사고,0,0,3,0,차대차 - 측면충돌,안전운전불이행,건조,흐림,기타 - 기타,승용,남,44세,기타불명,승용,남,40세,상해없음
2023110100100019,2023년 11월 1일 03시,수요일,전라남도 목포시 상동,경상사고,0,0,1,0,차대차 - 정면충돌,중앙선침범,건조,맑음,교차로 - 교차로부근,승용,남,53세,상해없음,승용,남,67세,경상
2023110100100034,2023년 11월 1일 05시,수요일,전라남도 나주시 남평읍,중상사고,0,1,0,0,차대차 - 측면충돌,신호위반,건조,기타,교차로 - 교차로안,승용,여,70세,상해없음,승용,여,61세,중상
2023110100100052,2023년 11월 1일 06시,수요일,전라남도 목포시 죽교동,경상사고,0,0,2,0,차대차 - 기타,안전운전불이행,건조,맑음,교차로 - 교차로안,승용,여,58세,경상,화물,남,64세,경상
2023110100100076,2023년 11월 1일 07시,수요일,전라남도 목포시 옥암동,경상사고,0,0,1,0,차대차 - 후진중충돌,안전운전불이행,건조,맑음,단일로 - 기타,승용,여,40세,상해없음,승용,여,32세,경상
2023110100100077,2023년 11월 1일 07시,수요일,전라남도 여수시 주삼동,경상사고,0,0,1,0,차대차 - 측면충돌,안전운전불이행,건조,맑음,기타 - 기타,화물,남,54세,상해없음,승용,여,52세,경상
2023110100100121,2023년 11월 1일 08시,수요일,전라남도 목포시 죽교동,경상사고,0,0,1,0,차대차 - 기타,안전운전불이행,건조,맑음,단일로 - 기타,승용,남,77세,상해없음,승용,남,36세,경상
2023110100100122,2023년 11월 1일 08시,수요일,전라남도 순천시 연향동,경상사고,0,0,1,0,차대차 - 추돌,안전거리미확보,건조,맑음,단일로 - 기타,승용,남,35세,상해없음,화물,남,68세,경상
2023110100100123,2023년 11월 1일 08시,수요일,전라남도 강진군 군동면,부상신고사고,0,0,0,1,차대사람 - 차도통행중,안전운전불이행,건조,맑음,단일로 - 교량,이륜,남,62세,부상신고,보행자,남,84세,상해없음
2023110100100218,2023년 11월 1일 11시,수요일,전라남도 순천시 서면,경상사고,0,0,3,0,차대차 - 측면충돌,신호위반,건조,맑음,교차로 - 교차로안,승용,남,68세,경상,화물,남,35세,경상
2023110100100219,2023년 11월 1일 11시,수요일,전라남도 화순군 화순읍,경상사고,0,0,1,0,차대사람 - 길가장자리구역통행중,안전운전불이행,건조,맑음,단일로 - 기타,승용,남,82세,상해없음,보행자,여,82세,경상
2023110100100220,2023년 11월 1일 11시,수요일,전라남도 곡성군 석곡면,경상사고,0,0,1,1,차대차 - 추돌,안전거리미확보,건조,맑음,단일로 - 기타,화물,남,29세,부상신고,화물,남,62세,경상
2023110100100221,2023년 11월 1일 11시,수요일,전라남도 곡성군 석곡면,중상사고,0,1,2,0,차대차 - 추돌,안전거리미확보,건조,맑음,단일로 - 기타,화물,남,43세,상해없음,승용,여,25세,경상
2023110100100250,2023년 11월 1일 12시,수요일,전라남도 목포시 연산동,경상사고,0,0,1,0,차대차 - 기타,안전운전불이행,건조,맑음,기타 - 기타,승용,여,45세,상해없음,이륜,남,28세,경상
2023110100100251,2023년 11월 1일 12시,수요일,전라남도 목포시 용당동,중상사고,0,1,0,0,차대사람 - 차도통행중,안전운전불이행,건조,맑음,교차로 - 교차로안,화물,남,64세,상해없음,보행자,여,81세,중상
2023110100100252,2023년 11월 1일 12시,수요일,전라남도 목포시 연산동,경상사고,0,0,4,0,차대차 - 측면충돌,안전거리미확보,건조,맑음,교차로 - 교차로부근,승용,여,33세,경상,승용,여,26세,경상
2023110100100253,2023년 11월 1일 12시,수요일,전라남도 완도군 군외면,경상사고,0,0,1,0,차대차 - 추돌,안전운전불이행,건조,맑음,단일로 - 기타,승용,남,56세,기타불명,화물,남,49세,기타불명
2023110100100254,2023년 11월 1일 12시,수요일,전라남도 무안군 일로읍,중상사고,0,1,0,0,차대차 - 측면충돌,안전운전불이행,건조,맑음,교차로 - 교차로안,화물,남,56세,상해없음,이륜,남,78세,중상
2023110100100255,2023년 11월 1일 12시,수요일,전라남도 신안군 암태면,경상사고,0,0,2,0,차대차 - 측면충돌,안전운전불이행,건조,맑음,단일로 - 기타,이륜,남,57세,상해없음,승용,남,75세,경상
2023110100100280,2023년 11월 1일 13시,수요일,전라남도 화순군 청풍면,경상사고,0,0,1,0,차대차 - 추돌,안전운전불이행,건조,맑음,단일로 - 기타,화물,남,29세,상해없음,화물,남,44세,경상
2023110100100281,2023년 11월 1일 13시,수요일,전라남도 구례군 산동면,경상사고,0,0,1,0,차대차 - 측면충돌,안전운전불이행,건조,맑음,교차로 - 교차로부근,이륜,남,84세,상해없음,화물,남,75세,경상
2023110100100302,2023년 11월 1일 14시,수요일,전라남도 목포시 상동,경상사고,0,0,2,0,차대차 - 기타,중앙선침범,건조,맑음,단일로 - 기타,이륜,남,32세,경상,승용,남,78세,경상
2023110100100303,2023년 11월 1일 14시,수요일,전라남도 여수시 평여동,경상사고,0,0,1,0,차대차 - 기타,안전운전불이행,건조,맑음,단일로 - 기타,화물,남,53세,상해없음,화물,남,30세,경상
2023110100100304,2023년 11월 1일 14시,수요일,전라남도 보성군 벌교읍,사망사고,1,1,1,0,차대사람 - 기타,기타,건조,맑음,단일로 - 기타,승용,남,78세,경상,보행자,여,16세,사망
2023110100100336,2023년 11월 1일 15시,수요일,전라남도 순천시 가곡동,경상사고,0,0,1,0,차대차 - 추돌,안전운전불이행,건조,맑음,교차로 - 교차로부근,승용,남,66세,상해없음,승용,여,40세,경상
2023110100100368,2023년 11월 1일 16시,수요일,전라남도 여수시 문수동,경상사고,0,0,2,0,차대차 - 기타,신호위반,건조,맑음,교차로 - 교차로안,화물,남,35세,상해없음,승용,여,46세,경상
2023110100100369,2023년 11월 1일 16시,수요일,전라남도 영광군 홍농읍,중상사고,0,1,1,0,차대차 - 측면충돌,교차로운행방법위반,건조,맑음,교차로 - 교차로안,승용,여,62세,경상,화물,남,63세,중상
2023110100100405,2023년 11월 1일 17시,수요일,전라남도 영암군 삼호읍,경상사고,0,0,1,0,차대차 - 측면충돌,안전운전불이행,건조,맑음,교차로 - 교차로안,승용,남,75세,상해없음,승용,여,45세,경상
2023110100100456,2023년 11월 1일 18시,수요일,전라남도 나주시 왕곡면,중상사고,0,1,0,0,차대사람 - 횡단중,안전운전불이행,건조,맑음,교차로 - 교차로안,승용,여,29세,상해없음,보행자,여,81세,중상
2023110100100457,2023년 11월 1일 18시,수요일,전라남도 영암군 서호면,중상사고,0,1,0,0,차대차 - 추돌,안전운전불이행,건조,맑음,단일로 - 기타,화물,남,65세,중상,화물,남,52세,기타불명
2023110100100458,2023년 11월 1일 18시,수요일,전라남도 장성군 장성읍,중상사고,0,1,0,0,차대사람 - 기타,보행자보호의무위반,건조,맑음,교차로 - 교차로안,승용,여,28세,상해없음,보행자,남,48세,중상
2023110100100459,2023년 11월 1일 18시,수요일,전라남도 담양군 담양읍,경상사고,0,0,1,0,차대차 - 기타,교차로운행방법위반,건조,맑음,교차로 - 교차로안,승합,여,52세,상해없음,승용,여,41세,경상
2023110100100504,2023년 11월 1일 19시,수요일,전라남도 여수시 문수동,중상사고,0,1,0,0,차대사람 - 횡단중,보행자보호의무위반,건조,맑음,교차로 - 교차로안,승용,여,45세,상해없음,보행자,남,12세,중상
2023110100100505,2023년 11월 1일 19시,수요일,전라남도 여수시 화장동,경상사고,0,0,1,0,차대차 - 측면충돌,신호위반,건조,맑음,교차로 - 교차로안,이륜,남,61세,경상,승용,여,50세,상해없음
2023110100100506,2023년 11월 1일 19시,수요일,전라남도 해남군 해남읍,경상사고,0,0,1,0,차대차 - 기타,중앙선침범,건조,맑음,단일로 - 기타,승용,여,56세,기타불명,원동기,남,20세,경상
2023110100100530,2023년 11월 1일 20시,수요일,전라남도 고흥군 도양읍,중상사고,0,1,0,0,차대사람 - 기타,안전운전불이행,건조,맑음,교차로 - 교차로안,승용,남,60세,상해없음,보행자,남,69세,중상
2023110100100531,2023년 11월 1일 20시,수요일,전라남도 무안군 청계면,경상사고,0,0,1,0,차대차 - 추돌,안전운전불이행,건조,맑음,교차로 - 교차로부근,승용,남,45세,상해없음,승용,남,33세,경상
2023110100100551,2023년 11월 1일 21시,수요일,전라남도 여수시 봉강동,경상사고,0,0,1,1,차대차 - 추돌,안전거리미확보,건조,맑음,단일로 - 기타,승합,남,34세,기타불명,승합,남,37세,부상신고
2023110100100574,2023년 11월 1일 22시,수요일,전라남도 순천시 용당동,경상사고,0,0,1,0,차대차 - 기타,직진우회전진행방해,건조,맑음,교차로 - 교차로부근,승용,여,55세,상해없음,승용,남,55세,경상
2023110100100575,2023년 11월 1일 22시,수요일,전라남도 진도군 임회면,부상신고사고,0,0,0,1,차량단독 - 공작물충돌,안전운전불이행,건조,맑음,교차로 - 교차로부근,승용,남,56세,부상신고,,,,
2023110200100009,2023년 11월 2일 00시,목요일,전라남도 여수시 선원동,경상사고,0,0,2,0,차대차 - 추돌,안전운전불이행,건조,맑음,교차로 - 교차로부근,승용,여,28세,상해없음,승용,여,55세,경상
2023110200100025,2023년 11월 2일 03시,목요일,전라남도 함평군 월야면,경상사고,0,0,1,0,차대차 - 측면충돌,신호위반,건조,맑음,교차로 - 교차로안,건설기계,남,61세,상해없음,화물,여,48세,경상
2023110200100034,2023년 11월 2일 05시,목요일,전라남도 함평군 해보면,부상신고사고,0,0,0,1,차량단독 - 공작물충돌,안전운전불이행,건조,맑음,단일로 - 기타,승용,남,75세,부상신고,,,,
2023110200100048,2023년 11월 2일 06시,목요일,전라남도 목포시 용당동,사망사고,1,0,0,0,차대차 - 기타,신호위반,건조,맑음,교차로 - 교차로안,자전거,여,67세,사망,승용,남,62세,상해없음
2023110200100076,2023년 11월 2일 07시,목요일,전라남도 완도군 소안면,중상사고,0,1,0,0,차대사람 - 기타,안전운전불이행,건조,맑음,단일로 - 기타,승용,남,60세,상해없음,보행자,여,74세,중상
2023110200100117,2023년 11월 2일 08시,목요일,전라남도 목포시 옥암동,경상사고,0,0,1,0,차대차 - 측면충돌,안전운전불이행,건조,맑음,단일로 - 기타,승용,여,35세,상해없음,승용,남,45세,경상
2023110200100118,2023년 11월 2일 08시,목요일,전라남도 순천시 연향동,경상사고,0,0,1,0,차대차 - 측면충돌,안전운전불이행,건조,맑음,교차로 - 교차로안,화물,남,58세,상해없음,자전거,남,13세,경상
2023110200100119,2023년 11월 2일 08시,목요일,전라남도 순천시 석현동,경상사고,0,0,1,0,차대사람 - 기타,안전운전불이행,건조,맑음,기타 - 기타,개인형이동수단(PM),남,24세,상해없음,보행자,남,23세,경상
2023110200100120,2023년 11월 2일 08시,목요일,전라남도 영암군 삼호읍,경상사고,0,0,2,0,차대차 - 추돌,안전운전불이행,건조,맑음,교차로 - 교차로부근,승용,여,35세,상해없음,화물,남,30세,경상
2023110200100159,2023년 11월 2일 09시,목요일,전라남도 여수시 남산동,중상사고,0,1,0,0,차대사람 - 횡단중,신호위반,건조,맑음,교차로 - 교차로부근,승용,여,28세,상해없음,보행자,여,46세,중상
2023110200100160,2023년 11월 2일 09시,목요일,전라남도 함평군 손불면,중상사고,0,2,0,1,차대차 - 기타,중앙선침범,건조,맑음,단일로 - 기타,승용,여,68세,중상,화물,남,63세,중상
2023110200100191,2023년 11월 2일 10시,목요일,전라남도 무안군 일로읍,중상사고,0,1,0,0,차대사람 - 기타,안전운전불이행,건조,맑음,기타 - 기타,화물,남,43세,상해없음,보행자,여,61세,중상
2023110200100222,2023년 11월 2일 11시,목요일,전라남도 여수시 둔덕동,경상사고,0,0,2,0,차대차 - 측면충돌,교차로운행방법위반,건조,맑음,교차로 - 교차로안,승용,여,44세,상해없음,화물,남,38세,경상
2023110200100223,2023년 11월 2일 11시,목요일,전라남도 해남군 문내면,중상사고,0,1,0,0,차대차 - 추돌,안전운전불이행,건조,맑음,단일로 - 기타,승용,여,28세,상해없음,이륜,남,85세,중상
2023110200100258,2023년 11월 2일 12시,목요일,전라남도 목포시 연산동,경상사고,0,0,3,0,차대차 - 추돌,안전운전불이행,건조,맑음,교차로 - 교차로부근,승용,남,32세,상해없음,승용,남,31세,경상
2023110200100259,2023년 11월 2일 12시,목요일,전라남도 목포시 상동,경상사고,0,0,2,0,차대차 - 측면충돌,안전운전불이행,건조,맑음,단일로 - 기타,승용,남,63세,상해없음,승용,남,55세,경상
2023110200100260,2023년 11월 2일 12시,목요일,전라남도 담양군 담양읍,경상사고,0,0,1,0,차대차 - 측면충돌,신호위반,건조,맑음,단일로 - 기타,화물,남,57세,상해없음,승용,여,58세,경상
2023110200100296,2023년 11월 2일 13시,목요일,전라남도 순천시 덕암동,경상사고,0,0,2,0,차대차 - 측면충돌,직진우회전진행방해,건조,맑음,교차로 - 교차로안,승용,여,45세,경상,화물,남,38세,경상
2023110200100297,2023년 11월 2일 13시,목요일,전라남도 나주시 금천면,경상사고,0,0,2,0,차대차 - 기타,안전운전불이행,건조,맑음,교차로 - 교차로부근,승용,여,63세,상해없음,승용,남,61세,상해없음
2023110200100298,2023년 11월 2일 13시,목요일,전라남도 신안군 압해읍,중상사고,0,1,2,0,차대차 - 추돌,안전운전불이행,건조,맑음,단일로 - 기타,화물,남,70세,중상,화물,남,48세,경상
2023110200100339,2023년 11월 2일 14시,목요일,전라남도 순천시 해룡면,경상사고,0,0,1,0,차대차 - 측면충돌,안전운전불이행,건조,맑음,단일로 - 기타,승합,남,60세,상해없음,화물,남,42세,경상
2023110200100340,2023년 11월 2일 14시,목요일,전라남도 담양군 창평면,경상사고,0,0,1,0,차대차 - 측면충돌,안전운전불이행,건조,맑음,단일로 - 기타,승용,남,42세,상해없음,화물,남,63세,경상
2023110200100382,2023년 11월 2일 15시,목요일,전라남도 여수시 율촌면,경상사고,0,0,1,0,차대차 - 기타,신호위반,건조,맑음,단일로 - 기타,승용,여,47세,상해없음,승용,남,23세,경상
2023110200100383,2023년 11월 2일 15시,목요일,전라남도 장흥군 안양면,경상사고,0,0,2,0,차대차 - 추돌,안전거리미확보,건조,맑음,교차로 - 교차로안,승용,여,58세,상해없음,승용,여,59세,경상
2023110200100384,2023년 11월 2일 15시,목요일,전라남도 함평군 함평읍,경상사고,0,0,1,1,차대차 - 측면충돌,직진우회전진행방해,건조,맑음,교차로 - 교차로안,승용,남,62세,경상,승용,남,44세,부상신고
2023110200100385,2023년 11월 2일 15시,목요일,전라남도 장성군 삼서면,중상사고,0,1,0,0,차량단독 - 기타,안전운전불이행,건조,맑음,단일로 - 기타,기타불명,여,77세,중상,,,,
2023110200100386,2023년 11월 2일 15시,목요일,전라남도 강진군 마량면,경상사고,0,0,1,0,차대차 - 후진중충돌,안전운전불이행,건조,맑음,단일로 - 기타,농기계,남,66세,상해없음,승용,남,66세,경상
2023110200100387,2023년 11월 2일 15시,목요일,전라남도 무안군 일로읍,중상사고,0,1,0,0,차대차 - 측면충돌,안전운전불이행,건조,맑음,교차로 - 교차로부근,승용,남,41세,상해없음,이륜,남,47세,중상
2023110200100426,2023년 11월 2일 16시,목요일,전라남도 목포시 용당동,경상사고,0,0,1,0,차대차 - 측면충돌,안전운전불이행,건조,맑음,교차로 - 교차로부근,승합,남,63세,상해없음,승용,여,44세,경상
2023110200100427,2023년 11월 2일 16시,목요일,전라남도 나주시 봉황면,경상사고,0,0,2,0,차대차 - 정면충돌,안전운전불이행,건조,맑음,단일로 - 기타,농기계,남,59세,상해없음,승용,남,63세,경상
2023110200100428,2023년 11월 2일 16시,목요일,전라남도 진도군 지산면,경상사고,0,0,2,0,차대차 - 측면충돌,안전거리미확보,건조,맑음,단일로 - 기타,승용,남,68세,상해없음,화물,남,59세,경상
2023110200100472,2023년 11월 2일 17시,목요일,전라남도 목포시 상동,경상사고,0,0,2,0,차대차 - 후진중충돌,안전운전불이행,건조,맑음,단일로 - 기타,승용,여,34세,상해없음,승용,남,23세,경상
2023110200100473,2023년 11월 2일 17시,목요일,전라남도 여수시 주삼동,경상사고,0,0,1,0,차대차 - 측면충돌,교차로운행방법위반,건조,맑음,교차로 - 교차로안,승용,남,68세,상해없음,특수,남,55세,경상
2023110200100474,2023년 11월 2일 17시,목요일,전라남도 해남군 마산면,중상사고,0,1,0,0,차대차 - 측면충돌,중앙선침범,건조,맑음,단일로 - 기타,농기계,남,56세,상해없음,화물,남,65세,중상
2023110200100531,2023년 11월 2일 18시,목요일,전라남도 목포시 용해동,경상사고,0,0,1,0,차대차 - 정면충돌,안전운전불이행,건조,맑음,교차로 - 교차로안,승용,여,52세,상해없음,자전거,남,56세,경상
2023110200100533,2023년 11월 2일 18시,목요일,전라남도 나주시 남평읍,중상사고,0,1,1,0,차대사람 - 횡단중,안전운전불이행,건조,맑음,교차로 - 교차로안,화물,남,48세,상해없음,보행자,여,65세,중상
2023110200100534,2023년 11월 2일 18시,목요일,전라남도 영광군 영광읍,중상사고,0,1,0,0,차대사람 - 횡단중,안전운전불이행,건조,맑음,단일로 - 기타,승용,여,54세,상해없음,보행자,여,44세,중상
2023110200100587,2023년 11월 2일 19시,목요일,전라남도 목포시 옥암동,경상사고,0,0,1,0,차대차 - 측면충돌,안전운전불이행,건조,맑음,교차로 - 교차로안,이륜,남,20세,기타불명,승용,남,53세,경상
2023110200100588,2023년 11월 2일 19시,목요일,전라남도 순천시 연향동,경상사고,0,0,1,0,차대차 - 추돌,안전운전불이행,건조,맑음,교차로 - 교차로부근,승용,여,62세,기타불명,승용,남,32세,경상
2023110200100590,2023년 11월 2일 19시,목요일,전라남도 무안군 삼향읍,경상사고,0,0,1,0,차대사람 - 보도통행중,보행자보호의무위반,건조,맑음,교차로 - 교차로횡단보도내,승용,여,27세,상해없음,보행자,여,31세,경상
2023110200100621,2023년 11월 2일 20시,목요일,전라남도 목포시 산정동,경상사고,0,0,3,0,차대차 - 측면충돌,교차로운행방법위반,건조,맑음,교차로 - 교차로안,승용,남,78세,경상,이륜,여,17세,경상
2023110200100622,2023년 11월 2일 20시,목요일,전라남도 여수시 미평동,경상사고,0,0,2,0,차대차 - 기타,신호위반,건조,맑음,교차로 - 교차로안,승용,여,45세,경상,승용,남,35세,경상
2023110300100020,2023년 11월 3일 02시,금요일,전라남도 목포시 옥암동,중상사고,0,1,0,0,차대차 - 측면충돌,신호위반,건조,맑음,교차로 - 교차로안,승용,남,44세,기타불명,승용,남,38세,중상
2023110300100027,2023년 11월 3일 03시,금요일,전라남도 순천시 풍덕동,경상사고,0,0,1,0,차대사람 - 기타,안전운전불이행,젖음/습기,맑음,단일로 - 기타,화물,남,71세,상해없음,보행자,여,62세,경상
2023110300100061,2023년 11월 3일 06시,금요일,전라남도 여수시 학동,경상사고,0,0,1,0,차대차 - 추돌,안전운전불이행,건조,맑음,교차로 - 교차로부근,승용,남,52세,상해없음,승용,여,48세,경상
2023110300100078,2023년 11월 3일 07시,금요일,전라남도 목포시 상동,경상사고,0,0,1,0,차대차 - 측면충돌,신호위반,건조,맑음,교차로 - 교차로안,승용,남,68세,기타불명,승용,남,28세,경상
2023110300100079,2023년 11월 3일 07시,금요일,전라남도 고흥군 고흥읍,중상사고,0,1,0,0,차대차 - 기타,안전운전불이행,건조,맑음,단일로 - 기타,화물,남,72세,상해없음,기타불명,여,84세,중상
2023110300100080,2023년 11월 3일 07시,금요일,전라남도 영암군 삼호읍,경상사고,0,0,1,0,차대차 - 측면충돌,안전운전불이행,건조,맑음,교차로 - 교차로부근,승용,남,59세,상해없음,승용,여,55세,경상
2023110300100116,2023년 11월 3일 08시,금요일,전라남도 광양시 광양읍,경상사고,0,0,1,0,차대차 - 측면충돌,차로위반,건조,맑음,단일로 - 기타,건설기계,남,62세,상해없음,승용,남,62세,경상
2023110300100161,2023년 11월 3일 09시,금요일,전라남도 순천시 조례동,중상사고,0,1,0,0,차대사람 - 기타,교차로운행방법위반,건조,맑음,교차로 - 교차로안,승용,여,69세,상해없음,보행자,남,63세,중상
2023110300100162,2023년 11월 3일 09시,금요일,전라남도 나주시 송월동,경상사고,0,0,2,0,차대차 - 추돌,안전운전불이행,건조,맑음,교차로 - 교차로안,화물,남,40세,상해없음,이륜,여,23세,경상
2023110300100191,2023년 11월 3일 10시,금요일,전라남도 장성군 장성읍,경상사고,0,0,1,0,차대차 - 측면충돌,안전운전불이행,건조,맑음,교차로 - 교차로안,승용,남,24세,상해없음,승용,여,31세,경상
2023110300100219,2023년 11월 3일 11시,금요일,전라남도 해남군 화원면,경상사고,0,0,1,0,차대차 - 측면충돌,기타,건조,맑음,교차로 - 교차로안,승합,남,43세,기타불명,건설기계,남,64세,경상
2023110300100252,2023년 11월 3일 12시,금요일,전라남도 여수시 미평동,중상사고,0,1,0,0,차대차 - 측면충돌,안전거리미확보,건조,맑음,교차로 - 교차로부근,원동기,남,72세,중상,승용,남,54세,상해없음
2023110300100253,2023년 11월 3일 12시,금요일,전라남도 고흥군 도화면,중상사고,0,1,0,0,차대사람 - 기타,안전운전불이행,건조,맑음,교차로 - 교차로안,승용,남,57세,상해없음,보행자,여,86세,중상
2023110300100254,2023년 11월 3일 12시,금요일,전라남도 화순군 화순읍,경상사고,0,0,1,0,차대차 - 측면충돌,교차로운행방법위반,건조,맑음,교차로 - 교차로안,화물,남,61세,상해없음,이륜,남,55세,경상
2023110300100255,2023년 11월 3일 12시,금요일,전라남도 광양시 광양읍,경상사고,0,0,2,0,차대차 - 측면충돌,직진우회전진행방해,건조,맑음,교차로 - 교차로안,승용,남,48세,경상,승용,여,46세,경상
2023110300100287,2023년 11월 3일 13시,금요일,전라남도 여수시 중앙동,경상사고,0,0,1,0,차대차 - 측면충돌,교차로운행방법위반,건조,맑음,교차로 - 교차로안,승용,남,70세,상해없음,승용,여,30세,경상
2023110300100361,2023년 11월 3일 15시,금요일,전라남도 여수시 국동,경상사고,0,0,1,0,차대사람 - 횡단중,안전운전불이행,건조,맑음,단일로 - 기타,승용,여,61세,상해없음,보행자,남,8세,경상
2023110300100362,2023년 11월 3일 15시,금요일,전라남도 고흥군 도양읍,중상사고,0,1,1,0,차대사람 - 기타,기타,건조,맑음,교차로 - 교차로부근,승용,남,73세,상해없음,보행자,여,58세,중상
2023110300100363,2023년 11월 3일 15시,금요일,전라남도 강진군 마량면,경상사고,0,0,3,0,차대차 - 측면충돌,직진우회전진행방해,건조,맑음,교차로 - 교차로안,승용,남,55세,경상,승용,남,61세,경상
2023110300100364,2023년 11월 3일 15시,금요일,전라남도 신안군 증도면,경상사고,0,0,1,1,차대차 - 측면충돌,교차로운행방법위반,건조,맑음,교차로 - 교차로안,승용,여,26세,부상신고,승용,여,48세,경상
2023110300100456,2023년 11월 3일 17시,금요일,전라남도 함평군 학교면,경상사고,0,0,1,1,차대차 - 기타,안전거리미확보,건조,맑음,단일로 - 기타,승용,남,21세,부상신고,승용,남,38세,경상
2023110300100457,2023년 11월 3일 17시,금요일,전라남도 진도군 군내면,중상사고,0,1,0,0,차대사람 - 기타,안전운전불이행,건조,맑음,단일로 - 기타,화물,남,79세,상해없음,보행자,여,80세,중상
2023110300100458,2023년 11월 3일 17시,금요일,전라남도 구례군 구례읍,부상신고사고,0,0,0,1,차대차 - 측면충돌,교차로운행방법위반,건조,맑음,교차로 - 교차로안,이륜,남,81세,부상신고,승용,여,25세,상해없음
2023110300100518,2023년 11월 3일 18시,금요일,전라남도 여수시 학동,경상사고,0,0,1,0,차대차 - 측면충돌,안전운전불이행,건조,맑음,교차로 - 교차로안,승용,여,42세,상해없음,승용,남,36세,경상
2023110300100573,2023년 11월 3일 19시,금요일,전라남도 장흥군 장흥읍,경상사고,0,0,2,0,차대차 - 후진중충돌,안전운전불이행,건조,맑음,주차장 - 주차장,승용,남,62세,상해없음,승용,여,54세,경상
2023110300100658,2023년 11월 3일 22시,금요일,전라남도 목포시 옥암동,경상사고,0,0,2,0,차대차 - 추돌,신호위반,건조,맑음,교차로 - 교차로부근,승용,남,24세,상해없음,승용,남,38세,경상