사고번호,사고일시,요일,시군구,사고내용,사망자수,중상자수,경상자수,부상신고자수,사고유형,법규위반,노면상태,기상상태,도로형태,가해운전자 차종,가해운전자 성별,가해운전자 연령,가해운전자 상해정도,피해운전자 차종,피해운전자 성별,피해운전자 연령,피해운전자 상해정도
2023110300100659,2023년 11월 3일 22시,금요일,전라남도 목포시 상동,경상사고,0,0,2,0,차대차 - 추돌,안전운전불이행,건조,맑음,기타 - 기타,승용,남,52세,상해없음,이륜,남,31세,기타불명
2023110400100057,2023년 11월 4일 06시,토요일,전라남도 여수시 학동,경상사고,0,0,1,0,차대차 - 추돌,안전운전불이행,건조,맑음,교차로 - 교차로부근,승용,여,45세,기타불명,승용,여,57세,경상
2023110400100072,2023년 11월 4일 07시,토요일,전라남도 목포시 연산동,경상사고,0,0,1,0,차대차 - 측면충돌,안전운전불이행,건조,맑음,단일로 - 기타,화물,남,80세,상해없음,승용,남,31세,경상
2023110400100105,2023년 11월 4일 09시,토요일,전라남도 순천시 가곡동,경상사고,0,0,2,0,차대차 - 기타,기타,건조,맑음,교차로 - 교차로안,승용,여,63세,경상,승용,여,50세,경상
2023110400100106,2023년 11월 4일 09시,토요일,전라남도 광양시 광양읍,중상사고,0,1,0,0,차대차 - 측면충돌,안전운전불이행,건조,맑음,교차로 - 교차로부근,승용,여,55세,상해없음,이륜,남,89세,중상
2023110400100133,2023년 11월 4일 10시,토요일,전라남도 여수시 봉산동,경상사고,0,0,1,0,차대사람 - 기타,안전운전불이행,건조,맑음,기타 - 기타,승용,남,63세,상해없음,보행자,여,68세,경상
2023110400100134,2023년 11월 4일 10시,토요일,전라남도 순천시 낙안면,경상사고,0,0,1,0,차대차 - 측면충돌,안전운전불이행,건조,맑음,단일로 - 기타,승용,여,76세,상해없음,이륜,남,71세,경상
2023110400100135,2023년 11월 4일 10시,토요일,전라남도 신안군 압해읍,중상사고,0,1,1,0,차대차 - 측면충돌,중앙선침범,건조,맑음,단일로 - 기타,화물,남,63세,상해없음,화물,여,64세,중상
2023110400100165,2023년 11월 4일 11시,토요일,전라남도 목포시 상동,경상사고,0,0,2,0,차대차 - 측면충돌,안전운전불이행,건조,맑음,교차로 - 교차로부근,승용,남,22세,상해없음,승용,남,35세,경상
2023110400100166,2023년 11월 4일 11시,토요일,전라남도 나주시 송월동,중상사고,0,1,1,0,차대차 - 추돌,안전거리미확보,건조,맑음,교차로 - 교차로안,승합,여,55세,상해없음,승용,여,64세,경상
2023110400100168,2023년 11월 4일 11시,토요일,전라남도 화순군 이서면,경상사고,0,0,3,0,차대차 - 측면충돌,안전운전불이행,건조,맑음,단일로 - 기타,원동기,남,69세,기타불명,승용,남,30세,경상
2023110400100169,2023년 11월 4일 11시,토요일,전라남도 담양군 봉산면,경상사고,0,0,3,1,차대차 - 기타,신호위반,건조,맑음,교차로 - 교차로안,승용,남,19세,부상신고,승용,여,37세,경상
2023110400100204,2023년 11월 4일 12시,토요일,전라남도 나주시 금천면,경상사고,0,0,1,0,차대차 - 측면충돌,안전운전불이행,건조,맑음,단일로 - 기타,화물,남,67세,상해없음,승합,남,59세,경상
2023110400100250,2023년 11월 4일 13시,토요일,전라남도 나주시 남평읍,경상사고,0,0,1,0,차대사람 - 횡단중,안전운전불이행,건조,맑음,단일로 - 기타,승용,남,75세,상해없음,보행자,여,10세,경상
2023110400100251,2023년 11월 4일 13시,토요일,전라남도 완도군 고금면,사망사고,1,0,3,0,차대차 - 정면충돌,안전운전불이행,건조,맑음,단일로 - 기타,화물,남,70세,사망,승합,남,60세,경상
2023110400100291,2023년 11월 4일 14시,토요일,전라남도 순천시 연향동,경상사고,0,0,1,0,차대차 - 기타,기타,건조,맑음,단일로 - 기타,승용,남,57세,기타불명,개인형이동수단(PM),남,14세,경상
2023110400100326,2023년 11월 4일 15시,토요일,전라남도 여수시 주삼동,경상사고,0,0,1,0,차대차 - 기타,신호위반,건조,맑음,교차로 - 교차로안,승용,남,43세,상해없음,승용,남,55세,경상
2023110400100327,2023년 11월 4일 15시,토요일,전라남도 해남군 해남읍,경상사고,0,0,1,0,차대차 - 기타,직진우회전진행방해,건조,맑음,교차로 - 교차로안,승용,여,35세,기타불명,원동기,남,47세,경상
2023110400100403,2023년 11월 4일 17시,토요일,전라남도 나주시 왕곡면,경상사고,0,0,1,0,차량단독 - 도로외이탈 - 기타,안전운전불이행,건조,맑음,단일로 - 기타,화물,남,62세,경상,,,,
2023110400100438,2023년 11월 4일 18시,토요일,전라남도 목포시 산정동,경상사고,0,0,1,0,차대차 - 기타,안전운전불이행,건조,맑음,교차로 - 교차로안,승용,남,78세,상해없음,승용,남,59세,경상
2023110400100495,2023년 11월 4일 19시,토요일,전라남도 화순군 청풍면,중상사고,0,1,0,0,차대사람 - 차도통행중,안전운전불이행,건조,맑음,단일로 - 기타,승용,여,29세,상해없음,보행자,남,66세,중상
2023110400100517,2023년 11월 4일 20시,토요일,전라남도 여수시 학동,경상사고,0,0,1,0,차대차 - 기타,안전운전불이행,건조,맑음,교차로 - 교차로안,승용,여,58세,상해없음,승합,남,49세,경상
2023110400100568,2023년 11월 4일 23시,토요일,전라남도 여수시 공화동,경상사고,0,0,2,0,차대차 - 측면충돌,교차로운행방법위반,건조,맑음,교차로 - 교차로안,승용,남,60세,상해없음,승용,남,28세,경상
2023110400100569,2023년 11월 4일 23시,토요일,전라남도 무안군 삼향읍,중상사고,0,1,0,0,차대차 - 추돌,안전운전불이행,건조,맑음,단일로 - 기타,화물,남,64세,중상,화물,남,51세,상해없음
2023110500100010,2023년 11월 5일 00시,일요일,전라남도 여수시 미평동,경상사고,0,0,1,0,차대차 - 추돌,안전운전불이행,건조,흐림,교차로 - 교차로안,승용,남,45세,상해없음,승용,남,43세,경상
2023110500100030,2023년 11월 5일 01시,일요일,전라남도 여수시 군자동,경상사고,0,0,1,0,차대차 - 정면충돌,안전운전불이행,젖음/습기,비,기타 - 기타,승용,남,30세,상해없음,이륜,남,43세,경상
2023110500100057,2023년 11월 5일 06시,일요일,전라남도 완도군 금당면,사망사고,1,0,0,0,차량단독 - 도로외이탈 - 추락,안전운전불이행,건조,흐림,단일로 - 기타,화물,남,56세,사망,,,,
2023110500100111,2023년 11월 5일 10시,일요일,전라남도 순천시 풍덕동,경상사고,0,0,1,0,차량단독 - 기타,기타,건조,맑음,단일로 - 기타,승용,남,68세,상해없음,,,,
2023110500100112,2023년 11월 5일 10시,일요일,전라남도 나주시 산포면,중상사고,0,1,0,0,차량단독 - 전도전복 - 전도,안전운전불이행,건조,맑음,단일로 - 기타,자전거,남,63세,중상,,,,
2023110500100113,2023년 11월 5일 10시,일요일,전라남도 보성군 득량면,중상사고,0,2,3,0,차대차 - 측면충돌,직진우회전진행방해,건조,맑음,교차로 - 교차로안,승용,남,56세,경상,승용,여,69세,경상
2023110500100114,2023년 11월 5일 10시,일요일,전라남도 영암군 삼호읍,경상사고,0,0,1,0,차대차 - 측면충돌,안전거리미확보,건조,맑음,주차장 - 주차장,승용,기타불명,미분류,기타불명,승용,여,44세,경상
2023110500100149,2023년 11월 5일 12시,일요일,전라남도 여수시 학동,경상사고,0,0,1,0,차량단독 - 기타,교차로운행방법위반,건조,맑음,교차로 - 교차로안,승용,남,61세,상해없음,,,,
2023110500100180,2023년 11월 5일 13시,일요일,전라남도 영광군 군서면,경상사고,0,0,3,0,차대차 - 추돌,안전거리미확보,젖음/습기,비,단일로 - 기타,건설기계,남,66세,상해없음,승용,남,66세,경상
2023110500100215,2023년 11월 5일 14시,일요일,전라남도 나주시 금성동,경상사고,0,0,1,0,차대차 - 측면충돌,안전운전불이행,젖음/습기,비,단일로 - 기타,승용,남,48세,상해없음,이륜,여,25세,경상
2023110500100216,2023년 11월 5일 14시,일요일,전라남도 장흥군 장흥읍,부상신고사고,0,0,0,1,차대차 - 후진중충돌,안전운전불이행,젖음/습기,흐림,단일로 - 기타,승용,남,57세,상해없음,승용,여,61세,상해없음
2023110500100217,2023년 11월 5일 14시,일요일,전라남도 고흥군 과역면,경상사고,0,0,1,0,차량단독 - 기타,안전운전불이행,젖음/습기,흐림,교차로 - 교차로부근,농기계,여,78세,경상,,,,
2023110500100243,2023년 11월 5일 15시,일요일,전라남도 해남군 마산면,중상사고,0,1,0,0,차대차 - 측면충돌,중앙선침범,건조,맑음,단일로 - 기타,이륜,남,51세,중상,승용,남,57세,상해없음
2023110500100244,2023년 11월 5일 15시,일요일,전라남도 영암군 삼호읍,경상사고,0,0,1,0,차량단독 - 전도전복 - 전도,안전운전불이행,젖음/습기,비,교차로 - 교차로부근,이륜,남,41세,경상,,,,
2023110500100369,2023년 11월 5일 19시,일요일,전라남도 고흥군 동일면,중상사고,0,3,0,0,차대차 - 기타,중앙선침범,젖음/습기,비,단일로 - 기타,승용,남,62세,상해없음,화물,남,63세,중상
2023110500100416,2023년 11월 5일 21시,일요일,전라남도 여수시 중앙동,중상사고,0,2,0,0,차대차 - 기타,중앙선침범,젖음/습기,비,교차로 - 교차로안,승용,남,38세,상해없음,특수,남,45세,중상
2023110500100439,2023년 11월 5일 22시,일요일,전라남도 나주시 대호동,경상사고,0,0,1,0,차대사람 - 기타,기타,건조,기타,기타 - 기타,승합,남,54세,상해없음,보행자,여,36세,경상
2023110600100059,2023년 11월 6일 06시,월요일,전라남도 순천시 석현동,사망사고,1,0,0,0,차대사람 - 기타,보행자보호의무위반,젖음/습기,비,단일로 - 기타,화물,남,55세,상해없음,보행자,여,80세,사망
2023110600100095,2023년 11월 6일 07시,월요일,전라남도 해남군 황산면,중상사고,0,2,0,0,차대차 - 정면충돌,중앙선침범,젖음/습기,비,단일로 - 기타,승용,여,51세,중상,화물,남,70세,중상
2023110600100141,2023년 11월 6일 08시,월요일,전라남도 순천시 연향동,경상사고,0,0,1,0,차대차 - 추돌,안전운전불이행,젖음/습기,비,교차로 - 교차로부근,승용,여,25세,상해없음,승용,여,28세,경상
2023110600100245,2023년 11월 6일 11시,월요일,전라남도 함평군 손불면,중상사고,0,1,0,0,차대차 - 측면충돌,안전운전불이행,건조,맑음,단일로 - 기타,사륜오토바이(ATV),여,79세,중상,승용,남,57세,상해없음
2023110600100265,2023년 11월 6일 12시,월요일,전라남도 함평군 함평읍,경상사고,0,0,1,0,차대차 - 기타,중앙선침범,건조,맑음,단일로 - 기타,승용,남,62세,상해없음,승용,남,47세,경상
2023110600100266,2023년 11월 6일 12시,월요일,전라남도 영암군 군서면,중상사고,0,1,2,0,차대차 - 추돌,중앙선침범,건조,흐림,단일로 - 기타,승용,남,72세,경상,승용,남,63세,경상
2023110600100267,2023년 11월 6일 12시,월요일,전라남도 담양군 담양읍,중상사고,0,1,0,0,차대차 - 기타,신호위반,건조,맑음,교차로 - 교차로안,자전거,남,80세,중상,승용,여,80세,상해없음
2023110600100296,2023년 11월 6일 13시,월요일,전라남도 담양군 담양읍,경상사고,0,0,1,0,차대사람 - 기타,안전운전불이행,건조,맑음,단일로 - 기타,승용,여,40세,상해없음,보행자,여,53세,경상
2023110600100354,2023년 11월 6일 15시,월요일,전라남도 여수시 여천동,경상사고,0,0,1,0,차대차 - 측면충돌,신호위반,건조,맑음,교차로 - 교차로안,승용,여,55세,상해없음,화물,남,29세,경상
2023110600100394,2023년 11월 6일 16시,월요일,전라남도 여수시 돌산읍,중상사고,0,2,3,0,차대차 - 정면충돌,중앙선침범,건조,맑음,단일로 - 기타,승용,여,63세,경상,승합,남,52세,중상
2023110600100395,2023년 11월 6일 16시,월요일,전라남도 곡성군 곡성읍,중상사고,0,1,0,0,차대차 - 기타,안전운전불이행,젖음/습기,흐림,교차로 - 교차로안,승용,여,55세,상해없음,이륜,남,89세,중상
2023110600100438,2023년 11월 6일 17시,월요일,전라남도 나주시 부덕동,중상사고,0,1,0,0,차대차 - 추돌,안전운전불이행,건조,맑음,단일로 - 기타,화물,남,51세,상해없음,승용,여,66세,중상
2023110600100501,2023년 11월 6일 18시,월요일,전라남도 목포시 석현동,경상사고,0,0,4,0,차대차 - 추돌,안전거리미확보,건조,맑음,단일로 - 기타,승합,남,49세,상해없음,승용,여,52세,경상
2023110600100502,2023년 11월 6일 18시,월요일,전라남도 여수시 문수동,경상사고,0,0,1,0,차대사람 - 횡단중,안전운전불이행,건조,맑음,교차로 - 교차로안,승용,남,39세,상해없음,보행자,남,10세,경상
2023110600100587,2023년 11월 6일 20시,월요일,전라남도 여수시 공화동,경상사고,0,0,1,0,차대차 - 기타,안전운전불이행,건조,맑음,교차로 - 교차로부근,자전거,남,12세,상해없음,자전거,남,60세,경상
2023110600100655,2023년 11월 6일 23시,월요일,전라남도 나주시 빛가람동,경상사고,0,0,1,0,차대차 - 측면충돌,중앙선침범,건조,맑음,기타 - 기타,승용,남,28세,상해없음,자전거,남,17세,경상
2023110700100011,2023년 11월 7일 00시,화요일,전라남도 광양시 마동,사망사고,1,0,0,0,차대사람 - 횡단중,기타,건조,맑음,단일로 - 기타,승용,남,31세,상해없음,보행자,남,57세,사망
2023110700100038,2023년 11월 7일 05시,화요일,전라남도 해남군 화원면,중상사고,0,1,0,0,차대차 - 추돌,안전운전불이행,건조,맑음,단일로 - 기타,승용,남,70세,상해없음,사륜오토바이(ATV),남,76세,중상
2023110700100116,2023년 11월 7일 08시,화요일,전라남도 목포시 용해동,경상사고,0,0,1,0,차대사람 - 횡단중,신호위반,건조,맑음,교차로 - 교차로횡단보도내,승용,남,81세,상해없음,보행자,남,14세,경상
2023110700100117,2023년 11월 7일 08시,화요일,전라남도 순천시 장천동,중상사고,0,1,2,0,차대차 - 기타,기타,건조,맑음,교차로 - 교차로안,승용,여,37세,경상,승용,남,73세,상해없음
2023110700100118,2023년 11월 7일 08시,화요일,전라남도 함평군 월야면,중상사고,0,1,1,0,차대차 - 측면충돌,직진우회전진행방해,건조,맑음,교차로 - 교차로안,승용,여,61세,경상,승용,여,68세,중상
2023110700100155,2023년 11월 7일 09시,화요일,전라남도 여수시 여천동,경상사고,0,0,1,0,차대차 - 기타,안전운전불이행,건조,맑음,교차로 - 교차로부근,승용,남,73세,상해없음,승용,남,60세,경상
2023110700100199,2023년 11월 7일 10시,화요일,전라남도 순천시 연향동,경상사고,0,0,1,0,차대차 - 기타,안전거리미확보,건조,맑음,단일로 - 기타,건설기계,남,65세,상해없음,화물,남,24세,경상
2023110700100200,2023년 11월 7일 10시,화요일,전라남도 화순군 도곡면,경상사고,0,0,1,0,차대차 - 측면충돌,교차로운행방법위반,건조,맑음,교차로 - 교차로안,승용,여,61세,상해없음,이륜,남,56세,경상
2023110700100281,2023년 11월 7일 12시,화요일,전라남도 강진군 칠량면,경상사고,0,0,1,0,차대사람 - 기타,안전운전불이행,건조,맑음,단일로 - 기타,승용,여,57세,상해없음,보행자,여,16세,경상
2023110700100315,2023년 11월 7일 13시,화요일,전라남도 순천시 오천동,경상사고,0,0,1,0,차대차 - 측면충돌,안전운전불이행,건조,맑음,교차로 - 교차로부근,화물,남,78세,상해없음,승용,남,18세,경상
2023110700100316,2023년 11월 7일 13시,화요일,전라남도 함평군 학교면,경상사고,0,0,1,0,차대사람 - 기타,기타,건조,맑음,단일로 - 기타,승용,남,31세,상해없음,보행자,여,51세,경상
2023110700100396,2023년 11월 7일 15시,화요일,전라남도 여수시 율촌면,중상사고,0,1,0,0,차대사람 - 기타,안전운전불이행,건조,맑음,단일로 - 기타,승용,남,74세,상해없음,보행자,여,75세,중상
2023110700100397,2023년 11월 7일 15시,화요일,전라남도 영암군 시종면,경상사고,0,0,1,0,차대차 - 측면충돌,안전운전불이행,건조,맑음,단일로 - 기타,승용,여,60세,경상,농기계,남,40세,상해없음
2023110700100398,2023년 11월 7일 15시,화요일,전라남도 광양시 중동,경상사고,0,0,1,0,차대차 - 추돌,안전운전불이행,건조,맑음,교차로 - 교차로부근,승용,여,55세,상해없음,화물,남,53세,경상
2023110700100438,2023년 11월 7일 16시,화요일,전라남도 여수시 봉계동,중상사고,0,1,0,0,차대차 - 측면충돌,차로위반,건조,맑음,교차로 - 교차로부근,승용,남,25세,상해없음,이륜,남,51세,중상
2023110700100492,2023년 11월 7일 17시,화요일,전라남도 여수시 문수동,중상사고,0,1,0,0,차대차 - 측면충돌,안전운전불이행,건조,맑음,단일로 - 기타,승용,남,66세,기타불명,이륜,남,31세,중상
2023110700100493,2023년 11월 7일 17시,화요일,전라남도 강진군 병영면,경상사고,0,0,2,0,차대차 - 측면충돌,중앙선침범,건조,맑음,교차로 - 교차로안,화물,남,74세,경상,승용,남,59세,경상
2023110700100628,2023년 11월 7일 20시,화요일,전라남도 목포시 상동,경상사고,0,0,1,0,차대차 - 측면충돌,안전운전불이행,건조,흐림,단일로 - 기타,승용,남,71세,상해없음,승용,남,29세,경상
2023110700100646,2023년 11월 7일 21시,화요일,전라남도 구례군 구례읍,부상신고사고,0,0,0,3,차대차 - 측면충돌,교차로운행방법위반,건조,맑음,교차로 - 교차로안,승용,남,73세,부상신고,승용,남,54세,부상신고
2023110800100038,2023년 11월 8일 06시,수요일,전라남도 화순군 도곡면,경상사고,0,0,2,0,차대차 - 측면충돌,중앙선침범,건조,맑음,단일로 - 기타,화물,남,60세,경상,승용,여,52세,경상
2023110800100113,2023년 11월 8일 08시,수요일,전라남도 여수시 국동,경상사고,0,0,3,0,차대차 - 측면충돌,안전운전불이행,건조,맑음,기타 - 기타,화물,남,68세,경상,승용,남,38세,경상
2023110800100114,2023년 11월 8일 08시,수요일,전라남도 장성군 황룡면,경상사고,0,0,5,0,차대차 - 추돌,안전운전불이행,건조,맑음,단일로 - 기타,화물,여,65세,경상,승용,여,26세,상해없음
2023110800100150,2023년 11월 8일 09시,수요일,전라남도 여수시 소호동,경상사고,0,0,1,0,차대차 - 추돌,안전운전불이행,건조,맑음,기타 - 기타,승용,여,55세,상해없음,승용,여,45세,경상
2023110800100151,2023년 11월 8일 09시,수요일,전라남도 순천시 석현동,경상사고,0,0,2,0,차대차 - 기타,불법유턴,건조,맑음,단일로 - 기타,승용,여,27세,경상,승용,남,62세,경상
2023110800100152,2023년 11월 8일 09시,수요일,전라남도 나주시 중앙동,중상사고,0,1,0,0,차대차 - 측면충돌,안전운전불이행,건조,맑음,교차로 - 교차로안,승용,남,78세,상해없음,승용,남,62세,중상
2023110800100195,2023년 11월 8일 10시,수요일,전라남도 함평군 함평읍,경상사고,0,0,1,0,차대사람 - 횡단중,안전운전불이행,건조,맑음,교차로 - 교차로부근,화물,남,58세,상해없음,보행자,여,69세,경상
2023110800100196,2023년 11월 8일 10시,수요일,전라남도 광양시 마동,경상사고,0,0,1,1,차대차 - 측면충돌,교차로운행방법위반,건조,맑음,교차로 - 교차로안,승용,여,34세,부상신고,승용,여,61세,경상
2023110800100221,2023년 11월 8일 11시,수요일,전라남도 여수시 신기동,경상사고,0,0,2,0,차대차 - 측면충돌,안전운전불이행,건조,맑음,기타 - 기타,승용,여,43세,경상,승용,여,47세,경상
2023110800100222,2023년 11월 8일 11시,수요일,전라남도 순천시 오천동,경상사고,0,0,2,0,차대차 - 측면충돌,안전거리미확보,건조,맑음,교차로 - 교차로부근,승용,여,50세,상해없음,승용,여,60세,경상
2023110800100223,2023년 11월 8일 11시,수요일,전라남도 구례군 구례읍,중상사고,0,1,0,0,차대차 - 측면충돌,안전운전불이행,건조,맑음,단일로 - 기타,승용,여,58세,상해없음,자전거,남,82세,중상
2023110800100288,2023년 11월 8일 13시,수요일,전라남도 순천시 석현동,부상신고사고,0,0,0,2,차대차 - 추돌,안전운전불이행,건조,맑음,교차로 - 교차로안,화물,남,66세,상해없음,승용,남,67세,부상신고
2023110800100289,2023년 11월 8일 13시,수요일,전라남도 고흥군 과역면,경상사고,0,0,1,0,차대사람 - 기타,안전운전불이행,건조,맑음,단일로 - 기타,승용,남,26세,상해없음,보행자,남,27세,경상
2023110800100290,2023년 11월 8일 13시,수요일,전라남도 완도군 금일읍,중상사고,0,1,1,0,차량단독 - 전도전복 - 전도,안전운전불이행,건조,맑음,단일로 - 기타,사륜오토바이(ATV),남,84세,중상,,,,
2023110800100325,2023년 11월 8일 14시,수요일,전라남도 순천시 해룡면,경상사고,0,0,1,0,차량단독 - 공작물충돌,안전운전불이행,건조,맑음,단일로 - 기타,승용,남,68세,경상,,,,
2023110800100326,2023년 11월 8일 14시,수요일,전라남도 구례군 광의면,경상사고,0,0,1,0,차대차 - 측면충돌,안전운전불이행,건조,맑음,교차로 - 교차로부근,승용,여,61세,상해없음,승용,남,60세,경상
2023110800100406,2023년 11월 8일 16시,수요일,전라남도 보성군 보성읍,중상사고,0,1,0,0,차대사람 - 기타,안전운전불이행,건조,맑음,단일로 - 기타,승용,여,32세,상해없음,보행자,여,86세,중상
2023110800100459,2023년 11월 8일 17시,수요일,전라남도 나주시 금천면,경상사고,0,0,7,0,차대차 - 추돌,안전운전불이행,건조,맑음,단일로 - 기타,특수,남,61세,상해없음,화물,남,69세,경상
2023110800100460,2023년 11월 8일 17시,수요일,전라남도 장흥군 안양면,경상사고,0,0,1,0,차대차 - 정면충돌,교차로운행방법위반,건조,맑음,교차로 - 교차로안,화물,남,70세,경상,승용,남,74세,상해없음
2023110800100461,2023년 11월 8일 17시,수요일,전라남도 광양시 금호동,경상사고,0,0,1,0,차대차 - 기타,교차로운행방법위반,건조,맑음,교차로 - 교차로횡단보도내,승합,남,65세,상해없음,승용,남,33세,경상
2023110800100514,2023년 11월 8일 18시,수요일,전라남도 순천시 해룡면,경상사고,0,0,1,0,차대사람 - 횡단중,보행자보호의무위반,건조,맑음,단일로 - 기타,승용,여,39세,상해없음,보행자,남,15세,경상
2023110800100515,2023년 11월 8일 18시,수요일,전라남도 나주시 남평읍,사망사고,1,1,0,0,차대차 - 추돌,기타,건조,맑음,단일로 - 기타,승용,남,70세,상해없음,농기계,남,83세,사망
2023110800100516,2023년 11월 8일 18시,수요일,전라남도 나주시 대기동,경상사고,0,0,1,0,차대차 - 추돌,안전운전불이행,건조,맑음,단일로 - 기타,화물,남,75세,상해없음,화물,남,38세,경상
2023110800100517,2023년 11월 8일 18시,수요일,전라남도 해남군 해남읍,경상사고,0,0,1,0,차대차 - 기타,안전운전불이행,건조,맑음,교차로 - 교차로안,승용,여,37세,상해없음,이륜,남,20세,경상
2023110800100518,2023년 11월 8일 18시,수요일,전라남도 완도군 완도읍,경상사고,0,0,2,0,차대차 - 정면충돌,교차로운행방법위반,건조,맑음,교차로 - 교차로안,승용,여,51세,경상,승용,남,63세,경상
2023110800100617,2023년 11월 8일 21시,수요일,전라남도 순천시 해룡면,경상사고,0,0,1,0,차대차 - 기타,안전거리미확보,건조,맑음,단일로 - 기타,승용,남,26세,상해없음,원동기,남,44세,경상
2023110800100618,2023년 11월 8일 21시,수요일,전라남도 장성군 장성읍,경상사고,0,0,2,0,차대차 - 측면충돌,신호위반,건조,맑음,교차로 - 교차로안,승용,남,62세,상해없음,승용,남,45세,경상
2023110800100645,2023년 11월 8일 23시,수요일,전라남도 영암군 삼호읍,경상사고,0,0,1,0,차대차 - 측면충돌,안전운전불이행,건조,맑음,교차로 - 교차로부근,화물,남,69세,경상,화물,남,34세,상해없음
2023110900100040,2023년 11월 9일 05시,목요일,전라남도 목포시 축복동1가,중상사고,0,1,0,0,차대사람 - 기타,안전운전불이행,건조,맑음,기타 - 기타,승용,남,68세,상해없음,보행자,남,74세,중상
2023110900100054,2023년 11월 9일 06시,목요일,전라남도 장성군 장성읍,중상사고,0,7,4,0,차대차 - 측면충돌,중앙선침범,건조,맑음,단일로 - 기타,승용,남,69세,기타불명,승합,남,58세,경상
2023110900100104,2023년 11월 9일 08시,목요일,전라남도 목포시 상동,경상사고,0,0,1,0,차대차 - 추돌,안전운전불이행,건조,맑음,교차로 - 교차로안,승용,여,52세,상해없음,승용,여,70세,경상
2023110900100105,2023년 11월 9일 08시,목요일,전라남도 순천시 조례동,경상사고,0,0,2,0,차대차 - 정면충돌,교차로운행방법위반,건조,맑음,교차로 - 교차로안,화물,남,56세,상해없음,승용,여,42세,경상
2023110900100106,2023년 11월 9일 08시,목요일,전라남도 순천시 가곡동,중상사고,0,1,0,0,차대사람 - 횡단중,보행자보호의무위반,건조,맑음,교차로 - 교차로안,승용,여,56세,상해없음,보행자,여,24세,중상
2023110900100145,2023년 11월 9일 09시,목요일,전라남도 순천시 연향동,경상사고,0,0,1,0,차대차 - 기타,직진우회전진행방해,건조,맑음,교차로 - 교차로안,승용,남,50세,경상,화물,여,62세,상해없음
2023110900100173,2023년 11월 9일 10시,목요일,전라남도 목포시 산정동,경상사고,0,0,1,0,차대차 - 기타,교차로운행방법위반,건조,맑음,교차로 - 교차로안,승용,여,64세,상해없음,승용,남,44세,경상
2023110900100174,2023년 11월 9일 10시,목요일,전라남도 순천시 조례동,경상사고,0,0,1,0,차대차 - 후진중충돌,안전운전불이행,건조,맑음,주차장 - 주차장,승용,여,61세,상해없음,승용,남,32세,경상
2023110900100175,2023년 11월 9일 10시,목요일,전라남도 강진군 대구면,경상사고,0,0,3,0,차대차 - 추돌,안전운전불이행,건조,맑음,교차로 - 교차로안,승용,여,64세,상해없음,화물,남,71세,상해없음
2023110900100210,2023년 11월 9일 11시,목요일,전라남도 목포시 옥암동,경상사고,0,0,1,1,차대차 - 기타,교차로운행방법위반,건조,맑음,교차로 - 교차로안,승용,여,47세,부상신고,승용,여,38세,경상
2023110900100211,2023년 11월 9일 11시,목요일,전라남도 해남군 옥천면,중상사고,0,1,0,0,차대차 - 측면충돌,안전운전불이행,건조,맑음,교차로 - 교차로안,농기계,남,75세,기타불명,승용,여,58세,중상
2023110900100212,2023년 11월 9일 11시,목요일,전라남도 강진군 신전면,경상사고,0,0,1,0,차량단독 - 도로외이탈 - 추락,안전운전불이행,건조,맑음,단일로 - 기타,화물,남,80세,경상,,,,
2023110900100238,2023년 11월 9일 12시,목요일,전라남도 순천시 왕지동,경상사고,0,0,1,0,차대차 - 후진중충돌,안전운전불이행,건조,맑음,단일로 - 기타,승용,남,76세,상해없음,이륜,남,48세,경상
2023110900100337,2023년 11월 9일 15시,목요일,전라남도 광양시 옥룡면,경상사고,0,0,2,1,차대차 - 기타,안전운전불이행,건조,맑음,단일로 - 기타,승용,남,39세,경상,화물,남,57세,부상신고
2023110900100367,2023년 11월 9일 16시,목요일,전라남도 장성군 장성읍,중상사고,0,1,0,0,차대사람 - 횡단중,보행자보호의무위반,건조,맑음,교차로 - 교차로부근,승용,남,23세,상해없음,보행자,여,10세,중상
2023110900100409,2023년 11월 9일 17시,목요일,전라남도 나주시 송월동,경상사고,0,0,5,1,차량단독 - 공작물충돌,안전운전불이행,건조,맑음,단일로 - 기타,승합,남,62세,경상,,,,
2023110900100410,2023년 11월 9일 17시,목요일,전라남도 무안군 해제면,중상사고,0,1,0,0,차대사람 - 차도통행중,안전운전불이행,서리/결빙,비,단일로 - 기타,승용,남,75세,상해없음,보행자,여,86세,중상
2023110900100465,2023년 11월 9일 18시,목요일,전라남도 여수시 문수동,경상사고,0,0,1,0,차대차 - 기타,차로위반,건조,맑음,단일로 - 기타,승용,여,43세,상해없음,승용,남,38세,경상
2023110900100466,2023년 11월 9일 18시,목요일,전라남도 순천시 해룡면,경상사고,0,0,1,0,차대사람 - 횡단중,안전운전불이행,건조,맑음,교차로 - 교차로횡단보도내,승용,여,43세,상해없음,보행자,남,19세,경상
2023110900100517,2023년 11월 9일 19시,목요일,전라남도 목포시 용당동,중상사고,0,1,0,0,차대사람 - 차도통행중,안전운전불이행,건조,맑음,교차로 - 교차로안,승용,여,59세,상해없음,보행자,남,63세,중상