사고번호,사고일시,요일,시군구,사고내용,사망자수,중상자수,경상자수,부상신고자수,사고유형,법규위반,노면상태,기상상태,도로형태,가해운전자 차종,가해운전자 성별,가해운전자 연령,가해운전자 상해정도,피해운전자 차종,피해운전자 성별,피해운전자 연령,피해운전자 상해정도
2023110900100518,2023년 11월 9일 19시,목요일,전라남도 목포시 용해동,경상사고,0,0,1,0,차대차 - 측면충돌,안전운전불이행,건조,흐림,교차로 - 교차로안,승용,남,68세,상해없음,승용,여,51세,경상
2023110900100554,2023년 11월 9일 20시,목요일,전라남도 담양군 담양읍,경상사고,0,0,1,0,차대사람 - 횡단중,보행자보호의무위반,젖음/습기,비,교차로 - 교차로횡단보도내,승용,여,31세,상해없음,보행자,여,21세,경상
2023110900100578,2023년 11월 9일 21시,목요일,전라남도 영암군 삼호읍,경상사고,0,0,3,3,차대차 - 기타,안전운전불이행,젖음/습기,비,교차로 - 교차로부근,특수,남,58세,경상,승용,남,51세,경상
2023110900100579,2023년 11월 9일 21시,목요일,전라남도 곡성군 곡성읍,중상사고,0,1,0,0,차량단독 - 공작물충돌,안전운전불이행,건조,흐림,교차로 - 교차로안,승용,남,50세,중상,,,,
2023110900100596,2023년 11월 9일 22시,목요일,전라남도 목포시 상동,경상사고,0,0,1,0,차대사람 - 횡단중,안전운전불이행,젖음/습기,비,단일로 - 기타,이륜,남,53세,상해없음,보행자,여,55세,경상
2023110900100597,2023년 11월 9일 22시,목요일,전라남도 장흥군 장흥읍,중상사고,0,1,0,0,차대차 - 기타,안전운전불이행,젖음/습기,비,교차로 - 교차로안,승용,남,27세,상해없음,자전거,여,59세,중상
2023110900100598,2023년 11월 9일 22시,목요일,전라남도 무안군 일로읍,중상사고,0,2,0,0,차량단독 - 도로외이탈 - 추락,안전운전불이행,젖음/습기,비,단일로 - 기타,승용,남,39세,상해없음,,,,
2023111000100005,2023년 11월 10일 00시,금요일,전라남도 진도군 진도읍,중상사고,0,1,0,0,차량단독 - 공작물충돌,안전운전불이행,젖음/습기,비,교차로 - 교차로부근,승용,여,60세,중상,,,,
2023111000100074,2023년 11월 10일 07시,금요일,전라남도 나주시 금천면,중상사고,0,1,0,0,차량단독 - 공작물충돌,안전운전불이행,건조,맑음,단일로 - 기타,승용,여,65세,중상,,,,
2023111000100111,2023년 11월 10일 08시,금요일,전라남도 순천시 오천동,경상사고,0,0,2,0,차대차 - 측면충돌,교차로운행방법위반,건조,맑음,교차로 - 교차로안,승용,여,28세,경상,승용,남,65세,경상
2023111000100171,2023년 11월 10일 10시,금요일,전라남도 장흥군 장흥읍,중상사고,0,1,0,0,차대사람 - 기타,안전운전불이행,건조,맑음,단일로 - 기타,승합,여,26세,상해없음,보행자,여,80세,중상
2023111000100172,2023년 11월 10일 10시,금요일,전라남도 해남군 화원면,경상사고,0,0,1,0,차대사람 - 길가장자리구역통행중,안전운전불이행,건조,맑음,단일로 - 기타,건설기계,남,56세,기타불명,보행자,여,82세,경상
2023111000100173,2023년 11월 10일 10시,금요일,전라남도 곡성군 곡성읍,경상사고,0,0,3,0,차대차 - 추돌,안전운전불이행,건조,맑음,교차로 - 교차로부근,승합,남,58세,상해없음,승용,남,64세,경상
2023111000100174,2023년 11월 10일 10시,금요일,전라남도 순천시 주암면,경상사고,0,0,2,0,차대차 - 측면충돌,안전거리미확보,건조,맑음,단일로 - 기타,승용,남,54세,경상,승용,남,24세,경상
2023111000100203,2023년 11월 10일 11시,금요일,전라남도 순천시 서면,중상사고,0,1,0,0,차대차 - 측면충돌,중앙선침범,건조,맑음,단일로 - 기타,승용,여,59세,상해없음,이륜,남,32세,중상
2023111000100235,2023년 11월 10일 12시,금요일,전라남도 순천시 조곡동,경상사고,0,0,1,0,차대차 - 측면충돌,교차로운행방법위반,건조,맑음,교차로 - 교차로안,승용,남,87세,기타불명,화물,남,48세,경상
2023111000100275,2023년 11월 10일 13시,금요일,전라남도 강진군 강진읍,경상사고,0,0,1,0,차대사람 - 횡단중,안전운전불이행,건조,맑음,교차로 - 교차로안,승용,여,62세,상해없음,보행자,여,9세,경상
2023111000100316,2023년 11월 10일 14시,금요일,전라남도 담양군 담양읍,경상사고,0,0,1,0,차대차 - 측면충돌,신호위반,건조,맑음,교차로 - 교차로안,승용,남,64세,상해없음,승용,여,38세,경상
2023111000100362,2023년 11월 10일 15시,금요일,전라남도 순천시 왕지동,경상사고,0,0,1,0,차대차 - 측면충돌,직진우회전진행방해,건조,맑음,교차로 - 교차로안,승용,여,58세,상해없음,승용,여,25세,경상
2023111000100363,2023년 11월 10일 15시,금요일,전라남도 무안군 삼향읍,경상사고,0,0,1,0,차대차 - 측면충돌,안전운전불이행,건조,맑음,단일로 - 기타,화물,남,29세,상해없음,승용,남,55세,경상
2023111000100407,2023년 11월 10일 16시,금요일,전라남도 광양시 중동,경상사고,0,0,1,0,차대차 - 기타,안전운전불이행,건조,맑음,교차로 - 교차로안,승용,남,65세,상해없음,승용,남,36세,경상
2023111000100408,2023년 11월 10일 16시,금요일,전라남도 광양시 마동,경상사고,0,0,1,0,차대차 - 측면충돌,교차로운행방법위반,건조,맑음,교차로 - 교차로안,승용,남,28세,상해없음,승용,남,33세,경상
2023111000100451,2023년 11월 10일 17시,금요일,전라남도 여수시 학동,경상사고,0,0,2,0,차대차 - 기타,안전거리미확보,건조,맑음,교차로 - 교차로안,화물,남,75세,상해없음,승용,남,28세,경상
2023111000100452,2023년 11월 10일 17시,금요일,전라남도 순천시 매곡동,경상사고,0,0,1,0,차대차 - 측면충돌,안전운전불이행,건조,맑음,교차로 - 교차로안,승용,남,50세,상해없음,승용,남,47세,경상
2023111000100453,2023년 11월 10일 17시,금요일,전라남도 영광군 영광읍,경상사고,0,0,1,0,차대사람 - 기타,안전운전불이행,건조,맑음,단일로 - 기타,화물,남,39세,상해없음,보행자,남,11세,경상
2023111000100454,2023년 11월 10일 17시,금요일,전라남도 무안군 망운면,경상사고,0,0,1,0,차대차 - 후진중충돌,안전운전불이행,건조,맑음,주차장 - 주차장,승용,남,74세,상해없음,승용,여,60세,경상
2023111000100516,2023년 11월 10일 18시,금요일,전라남도 목포시 상동,중상사고,0,1,0,0,차대사람 - 횡단중,보행자보호의무위반,건조,맑음,단일로 - 기타,승용,남,81세,상해없음,보행자,남,58세,중상
2023111000100517,2023년 11월 10일 18시,금요일,전라남도 순천시 연향동,경상사고,0,0,1,0,차대차 - 추돌,안전운전불이행,건조,맑음,교차로 - 교차로안,승용,남,51세,기타불명,승용,남,62세,경상
2023111000100518,2023년 11월 10일 18시,금요일,전라남도 완도군 완도읍,중상사고,0,1,0,0,차대차 - 기타,직진우회전진행방해,건조,맑음,교차로 - 교차로안,승용,여,37세,상해없음,이륜,남,55세,중상
2023111000100642,2023년 11월 10일 21시,금요일,전라남도 여수시 화장동,경상사고,0,0,1,0,차대차 - 측면충돌,안전운전불이행,건조,맑음,교차로 - 교차로부근,승용,남,45세,상해없음,승용,남,53세,경상
2023111000100643,2023년 11월 10일 21시,금요일,전라남도 순천시 해룡면,경상사고,0,0,2,0,차대차 - 측면충돌,안전운전불이행,건조,맑음,교차로 - 교차로안,승용,여,24세,기타불명,승용,남,37세,경상
2023111000100644,2023년 11월 10일 21시,금요일,전라남도 보성군 조성면,경상사고,0,0,1,0,차대차 - 측면충돌,신호위반,건조,맑음,교차로 - 교차로안,승합,남,56세,상해없음,승용,여,39세,경상
2023111000100688,2023년 11월 10일 23시,금요일,전라남도 순천시 조례동,중상사고,0,1,0,0,차대차 - 측면충돌,신호위반,건조,맑음,교차로 - 교차로안,개인형이동수단(PM),남,29세,중상,승합,남,50세,상해없음
2023111100100039,2023년 11월 11일 04시,토요일,전라남도 목포시 대양동,경상사고,0,0,1,0,차대차 - 측면충돌,기타,건조,흐림,교차로 - 교차로안,승용,남,46세,상해없음,승용,남,67세,경상
2023111100100062,2023년 11월 11일 06시,토요일,전라남도 나주시 다도면,경상사고,0,0,2,0,차대차 - 측면충돌,기타,건조,맑음,교차로 - 교차로안,승용,여,50세,경상,승용,남,46세,경상
2023111100100075,2023년 11월 11일 07시,토요일,전라남도 순천시 교량동,중상사고,0,2,1,0,차대차 - 측면충돌,중앙선침범,건조,맑음,단일로 - 기타,승용,남,69세,중상,화물,남,71세,중상
2023111100100087,2023년 11월 11일 08시,토요일,전라남도 해남군 해남읍,경상사고,0,0,2,0,차대차 - 측면충돌,안전운전불이행,건조,맑음,교차로 - 교차로안,화물,남,62세,상해없음,승용,여,56세,경상
2023111100100178,2023년 11월 11일 11시,토요일,전라남도 여수시 광무동,경상사고,0,0,1,0,차대사람 - 기타,신호위반,건조,맑음,교차로 - 교차로안,개인형이동수단(PM),여,61세,기타불명,보행자,여,32세,경상
2023111100100179,2023년 11월 11일 11시,토요일,전라남도 여수시 교동,경상사고,0,0,1,0,차대사람 - 길가장자리구역통행중,안전운전불이행,건조,맑음,교차로 - 교차로부근,승용,남,62세,상해없음,보행자,남,84세,경상
2023111100100180,2023년 11월 11일 11시,토요일,전라남도 나주시 빛가람동,경상사고,0,0,1,0,차대차 - 측면충돌,안전운전불이행,건조,맑음,교차로 - 교차로안,화물,남,65세,상해없음,승용,남,32세,경상
2023111100100181,2023년 11월 11일 11시,토요일,전라남도 고흥군 포두면,중상사고,0,1,0,0,차대차 - 측면충돌,안전운전불이행,건조,맑음,단일로 - 기타,승용,남,77세,상해없음,이륜,남,78세,중상
2023111100100253,2023년 11월 11일 13시,토요일,전라남도 목포시 용해동,경상사고,0,0,1,0,차대차 - 측면충돌,안전운전불이행,건조,맑음,교차로 - 교차로부근,승용,남,47세,상해없음,승용,남,47세,경상
2023111100100254,2023년 11월 11일 13시,토요일,전라남도 나주시 남평읍,경상사고,0,0,2,0,차대차 - 추돌,안전운전불이행,건조,맑음,단일로 - 기타,화물,남,49세,상해없음,승용,여,48세,경상
2023111100100281,2023년 11월 11일 14시,토요일,전라남도 목포시 상동,경상사고,0,0,1,0,차대차 - 측면충돌,안전운전불이행,건조,맑음,교차로 - 교차로안,승용,여,27세,상해없음,승용,여,26세,경상
2023111100100325,2023년 11월 11일 15시,토요일,전라남도 강진군 성전면,경상사고,0,0,3,0,차대차 - 추돌,신호위반,건조,맑음,교차로 - 교차로안,승용,남,56세,상해없음,승용,남,45세,경상
2023111100100356,2023년 11월 11일 16시,토요일,전라남도 여수시 교동,중상사고,0,1,0,0,차대차 - 기타,차로위반,건조,맑음,단일로 - 기타,승용,남,56세,상해없음,이륜,남,18세,중상
2023111100100357,2023년 11월 11일 16시,토요일,전라남도 여수시 돌산읍,경상사고,0,0,3,0,차대차 - 추돌,안전운전불이행,건조,맑음,단일로 - 기타,승용,남,18세,기타불명,승용,남,34세,경상
2023111100100358,2023년 11월 11일 16시,토요일,전라남도 곡성군 옥과면,경상사고,0,0,2,0,차대차 - 측면충돌,교차로운행방법위반,건조,맑음,교차로 - 교차로안,승용,여,54세,상해없음,화물,남,58세,경상
2023111100100359,2023년 11월 11일 16시,토요일,전라남도 무안군 망운면,경상사고,0,0,5,0,차대차 - 기타,중앙선침범,건조,맑음,교차로 - 교차로부근,승용,남,51세,상해없음,승용,남,29세,경상
2023111100100485,2023년 11월 11일 19시,토요일,전라남도 화순군 화순읍,경상사고,0,0,1,0,차대차 - 측면충돌,안전운전불이행,건조,맑음,교차로 - 교차로안,승용,남,57세,상해없음,승용,여,44세,경상
2023111100100509,2023년 11월 11일 20시,토요일,전라남도 해남군 해남읍,경상사고,0,0,1,0,차대차 - 측면충돌,중앙선침범,건조,맑음,단일로 - 기타,승용,여,64세,상해없음,승용,남,32세,경상
2023111100100527,2023년 11월 11일 21시,토요일,전라남도 함평군 함평읍,경상사고,0,0,2,0,차대차 - 측면충돌,직진우회전진행방해,건조,맑음,교차로 - 교차로안,승용,남,43세,상해없음,승용,여,52세,상해없음
2023111200100082,2023년 11월 12일 09시,일요일,전라남도 순천시 조례동,중상사고,0,1,0,0,차대사람 - 횡단중,보행자보호의무위반,건조,맑음,단일로 - 기타,승용,남,59세,상해없음,보행자,여,29세,중상
2023111200100083,2023년 11월 12일 09시,일요일,전라남도 해남군 화산면,중상사고,0,1,0,0,차대사람 - 횡단중,기타,건조,맑음,단일로 - 기타,승용,여,47세,상해없음,보행자,남,60세,중상
2023111200100102,2023년 11월 12일 10시,일요일,전라남도 여수시 소호동,경상사고,0,0,1,0,차대차 - 정면충돌,안전운전불이행,건조,맑음,교차로 - 교차로안,이륜,남,37세,상해없음,이륜,남,55세,경상
2023111200100128,2023년 11월 12일 11시,일요일,전라남도 목포시 산정동,경상사고,0,0,2,0,차대차 - 기타,안전운전불이행,건조,맑음,교차로 - 교차로안,승용,남,41세,상해없음,승용,남,36세,경상
2023111200100158,2023년 11월 12일 12시,일요일,전라남도 목포시 상동,중상사고,0,1,0,0,차대차 - 측면충돌,중앙선침범,건조,흐림,단일로 - 기타,승합,남,62세,상해없음,이륜,남,34세,중상
2023111200100159,2023년 11월 12일 12시,일요일,전라남도 여수시 학동,경상사고,0,0,2,0,차대차 - 측면충돌,중앙선침범,건조,맑음,교차로 - 교차로부근,승용,남,23세,상해없음,승용,남,76세,경상
2023111200100160,2023년 11월 12일 12시,일요일,전라남도 순천시 연향동,중상사고,0,1,2,0,차대차 - 측면충돌,안전운전불이행,건조,맑음,단일로 - 기타,승용,남,78세,경상,화물,남,54세,경상
2023111200100215,2023년 11월 12일 14시,일요일,전라남도 순천시 해룡면,경상사고,0,0,2,0,차대차 - 추돌,안전거리미확보,건조,맑음,기타 - 기타,승용,남,36세,상해없음,승용,남,32세,경상
2023111200100246,2023년 11월 12일 15시,일요일,전라남도 함평군 월야면,경상사고,0,0,1,0,차대차 - 기타,안전운전불이행,건조,맑음,교차로 - 교차로안,이륜,남,84세,경상,승용,남,77세,상해없음
2023111200100354,2023년 11월 12일 19시,일요일,전라남도 여수시 여서동,경상사고,0,0,5,0,차대차 - 측면충돌,안전운전불이행,건조,맑음,교차로 - 교차로안,승용,남,66세,상해없음,승용,남,62세,경상
2023111200100389,2023년 11월 12일 20시,일요일,전라남도 무안군 삼향읍,중상사고,0,1,0,0,차대차 - 측면충돌,교차로운행방법위반,건조,맑음,교차로 - 교차로안,승용,남,31세,상해없음,자전거,여,63세,중상
2023111200100437,2023년 11월 12일 22시,일요일,전라남도 장성군 삼계면,경상사고,0,0,1,0,차대차 - 정면충돌,중앙선침범,건조,맑음,단일로 - 기타,승용,남,44세,상해없음,승용,남,40세,경상
2023111300100012,2023년 11월 13일 02시,월요일,전라남도 목포시 용당동,경상사고,0,0,1,0,차량단독 - 공작물충돌,안전운전불이행,건조,맑음,단일로 - 기타,이륜,남,44세,경상,,,,
2023111300100018,2023년 11월 13일 03시,월요일,전라남도 고흥군 남양면,중상사고,0,1,0,0,차대사람 - 차도통행중,안전운전불이행,건조,맑음,기타 - 기타,승용,남,63세,상해없음,보행자,남,72세,중상
2023111300100057,2023년 11월 13일 06시,월요일,전라남도 함평군 월야면,중상사고,0,2,0,0,차대차 - 추돌,안전거리미확보,건조,맑음,단일로 - 기타,건설기계,남,49세,상해없음,승용,남,83세,중상
2023111300100140,2023년 11월 13일 08시,월요일,전라남도 목포시 상동,경상사고,0,0,2,0,차대차 - 기타,신호위반,건조,맑음,교차로 - 교차로안,승합,여,41세,상해없음,승용,남,49세,경상
2023111300100141,2023년 11월 13일 08시,월요일,전라남도 목포시 옥암동,중상사고,0,1,0,0,차대차 - 측면충돌,직진우회전진행방해,건조,맑음,교차로 - 교차로안,승용,여,41세,상해없음,이륜,남,49세,중상
2023111300100142,2023년 11월 13일 08시,월요일,전라남도 여수시 둔덕동,중상사고,0,1,0,0,차대차 - 측면충돌,신호위반,건조,맑음,교차로 - 교차로안,화물,남,66세,상해없음,승용,남,46세,중상
2023111300100143,2023년 11월 13일 08시,월요일,전라남도 화순군 화순읍,경상사고,0,0,1,0,차대차 - 측면충돌,교차로운행방법위반,건조,맑음,교차로 - 교차로안,승용,남,29세,상해없음,승용,여,49세,경상
2023111300100144,2023년 11월 13일 08시,월요일,전라남도 구례군 구례읍,중상사고,0,1,2,0,차대차 - 측면충돌,안전운전불이행,건조,맑음,교차로 - 교차로부근,화물,남,76세,경상,화물,여,68세,경상
2023111300100184,2023년 11월 13일 09시,월요일,전라남도 목포시 만호동,경상사고,0,0,1,0,차대차 - 후진중충돌,안전운전불이행,건조,맑음,교차로 - 교차로안,화물,남,31세,상해없음,화물,여,64세,경상
2023111300100185,2023년 11월 13일 09시,월요일,전라남도 순천시 해룡면,경상사고,0,0,1,0,차대차 - 측면충돌,안전운전불이행,건조,맑음,단일로 - 기타,개인형이동수단(PM),남,41세,경상,승용,남,39세,상해없음
2023111300100221,2023년 11월 13일 10시,월요일,전라남도 여수시 충무동,중상사고,0,1,0,0,차대사람 - 횡단중,보행자보호의무위반,건조,맑음,교차로 - 교차로횡단보도내,승용,여,69세,기타불명,보행자,남,64세,중상
2023111300100222,2023년 11월 13일 10시,월요일,전라남도 곡성군 곡성읍,경상사고,0,0,1,0,차대차 - 측면충돌,직진우회전진행방해,건조,맑음,교차로 - 교차로안,자전거,남,74세,경상,승용,여,39세,상해없음
2023111300100251,2023년 11월 13일 11시,월요일,전라남도 순천시 연향동,경상사고,0,0,1,0,차대사람 - 보도통행중,신호위반,건조,맑음,단일로 - 기타,승용,여,59세,상해없음,보행자,여,80세,경상
2023111300100252,2023년 11월 13일 11시,월요일,전라남도 영암군 시종면,중상사고,0,1,1,0,차대차 - 측면충돌,안전운전불이행,건조,맑음,교차로 - 교차로안,화물,남,65세,상해없음,사륜오토바이(ATV),남,81세,경상
2023111300100253,2023년 11월 13일 11시,월요일,전라남도 강진군 강진읍,경상사고,0,0,1,0,차대사람 - 횡단중,안전운전불이행,건조,맑음,교차로 - 교차로안,승용,여,49세,상해없음,보행자,여,80세,경상
2023111300100254,2023년 11월 13일 11시,월요일,전라남도 구례군 구례읍,중상사고,0,1,1,0,차대사람 - 기타,안전운전불이행,건조,맑음,기타 - 기타,원동기,남,81세,상해없음,보행자,여,85세,중상
2023111300100289,2023년 11월 13일 12시,월요일,전라남도 함평군 함평읍,중상사고,0,1,1,1,차대차 - 추돌,직진우회전진행방해,건조,맑음,교차로 - 교차로안,승용,여,65세,부상신고,화물,남,64세,경상
2023111300100320,2023년 11월 13일 13시,월요일,전라남도 목포시 용당동,경상사고,0,0,1,1,차대차 - 기타,안전운전불이행,건조,맑음,단일로 - 기타,이륜,남,74세,부상신고,승용,여,70세,경상
2023111300100321,2023년 11월 13일 13시,월요일,전라남도 목포시 옥암동,중상사고,0,1,1,0,차대차 - 기타,신호위반,건조,맑음,교차로 - 교차로안,승용,남,79세,상해없음,승용,남,63세,경상
2023111300100322,2023년 11월 13일 13시,월요일,전라남도 순천시 승주읍,중상사고,0,1,0,0,차대차 - 기타,안전운전불이행,건조,맑음,단일로 - 기타,사륜오토바이(ATV),남,81세,중상,화물,기타불명,미분류,기타불명
2023111300100361,2023년 11월 13일 14시,월요일,전라남도 여수시 웅천동,경상사고,0,0,1,0,차대사람 - 횡단중,신호위반,건조,맑음,단일로 - 기타,승용,남,64세,상해없음,보행자,남,8세,경상
2023111300100362,2023년 11월 13일 14시,월요일,전라남도 영광군 법성면,경상사고,0,0,1,0,차대차 - 추돌,안전거리미확보,건조,맑음,단일로 - 기타,이륜,남,77세,경상,승용,여,63세,상해없음
2023111300100363,2023년 11월 13일 14시,월요일,전라남도 완도군 완도읍,중상사고,0,1,0,0,차대사람 - 횡단중,보행자보호의무위반,건조,맑음,교차로 - 교차로안,승용,남,74세,상해없음,보행자,여,69세,중상
2023111300100448,2023년 11월 13일 16시,월요일,전라남도 목포시 상동,사망사고,1,0,0,0,차대차 - 정면충돌,중앙선침범,건조,맑음,교차로 - 교차로안,승용,남,75세,상해없음,이륜,남,52세,사망
2023111300100449,2023년 11월 13일 16시,월요일,전라남도 목포시 용당동,경상사고,0,0,1,0,차대차 - 기타,기타,건조,맑음,교차로 - 교차로안,이륜,남,25세,상해없음,화물,남,52세,경상
2023111300100450,2023년 11월 13일 16시,월요일,전라남도 목포시 상동,경상사고,0,0,3,0,차대차 - 추돌,안전거리미확보,건조,맑음,교차로 - 교차로횡단보도내,승용,남,26세,경상,승용,남,71세,경상
2023111300100451,2023년 11월 13일 16시,월요일,전라남도 담양군 고서면,중상사고,0,1,1,0,차량단독 - 전도전복 - 전도,안전운전불이행,건조,맑음,단일로 - 기타,화물,남,75세,경상,,,,
2023111300100491,2023년 11월 13일 17시,월요일,전라남도 순천시 조례동,경상사고,0,0,1,0,차대차 - 측면충돌,안전운전불이행,건조,맑음,단일로 - 기타,승용,여,47세,경상,승용,남,77세,기타불명
2023111300100559,2023년 11월 13일 18시,월요일,전라남도 여수시 여서동,경상사고,0,0,1,0,차대사람 - 기타,안전운전불이행,건조,맑음,단일로 - 기타,이륜,남,17세,상해없음,보행자,여,50세,경상
2023111300100560,2023년 11월 13일 18시,월요일,전라남도 여수시 신월동,경상사고,0,0,1,0,차대차 - 측면충돌,안전운전불이행,건조,맑음,단일로 - 기타,승용,여,35세,기타불명,승용,남,49세,경상
2023111300100561,2023년 11월 13일 18시,월요일,전라남도 순천시 조례동,경상사고,0,0,1,0,차대차 - 측면충돌,안전운전불이행,건조,맑음,단일로 - 기타,승용,남,42세,상해없음,승용,여,46세,경상
2023111300100619,2023년 11월 13일 19시,월요일,전라남도 광양시 중동,경상사고,0,0,1,0,차대차 - 추돌,안전운전불이행,건조,맑음,단일로 - 기타,승용,남,54세,상해없음,승용,여,35세,경상
2023111300100647,2023년 11월 13일 20시,월요일,전라남도 여수시 봉계동,경상사고,0,0,1,0,차대사람 - 길가장자리구역통행중,안전운전불이행,건조,맑음,교차로 - 교차로안,승용,여,39세,상해없음,보행자,남,68세,경상
2023111300100648,2023년 11월 13일 20시,월요일,전라남도 담양군 담양읍,중상사고,0,1,0,0,차대사람 - 횡단중,보행자보호의무위반,건조,맑음,교차로 - 교차로부근,이륜,남,41세,상해없음,보행자,여,44세,중상
2023111400100046,2023년 11월 14일 06시,화요일,전라남도 목포시 대양동,중상사고,0,1,0,0,차대차 - 기타,중앙선침범,건조,맑음,단일로 - 기타,승용,여,57세,상해없음,승용,여,56세,중상
2023111400100047,2023년 11월 14일 06시,화요일,전라남도 광양시 광양읍,경상사고,0,0,1,0,차대차 - 후진중충돌,안전운전불이행,건조,기타,기타 - 기타,승용,남,31세,상해없음,승용,남,44세,경상
2023111400100107,2023년 11월 14일 08시,화요일,전라남도 나주시 금계동,경상사고,0,0,2,0,차대차 - 측면충돌,안전운전불이행,건조,맑음,교차로 - 교차로안,승용,여,54세,상해없음,승용,여,20세,경상
2023111400100108,2023년 11월 14일 08시,화요일,전라남도 나주시 금천면,경상사고,0,0,2,0,차대차 - 측면충돌,기타,건조,맑음,교차로 - 교차로안,승용,남,57세,경상,농기계,남,71세,경상
2023111400100109,2023년 11월 14일 08시,화요일,전라남도 장흥군 장흥읍,부상신고사고,0,0,0,1,차대사람 - 보도통행중,안전운전불이행,건조,맑음,교차로 - 교차로안,승용,남,80세,상해없음,보행자,여,7세,부상신고
2023111400100110,2023년 11월 14일 08시,화요일,전라남도 광양시 중동,경상사고,0,0,2,0,차대차 - 측면충돌,안전거리미확보,건조,맑음,단일로 - 기타,승용,남,23세,경상,승용,여,34세,경상
2023111400100160,2023년 11월 14일 09시,화요일,전라남도 진도군 군내면,경상사고,0,0,1,0,차대차 - 기타,중앙선침범,건조,흐림,단일로 - 기타,승합,남,59세,상해없음,이륜,남,33세,경상
2023111400100189,2023년 11월 14일 10시,화요일,전라남도 해남군 화산면,중상사고,0,1,0,0,차대차 - 기타,안전운전불이행,건조,맑음,단일로 - 기타,화물,남,75세,기타불명,원동기,남,84세,중상
2023111400100251,2023년 11월 14일 12시,화요일,전라남도 여수시 돌산읍,경상사고,0,0,3,0,차대차 - 추돌,안전운전불이행,건조,맑음,단일로 - 기타,화물,남,63세,경상,화물,남,68세,경상
2023111400100252,2023년 11월 14일 12시,화요일,전라남도 광양시 중동,경상사고,0,0,1,0,차대차 - 기타,안전거리미확보,건조,맑음,단일로 - 기타,승용,남,37세,상해없음,이륜,남,41세,경상
2023111400100285,2023년 11월 14일 13시,화요일,전라남도 목포시 용당동,경상사고,0,0,1,0,차대차 - 기타,안전운전불이행,건조,맑음,교차로 - 교차로안,승용,여,69세,상해없음,승용,남,45세,경상
2023111400100328,2023년 11월 14일 14시,화요일,전라남도 목포시 상동,경상사고,0,0,1,0,차대차 - 측면충돌,안전운전불이행,건조,맑음,기타 - 기타,화물,남,73세,상해없음,승용,여,31세,경상
2023111400100329,2023년 11월 14일 14시,화요일,전라남도 순천시 서면,경상사고,0,0,2,0,차대차 - 측면충돌,안전운전불이행,건조,맑음,단일로 - 기타,화물,남,65세,경상,건설기계,남,63세,경상
2023111400100369,2023년 11월 14일 15시,화요일,전라남도 여수시 소라면,경상사고,0,0,1,0,차대차 - 측면충돌,교차로운행방법위반,건조,맑음,교차로 - 교차로안,화물,남,57세,상해없음,승용,여,54세,경상
2023111400100370,2023년 11월 14일 15시,화요일,전라남도 나주시 빛가람동,경상사고,0,0,1,0,차대차 - 측면충돌,안전운전불이행,건조,맑음,단일로 - 기타,화물,남,49세,상해없음,자전거,남,12세,경상
2023111400100398,2023년 11월 14일 16시,화요일,전라남도 여수시 월내동,중상사고,0,1,2,0,차대차 - 측면충돌,신호위반,건조,맑음,교차로 - 교차로안,승용,남,24세,경상,승용,남,62세,중상
2023111400100399,2023년 11월 14일 16시,화요일,전라남도 여수시 중흥동,경상사고,0,0,1,0,차대차 - 측면충돌,안전운전불이행,건조,맑음,교차로 - 교차로안,화물,남,27세,상해없음,승용,남,64세,경상
2023111400100436,2023년 11월 14일 17시,화요일,전라남도 여수시 문수동,경상사고,0,0,1,0,차량단독 - 기타,기타,건조,맑음,단일로 - 기타,승합,남,57세,상해없음,,,,
2023111400100437,2023년 11월 14일 17시,화요일,전라남도 순천시 동외동,경상사고,0,0,1,0,차대차 - 측면충돌,직진우회전진행방해,건조,맑음,교차로 - 교차로안,화물,남,68세,상해없음,승용,여,33세,경상
2023111400100438,2023년 11월 14일 17시,화요일,전라남도 강진군 도암면,경상사고,0,0,1,0,차대차 - 측면충돌,안전거리미확보,건조,맑음,단일로 - 기타,승용,여,37세,상해없음,승용,남,70세,경상
2023111400100494,2023년 11월 14일 18시,화요일,전라남도 여수시 둔덕동,경상사고,0,0,1,0,차대차 - 추돌,안전운전불이행,건조,맑음,단일로 - 기타,승용,남,66세,상해없음,승용,여,27세,경상
2023111400100495,2023년 11월 14일 18시,화요일,전라남도 무안군 현경면,중상사고,0,2,1,0,차대차 - 정면충돌,신호위반,건조,맑음,기타 - 기타,승용,여,54세,상해없음,승용,남,75세,경상
2023111400100625,2023년 11월 14일 23시,화요일,전라남도 화순군 화순읍,경상사고,0,0,1,0,차대차 - 추돌,안전운전불이행,건조,맑음,교차로 - 교차로안,승용,남,31세,기타불명,화물,남,62세,경상
2023111500100025,2023년 11월 15일 05시,수요일,전라남도 목포시 상동,경상사고,0,0,1,0,차대차 - 측면충돌,안전운전불이행,건조,맑음,교차로 - 교차로안,승합,남,61세,기타불명,원동기,남,50세,경상
2023111500100047,2023년 11월 15일 06시,수요일,전라남도 화순군 화순읍,중상사고,0,1,0,0,차대차 - 측면충돌,기타,건조,맑음,단일로 - 기타,화물,남,55세,상해없음,이륜,여,49세,중상