사고번호,사고일시,요일,시군구,사고내용,사망자수,중상자수,경상자수,부상신고자수,사고유형,법규위반,노면상태,기상상태,도로형태,가해운전자 차종,가해운전자 성별,가해운전자 연령,가해운전자 상해정도,피해운전자 차종,피해운전자 성별,피해운전자 연령,피해운전자 상해정도
2023111900100390,2023년 11월 19일 19시,일요일,전라남도 순천시 조례동,경상사고,0,0,1,0,차대차 - 기타,안전운전불이행,건조,맑음,교차로 - 교차로부근,승용,여,63세,상해없음,승용,남,28세,상해없음
2023111900100391,2023년 11월 19일 19시,일요일,전라남도 나주시 빛가람동,중상사고,0,1,1,0,차대차 - 측면충돌,안전운전불이행,건조,맑음,교차로 - 교차로안,승용,여,52세,경상,원동기,남,19세,중상
2023111900100392,2023년 11월 19일 19시,일요일,전라남도 함평군 학교면,경상사고,0,0,4,0,차대차 - 추돌,안전운전불이행,건조,맑음,교차로 - 교차로부근,화물,남,64세,상해없음,승용,남,54세,경상
2023111900100393,2023년 11월 19일 19시,일요일,전라남도 완도군 군외면,경상사고,0,0,1,0,차량단독 - 전도전복 - 전도,안전운전불이행,건조,맑음,단일로 - 기타,승용,여,60세,경상,,,,
2023111900100429,2023년 11월 19일 21시,일요일,전라남도 여수시 봉산동,경상사고,0,0,1,0,차대차 - 측면충돌,안전운전불이행,건조,맑음,교차로 - 교차로부근,승용,여,63세,상해없음,이륜,남,46세,경상
2023112000100021,2023년 11월 20일 05시,월요일,전라남도 목포시 해안동1가,경상사고,0,0,1,0,차대사람 - 횡단중,안전운전불이행,건조,맑음,교차로 - 교차로부근,승용,남,48세,상해없음,보행자,남,67세,경상
2023112000100022,2023년 11월 20일 05시,월요일,전라남도 나주시 왕곡면,경상사고,0,0,4,0,차대차 - 측면충돌,신호위반,건조,맑음,교차로 - 교차로안,승용,남,65세,경상,승용,남,39세,경상
2023112000100031,2023년 11월 20일 06시,월요일,전라남도 여수시 만흥동,중상사고,0,1,0,0,차대사람 - 차도통행중,안전운전불이행,건조,맑음,교차로 - 교차로안,승용,남,60세,상해없음,보행자,남,80세,중상
2023112000100032,2023년 11월 20일 06시,월요일,전라남도 함평군 해보면,경상사고,0,0,1,0,차량단독 - 기타,안전운전불이행,건조,맑음,단일로 - 기타,건설기계,남,67세,경상,,,,
2023112000100117,2023년 11월 20일 08시,월요일,전라남도 순천시 상사면,경상사고,0,0,1,0,차대차 - 기타,안전거리미확보,건조,맑음,교차로 - 교차로안,승용,여,59세,경상,화물,남,55세,상해없음
2023112000100204,2023년 11월 20일 10시,월요일,전라남도 고흥군 고흥읍,경상사고,0,0,1,0,차대차 - 기타,안전운전불이행,건조,맑음,교차로 - 교차로안,승용,남,68세,상해없음,승용,여,62세,경상
2023112000100205,2023년 11월 20일 10시,월요일,전라남도 광양시 진월면,중상사고,0,1,0,0,차량단독 - 전도전복 - 전도,안전운전불이행,건조,맑음,단일로 - 기타,농기계,남,75세,중상,,,,
2023112000100244,2023년 11월 20일 11시,월요일,전라남도 나주시 금천면,경상사고,0,0,1,0,차대차 - 추돌,안전운전불이행,건조,맑음,단일로 - 기타,승용,여,39세,상해없음,승용,남,62세,경상
2023112000100245,2023년 11월 20일 11시,월요일,전라남도 진도군 진도읍,중상사고,0,2,2,0,차대차 - 정면충돌,중앙선침범,건조,맑음,단일로 - 기타,화물,남,62세,중상,승합,남,63세,경상
2023112000100328,2023년 11월 20일 13시,월요일,전라남도 여수시 신기동,중상사고,0,1,0,0,차대차 - 측면충돌,안전운전불이행,건조,맑음,단일로 - 기타,승용,남,58세,상해없음,승용,여,61세,중상
2023112000100371,2023년 11월 20일 14시,월요일,전라남도 담양군 창평면,경상사고,0,0,3,0,차대차 - 후진중충돌,안전운전불이행,건조,맑음,단일로 - 기타,승합,남,45세,상해없음,승용,여,32세,경상
2023112000100372,2023년 11월 20일 14시,월요일,전라남도 광양시 광양읍,중상사고,0,1,0,0,차대차 - 측면충돌,안전운전불이행,건조,맑음,기타 - 기타,승용,남,66세,기타불명,이륜,남,42세,중상
2023112000100413,2023년 11월 20일 15시,월요일,전라남도 해남군 송지면,중상사고,0,1,0,0,차대사람 - 길가장자리구역통행중,안전운전불이행,건조,맑음,단일로 - 기타,승용,여,51세,상해없음,보행자,여,67세,중상
2023112000100452,2023년 11월 20일 16시,월요일,전라남도 여수시 율촌면,경상사고,0,0,1,0,차대차 - 측면충돌,안전운전불이행,건조,맑음,교차로 - 교차로부근,승용,남,21세,상해없음,승용,남,47세,경상
2023112000100490,2023년 11월 20일 17시,월요일,전라남도 목포시 석현동,경상사고,0,0,1,0,차대차 - 후진중충돌,중앙선침범,건조,맑음,단일로 - 기타,승용,남,35세,상해없음,승용,여,60세,경상
2023112000100491,2023년 11월 20일 17시,월요일,전라남도 여수시 만흥동,경상사고,0,0,1,0,차대차 - 추돌,안전운전불이행,건조,맑음,단일로 - 교량,승용,남,70세,상해없음,승용,남,54세,경상
2023112000100492,2023년 11월 20일 17시,월요일,전라남도 광양시 중동,경상사고,0,0,1,0,차대차 - 측면충돌,차로위반,건조,맑음,교차로 - 교차로부근,승용,남,57세,상해없음,승용,남,30세,경상
2023112000100536,2023년 11월 20일 18시,월요일,전라남도 목포시 산정동,경상사고,0,0,1,0,차대차 - 기타,안전운전불이행,건조,맑음,교차로 - 교차로안,승용,남,22세,상해없음,승용,남,41세,경상
2023112000100538,2023년 11월 20일 18시,월요일,전라남도 나주시 영산동,경상사고,0,0,1,0,차대차 - 측면충돌,안전운전불이행,건조,기타,교차로 - 교차로횡단보도내,화물,남,61세,상해없음,승용,여,28세,경상
2023112000100660,2023년 11월 20일 22시,월요일,전라남도 나주시 노안면,경상사고,0,0,1,0,차대차 - 추돌,안전운전불이행,건조,맑음,단일로 - 기타,승용,남,29세,상해없음,이륜,남,18세,경상
2023112100100006,2023년 11월 21일 00시,화요일,전라남도 무안군 삼향읍,부상신고사고,0,0,0,1,차대사람 - 길가장자리구역통행중,안전운전불이행,건조,맑음,교차로 - 교차로부근,승용,여,43세,상해없음,보행자,여,39세,부상신고
2023112100100007,2023년 11월 21일 00시,화요일,전라남도 광양시 성황동,경상사고,0,0,1,0,차대차 - 측면충돌,신호위반,건조,맑음,교차로 - 교차로안,승용,남,45세,상해없음,승용,남,50세,경상
2023112100100039,2023년 11월 21일 05시,화요일,전라남도 광양시 광영동,중상사고,0,1,0,0,차대사람 - 횡단중,안전운전불이행,건조,맑음,교차로 - 교차로부근,승용,여,64세,상해없음,보행자,여,77세,중상
2023112100100055,2023년 11월 21일 06시,화요일,전라남도 목포시 죽교동,경상사고,0,0,2,0,차대차 - 측면충돌,직진우회전진행방해,건조,맑음,교차로 - 교차로안,승용,남,43세,경상,승용,남,70세,경상
2023112100100056,2023년 11월 21일 06시,화요일,전라남도 영암군 삼호읍,경상사고,0,0,1,0,차대차 - 추돌,안전운전불이행,건조,맑음,교차로 - 교차로안,승용,여,50세,상해없음,승용,여,32세,경상
2023112100100074,2023년 11월 21일 07시,화요일,전라남도 광양시 광양읍,경상사고,0,0,2,0,차대차 - 측면충돌,교차로운행방법위반,건조,맑음,교차로 - 교차로안,승용,여,34세,경상,승용,여,57세,경상
2023112100100075,2023년 11월 21일 07시,화요일,전라남도 구례군 구례읍,중상사고,0,1,2,0,차대차 - 측면충돌,신호위반,건조,맑음,교차로 - 교차로안,화물,남,65세,상해없음,승용,남,44세,중상
2023112100100076,2023년 11월 21일 07시,화요일,전라남도 신안군 임자면,경상사고,0,0,1,0,차대사람 - 기타,안전운전불이행,건조,맑음,기타 - 기타,승합,남,50세,상해없음,보행자,여,75세,경상
2023112100100118,2023년 11월 21일 08시,화요일,전라남도 목포시 용해동,경상사고,0,0,2,0,차대차 - 기타,신호위반,건조,맑음,교차로 - 교차로안,승용,여,62세,상해없음,승용,남,60세,경상
2023112100100119,2023년 11월 21일 08시,화요일,전라남도 해남군 삼산면,경상사고,0,0,2,0,차대차 - 추돌,안전거리미확보,건조,맑음,단일로 - 기타,승합,남,47세,상해없음,승용,여,39세,경상
2023112100100120,2023년 11월 21일 08시,화요일,전라남도 함평군 학교면,부상신고사고,0,0,0,1,차대차 - 측면충돌,안전거리미확보,건조,맑음,단일로 - 기타,이륜,남,89세,부상신고,승용,남,35세,상해없음
2023112100100121,2023년 11월 21일 08시,화요일,전라남도 영암군 삼호읍,경상사고,0,0,6,0,차대차 - 측면충돌,신호위반,건조,맑음,교차로 - 교차로안,승용,남,43세,상해없음,화물,남,46세,경상
2023112100100122,2023년 11월 21일 08시,화요일,전라남도 담양군 고서면,중상사고,0,1,0,0,차대차 - 기타,신호위반,건조,맑음,기타 - 기타,승용,여,70세,상해없음,승합,남,48세,상해없음
2023112100100172,2023년 11월 21일 09시,화요일,전라남도 여수시 덕충동,중상사고,0,1,0,0,차대사람 - 기타,안전운전불이행,건조,맑음,단일로 - 기타,승합,남,56세,상해없음,보행자,여,71세,중상
2023112100100173,2023년 11월 21일 09시,화요일,전라남도 순천시 연향동,경상사고,0,0,1,0,차대차 - 기타,안전운전불이행,건조,맑음,단일로 - 기타,승용,여,37세,상해없음,승용,남,59세,상해없음
2023112100100207,2023년 11월 21일 10시,화요일,전라남도 광양시 옥곡면,경상사고,0,0,1,0,차대차 - 기타,안전운전불이행,건조,맑음,단일로 - 기타,기타불명,기타불명,미분류,기타불명,승용,여,49세,경상
2023112100100243,2023년 11월 21일 11시,화요일,전라남도 보성군 보성읍,경상사고,0,0,1,0,차대차 - 정면충돌,직진우회전진행방해,건조,맑음,교차로 - 교차로안,승용,여,59세,상해없음,이륜,남,83세,경상
2023112100100269,2023년 11월 21일 12시,화요일,전라남도 장성군 동화면,중상사고,0,1,0,0,차량단독 - 기타,안전운전불이행,건조,맑음,단일로 - 기타,승용,남,47세,중상,,,,
2023112100100313,2023년 11월 21일 13시,화요일,전라남도 해남군 해남읍,경상사고,0,0,1,0,차대차 - 측면충돌,기타,건조,맑음,교차로 - 교차로안,화물,남,73세,상해없음,사륜오토바이(ATV),남,70세,경상
2023112100100342,2023년 11월 21일 14시,화요일,전라남도 목포시 용당동,경상사고,0,0,1,0,차대차 - 기타,안전거리미확보,건조,맑음,단일로 - 기타,승용,남,67세,상해없음,승용,여,58세,경상
2023112100100343,2023년 11월 21일 14시,화요일,전라남도 여수시 덕충동,경상사고,0,0,1,0,차대차 - 측면충돌,안전운전불이행,건조,맑음,교차로 - 교차로안,승용,남,66세,상해없음,승용,남,53세,경상
2023112100100344,2023년 11월 21일 14시,화요일,전라남도 담양군 담양읍,경상사고,0,0,1,0,차대차 - 측면충돌,안전거리미확보,건조,맑음,교차로 - 교차로안,승용,여,38세,상해없음,승용,남,39세,경상
2023112100100383,2023년 11월 21일 15시,화요일,전라남도 목포시 용당동,경상사고,0,0,1,0,차대차 - 기타,안전운전불이행,건조,맑음,단일로 - 기타,승용,여,68세,상해없음,화물,남,53세,경상
2023112100100384,2023년 11월 21일 15시,화요일,전라남도 신안군 안좌면,중상사고,0,1,0,0,차대사람 - 기타,보행자보호의무위반,건조,맑음,교차로 - 교차로횡단보도내,특수,남,61세,상해없음,보행자,남,79세,중상
2023112100100435,2023년 11월 21일 16시,화요일,전라남도 여수시 여서동,중상사고,0,1,0,0,차대사람 - 기타,보행자보호의무위반,건조,맑음,교차로 - 교차로횡단보도내,승용,남,56세,상해없음,보행자,남,60세,중상
2023112100100436,2023년 11월 21일 16시,화요일,전라남도 장흥군 장흥읍,경상사고,0,0,1,0,차대차 - 추돌,안전운전불이행,건조,맑음,단일로 - 기타,승용,남,43세,상해없음,화물,남,66세,경상
2023112100100437,2023년 11월 21일 16시,화요일,전라남도 보성군 조성면,사망사고,1,0,0,0,차대차 - 추돌,안전거리미확보,건조,맑음,단일로 - 기타,화물,남,75세,상해없음,자전거,여,69세,사망
2023112100100498,2023년 11월 21일 17시,화요일,전라남도 나주시 노안면,경상사고,0,0,3,0,차대차 - 추돌,기타,건조,맑음,단일로 - 기타,승용,남,30세,상해없음,승용,남,31세,경상
2023112100100550,2023년 11월 21일 18시,화요일,전라남도 영광군 영광읍,경상사고,0,0,1,0,차대사람 - 기타,안전운전불이행,건조,맑음,주차장 - 주차장,화물,남,57세,상해없음,보행자,남,39세,경상
2023112100100601,2023년 11월 21일 19시,화요일,전라남도 목포시 상동,중상사고,0,1,0,0,차대차 - 기타,신호위반,건조,맑음,교차로 - 교차로안,화물,남,67세,상해없음,이륜,남,53세,중상
2023112100100602,2023년 11월 21일 19시,화요일,전라남도 장흥군 장흥읍,경상사고,0,0,1,0,차대차 - 기타,안전운전불이행,건조,맑음,단일로 - 기타,승용,여,35세,상해없음,이륜,남,62세,경상
2023112100100603,2023년 11월 21일 19시,화요일,전라남도 영암군 삼호읍,경상사고,0,0,1,0,차량단독 - 전도전복 - 전도,안전운전불이행,건조,맑음,단일로 - 기타,원동기,남,41세,경상,,,,
2023112100100633,2023년 11월 21일 20시,화요일,전라남도 여수시 여서동,중상사고,0,1,0,0,차대차 - 측면충돌,신호위반,건조,맑음,교차로 - 교차로안,승용,남,26세,상해없음,이륜,남,55세,중상
2023112100100634,2023년 11월 21일 20시,화요일,전라남도 여수시 신기동,중상사고,0,1,0,0,차대차 - 추돌,신호위반,건조,맑음,교차로 - 교차로부근,승용,남,31세,기타불명,이륜,남,49세,중상
2023112100100654,2023년 11월 21일 21시,화요일,전라남도 순천시 조례동,경상사고,0,0,4,0,차대차 - 기타,안전운전불이행,건조,맑음,교차로 - 교차로부근,승용,남,57세,상해없음,승용,남,19세,경상
2023112100100655,2023년 11월 21일 21시,화요일,전라남도 순천시 연향동,경상사고,0,0,1,0,차량단독 - 기타,안전운전불이행,건조,맑음,단일로 - 기타,승용,남,63세,상해없음,,,,
2023112100100674,2023년 11월 21일 22시,화요일,전라남도 목포시 연산동,경상사고,0,0,1,0,차대사람 - 횡단중,신호위반,건조,맑음,기타 - 기타,승용,여,50세,상해없음,보행자,남,65세,경상
2023112200100029,2023년 11월 22일 04시,수요일,전라남도 영암군 학산면,경상사고,0,0,2,0,차대차 - 정면충돌,중앙선침범,건조,맑음,단일로 - 기타,승용,남,71세,상해없음,승합,남,70세,경상
2023112200100038,2023년 11월 22일 05시,수요일,전라남도 화순군 이양면,사망사고,1,0,0,0,차량단독 - 공작물충돌,안전운전불이행,건조,맑음,단일로 - 기타,화물,남,50세,사망,,,,
2023112200100057,2023년 11월 22일 06시,수요일,전라남도 순천시 해룡면,중상사고,0,1,0,0,차대사람 - 차도통행중,안전운전불이행,건조,맑음,단일로 - 기타,이륜,남,42세,상해없음,보행자,남,19세,중상
2023112200100058,2023년 11월 22일 06시,수요일,전라남도 무안군 일로읍,경상사고,0,0,1,0,차대차 - 정면충돌,안전운전불이행,건조,맑음,교차로 - 교차로안,승합,남,23세,기타불명,승용,남,70세,경상
2023112200100082,2023년 11월 22일 07시,수요일,전라남도 여수시 화양면,중상사고,0,1,0,0,차대사람 - 길가장자리구역통행중,안전운전불이행,건조,맑음,기타 - 기타,승용,남,61세,상해없음,보행자,여,70세,중상
2023112200100120,2023년 11월 22일 08시,수요일,전라남도 장흥군 대덕읍,중상사고,0,1,0,0,차대사람 - 횡단중,안전운전불이행,건조,맑음,단일로 - 기타,승용,여,67세,상해없음,보행자,여,86세,중상
2023112200100121,2023년 11월 22일 08시,수요일,전라남도 고흥군 봉래면,중상사고,0,1,0,0,차대차 - 추돌,안전운전불이행,건조,맑음,단일로 - 기타,승용,남,47세,상해없음,승용,여,53세,중상
2023112200100122,2023년 11월 22일 08시,수요일,전라남도 광양시 성황동,경상사고,0,0,1,0,차대차 - 측면충돌,안전운전불이행,건조,맑음,단일로 - 기타,승용,남,32세,경상,승용,남,63세,상해없음
2023112200100166,2023년 11월 22일 09시,수요일,전라남도 순천시 해룡면,경상사고,0,0,1,0,차대차 - 측면충돌,안전운전불이행,건조,맑음,교차로 - 교차로안,승용,남,40세,상해없음,승용,여,38세,경상
2023112200100167,2023년 11월 22일 09시,수요일,전라남도 순천시 조례동,경상사고,0,0,2,0,차대차 - 측면충돌,교차로운행방법위반,건조,맑음,교차로 - 교차로안,승용,남,42세,경상,승합,남,27세,경상
2023112200100168,2023년 11월 22일 09시,수요일,전라남도 순천시 해룡면,경상사고,0,0,1,0,차대차 - 측면충돌,안전운전불이행,건조,맑음,단일로 - 기타,승용,여,32세,상해없음,승용,여,39세,경상
2023112200100169,2023년 11월 22일 09시,수요일,전라남도 나주시 남평읍,경상사고,0,0,1,0,차대차 - 기타,기타,건조,맑음,교차로 - 교차로안,승용,남,74세,상해없음,승용,여,51세,경상
2023112200100241,2023년 11월 22일 11시,수요일,전라남도 영광군 군남면,경상사고,0,0,1,2,차대차 - 추돌,안전거리미확보,건조,맑음,교차로 - 교차로안,승용,남,59세,상해없음,승용,남,67세,상해없음
2023112200100272,2023년 11월 22일 12시,수요일,전라남도 나주시 삼영동,경상사고,0,0,2,0,차대차 - 기타,불법유턴,건조,맑음,기타 - 기타,승용,여,40세,상해없음,승용,여,28세,경상
2023112200100307,2023년 11월 22일 13시,수요일,전라남도 담양군 창평면,경상사고,0,0,1,0,차대차 - 측면충돌,기타,건조,맑음,교차로 - 교차로안,승용,여,55세,경상,승용,남,67세,상해없음
2023112200100308,2023년 11월 22일 13시,수요일,전라남도 강진군 성전면,경상사고,0,0,2,0,차대차 - 기타,안전운전불이행,건조,맑음,단일로 - 기타,승용,여,37세,상해없음,승용,남,43세,경상
2023112200100333,2023년 11월 22일 14시,수요일,전라남도 강진군 강진읍,경상사고,0,0,1,0,차대차 - 측면충돌,신호위반,건조,맑음,교차로 - 교차로안,이륜,남,63세,경상,승용,남,34세,상해없음
2023112200100377,2023년 11월 22일 15시,수요일,전라남도 담양군 창평면,사망사고,1,3,0,0,차대차 - 추돌,안전운전불이행,건조,맑음,단일로 - 교량,승용,남,32세,상해없음,화물,남,64세,사망
2023112200100445,2023년 11월 22일 17시,수요일,전라남도 영암군 금정면,중상사고,0,1,4,0,차대차 - 측면충돌,기타,건조,맑음,교차로 - 교차로안,승용,남,59세,상해없음,승용,남,48세,중상
2023112200100500,2023년 11월 22일 18시,수요일,전라남도 순천시 서면,사망사고,1,0,1,0,차대사람 - 횡단중,안전운전불이행,건조,맑음,단일로 - 기타,이륜,남,36세,경상,보행자,여,76세,사망
2023112200100501,2023년 11월 22일 18시,수요일,전라남도 곡성군 곡성읍,경상사고,0,0,2,0,차대차 - 측면충돌,신호위반,건조,맑음,교차로 - 교차로부근,화물,남,68세,상해없음,화물,남,35세,경상
2023112200100502,2023년 11월 22일 18시,수요일,전라남도 무안군 망운면,경상사고,0,0,1,0,차대차 - 기타,안전운전불이행,건조,맑음,단일로 - 기타,화물,남,69세,기타불명,화물,남,52세,경상
2023112200100551,2023년 11월 22일 19시,수요일,전라남도 순천시 연향동,경상사고,0,0,2,0,차대차 - 측면충돌,직진우회전진행방해,건조,맑음,교차로 - 교차로안,승용,남,74세,상해없음,승용,여,52세,경상
2023112200100552,2023년 11월 22일 19시,수요일,전라남도 나주시 세지면,중상사고,0,1,1,0,차대차 - 추돌,안전운전불이행,건조,맑음,단일로 - 기타,이륜,남,61세,중상,승용,남,45세,경상
2023112200100553,2023년 11월 22일 19시,수요일,전라남도 장흥군 장흥읍,경상사고,0,0,2,0,차대차 - 추돌,안전거리미확보,건조,흐림,단일로 - 교량,승용,남,62세,경상,화물,여,60세,경상
2023112200100599,2023년 11월 22일 21시,수요일,전라남도 영암군 군서면,사망사고,1,4,2,1,차대차 - 추돌,안전운전불이행,건조,맑음,단일로 - 기타,화물,남,55세,사망,화물,여,32세,중상
2023112300100048,2023년 11월 23일 06시,목요일,전라남도 광양시 광양읍,경상사고,0,0,2,0,차대차 - 기타,직진우회전진행방해,건조,맑음,교차로 - 교차로안,승용,남,31세,경상,승용,남,62세,경상
2023112300100073,2023년 11월 23일 07시,목요일,전라남도 여수시 소호동,경상사고,0,0,1,0,차대차 - 측면충돌,안전운전불이행,건조,맑음,단일로 - 기타,사륜오토바이(ATV),남,71세,경상,승합,남,55세,상해없음
2023112300100109,2023년 11월 23일 08시,목요일,전라남도 나주시 금천면,경상사고,0,0,1,0,차대차 - 추돌,안전거리미확보,건조,맑음,단일로 - 기타,화물,남,37세,상해없음,승용,여,49세,경상
2023112300100110,2023년 11월 23일 08시,목요일,전라남도 장흥군 장흥읍,중상사고,0,1,0,0,차대사람 - 차도통행중,안전운전불이행,건조,맑음,단일로 - 기타,승용,여,65세,상해없음,보행자,남,50세,중상
2023112300100148,2023년 11월 23일 09시,목요일,전라남도 여수시 중흥동,중상사고,0,1,0,0,차대사람 - 차도통행중,안전운전불이행,건조,맑음,단일로 - 기타,화물,남,29세,상해없음,보행자,여,57세,중상
2023112300100149,2023년 11월 23일 09시,목요일,전라남도 순천시 덕월동,경상사고,0,0,1,0,차대차 - 기타,안전운전불이행,건조,맑음,단일로 - 기타,승용,남,64세,상해없음,승합,남,61세,경상
2023112300100150,2023년 11월 23일 09시,목요일,전라남도 곡성군 곡성읍,중상사고,0,1,0,0,차대사람 - 횡단중,안전운전불이행,건조,맑음,단일로 - 기타,승용,남,55세,상해없음,보행자,여,84세,중상
2023112300100174,2023년 11월 23일 10시,목요일,전라남도 여수시 학동,경상사고,0,0,1,0,차대차 - 측면충돌,안전운전불이행,건조,맑음,교차로 - 교차로안,승용,남,48세,상해없음,승용,남,65세,경상
2023112300100175,2023년 11월 23일 10시,목요일,전라남도 보성군 조성면,경상사고,0,0,1,0,차대차 - 후진중충돌,안전운전불이행,건조,맑음,교차로 - 교차로부근,화물,여,59세,상해없음,사륜오토바이(ATV),남,94세,경상
2023112300100231,2023년 11월 23일 12시,목요일,전라남도 나주시 다시면,경상사고,0,0,2,0,차대차 - 측면충돌,안전운전불이행,건조,맑음,교차로 - 교차로안,승용,여,53세,상해없음,승합,남,38세,경상
2023112300100260,2023년 11월 23일 13시,목요일,전라남도 신안군 지도읍,경상사고,0,0,2,0,차대차 - 측면충돌,기타,건조,맑음,교차로 - 교차로안,승용,여,24세,경상,화물,남,54세,경상
2023112300100288,2023년 11월 23일 14시,목요일,전라남도 나주시 평산동,경상사고,0,0,1,0,차대차 - 측면충돌,안전거리미확보,건조,맑음,기타 - 기타,승용,남,69세,상해없음,승용,남,63세,경상
2023112300100289,2023년 11월 23일 14시,목요일,전라남도 해남군 해남읍,경상사고,0,0,1,0,차대차 - 추돌,안전운전불이행,건조,맑음,교차로 - 교차로안,승용,여,67세,상해없음,이륜,남,76세,경상
2023112300100290,2023년 11월 23일 14시,목요일,전라남도 함평군 학교면,부상신고사고,0,0,0,1,차량단독 - 도로외이탈 - 기타,안전운전불이행,건조,맑음,단일로 - 기타,화물,남,48세,부상신고,,,,
2023112300100355,2023년 11월 23일 16시,목요일,전라남도 목포시 산정동,경상사고,0,0,1,0,차대차 - 측면충돌,불법유턴,건조,맑음,교차로 - 교차로부근,승용,남,58세,상해없음,화물,남,52세,경상
2023112300100356,2023년 11월 23일 16시,목요일,전라남도 목포시 산정동,경상사고,0,0,2,0,차대차 - 기타,안전거리미확보,건조,맑음,단일로 - 기타,승용,여,66세,경상,승용,남,22세,경상
2023112300100402,2023년 11월 23일 17시,목요일,전라남도 순천시 왕지동,경상사고,0,0,3,0,차대차 - 기타,차로위반,건조,기타,단일로 - 기타,승용,남,66세,기타불명,승용,남,37세,경상
2023112300100403,2023년 11월 23일 17시,목요일,전라남도 화순군 화순읍,경상사고,0,0,1,0,차대차 - 측면충돌,안전운전불이행,건조,맑음,교차로 - 교차로부근,승용,남,56세,상해없음,승용,여,42세,경상
2023112300100404,2023년 11월 23일 17시,목요일,전라남도 화순군 능주면,중상사고,0,1,0,0,차대차 - 측면충돌,안전운전불이행,건조,맑음,단일로 - 기타,승용,남,55세,상해없음,자전거,여,81세,중상
2023112300100405,2023년 11월 23일 17시,목요일,전라남도 광양시 마동,경상사고,0,0,1,0,차대차 - 기타,안전운전불이행,건조,맑음,단일로 - 기타,이륜,남,29세,경상,승용,남,56세,상해없음
2023112300100455,2023년 11월 23일 18시,목요일,전라남도 여수시 학동,중상사고,0,1,0,0,차대차 - 측면충돌,교차로운행방법위반,건조,맑음,교차로 - 교차로안,승용,여,46세,상해없음,이륜,남,58세,중상
2023112300100456,2023년 11월 23일 18시,목요일,전라남도 순천시 연향동,경상사고,0,0,1,0,차대차 - 기타,신호위반,건조,맑음,교차로 - 교차로안,승용,여,25세,상해없음,이륜,남,24세,경상
2023112300100502,2023년 11월 23일 19시,목요일,전라남도 함평군 함평읍,경상사고,0,0,1,0,차대차 - 기타,기타,건조,맑음,단일로 - 기타,기타불명,기타불명,미분류,기타불명,승용,남,44세,상해없음
2023112300100570,2023년 11월 23일 21시,목요일,전라남도 여수시 종화동,중상사고,0,1,0,0,차대사람 - 횡단중,보행자보호의무위반,건조,맑음,교차로 - 교차로횡단보도내,승용,남,72세,상해없음,보행자,남,28세,중상
2023112400100053,2023년 11월 24일 06시,금요일,전라남도 여수시 월하동,경상사고,0,0,1,0,차대차 - 측면충돌,안전운전불이행,건조,맑음,기타 - 기타,화물,남,70세,기타불명,화물,남,64세,경상
2023112400100054,2023년 11월 24일 06시,금요일,전라남도 영암군 삼호읍,경상사고,0,0,1,0,차대차 - 측면충돌,안전거리미확보,건조,맑음,단일로 - 기타,승합,남,70세,상해없음,승용,남,67세,경상
2023112400100077,2023년 11월 24일 07시,금요일,전라남도 보성군 회천면,중상사고,0,1,0,0,차대차 - 측면충돌,안전운전불이행,건조,맑음,기타 - 기타,이륜,남,85세,중상,화물,남,68세,상해없음
2023112400100144,2023년 11월 24일 09시,금요일,전라남도 여수시 중앙동,경상사고,0,0,1,0,차대차 - 측면충돌,안전운전불이행,건조,맑음,교차로 - 교차로안,승용,남,60세,상해없음,승용,남,41세,경상
2023112400100145,2023년 11월 24일 09시,금요일,전라남도 여수시 여서동,경상사고,0,0,1,0,차대차 - 측면충돌,교차로운행방법위반,건조,맑음,교차로 - 교차로안,승용,남,58세,상해없음,승용,남,22세,경상
2023112400100146,2023년 11월 24일 09시,금요일,전라남도 나주시 대호동,경상사고,0,0,1,0,차대차 - 측면충돌,교차로운행방법위반,건조,맑음,교차로 - 교차로안,승용,여,49세,상해없음,승용,남,32세,경상
2023112400100147,2023년 11월 24일 09시,금요일,전라남도 영암군 삼호읍,경상사고,0,0,1,0,차대차 - 측면충돌,안전거리미확보,건조,맑음,단일로 - 기타,승용,여,44세,상해없음,승용,여,28세,경상
2023112400100148,2023년 11월 24일 09시,금요일,전라남도 광양시 중동,경상사고,0,0,1,0,차대사람 - 횡단중,신호위반,건조,맑음,교차로 - 교차로횡단보도내,승용,여,59세,상해없음,보행자,여,38세,경상
2023112400100184,2023년 11월 24일 10시,금요일,전라남도 여수시 교동,경상사고,0,0,3,0,차대차 - 측면충돌,안전운전불이행,건조,맑음,기타 - 기타,승용,남,72세,상해없음,승용,남,46세,경상
2023112400100216,2023년 11월 24일 11시,금요일,전라남도 여수시 학동,경상사고,0,0,1,0,차대사람 - 기타,안전운전불이행,건조,맑음,교차로 - 교차로안,승합,여,61세,상해없음,보행자,여,38세,경상
2023112400100217,2023년 11월 24일 11시,금요일,전라남도 나주시 삼도동,경상사고,0,0,1,0,차대사람 - 기타,안전운전불이행,건조,맑음,단일로 - 기타,승용,여,80세,상해없음,보행자,여,83세,경상