사고번호,사고일시,요일,시군구,사고내용,사망자수,중상자수,경상자수,부상신고자수,사고유형,법규위반,노면상태,기상상태,도로형태,가해운전자 차종,가해운전자 성별,가해운전자 연령,가해운전자 상해정도,피해운전자 차종,피해운전자 성별,피해운전자 연령,피해운전자 상해정도
2023112900100187,2023년 11월 29일 11시,수요일,전라남도 영암군 신북면,경상사고,0,0,5,0,차대차 - 추돌,안전운전불이행,건조,맑음,단일로 - 기타,승용,여,22세,상해없음,승용,남,51세,경상
2023112900100207,2023년 11월 29일 12시,수요일,전라남도 여수시 율촌면,중상사고,0,2,1,0,차대차 - 추돌,안전운전불이행,건조,맑음,단일로 - 기타,승용,남,37세,기타불명,승용,여,50세,중상
2023112900100242,2023년 11월 29일 13시,수요일,전라남도 무안군 삼향읍,경상사고,0,0,1,0,차대차 - 기타,중앙선침범,건조,맑음,단일로 - 기타,승용,여,59세,상해없음,승용,여,60세,경상
2023112900100293,2023년 11월 29일 15시,수요일,전라남도 목포시 옥암동,중상사고,0,1,0,0,차대사람 - 기타,안전운전불이행,건조,맑음,단일로 - 기타,승용,남,65세,상해없음,보행자,남,12세,중상
2023112900100294,2023년 11월 29일 15시,수요일,전라남도 여수시 관문동,중상사고,0,1,0,0,차대사람 - 횡단중,보행자보호의무위반,건조,맑음,교차로 - 교차로안,승용,여,59세,상해없음,보행자,남,8세,중상
2023112900100295,2023년 11월 29일 15시,수요일,전라남도 화순군 화순읍,경상사고,0,0,3,0,차대차 - 측면충돌,교차로운행방법위반,건조,맑음,교차로 - 교차로안,승합,여,66세,경상,승용,여,51세,경상
2023112900100317,2023년 11월 29일 16시,수요일,전라남도 여수시 선원동,중상사고,0,1,0,0,차대사람 - 기타,신호위반,건조,맑음,교차로 - 교차로횡단보도내,이륜,남,43세,상해없음,보행자,여,58세,중상
2023112900100318,2023년 11월 29일 16시,수요일,전라남도 순천시 해룡면,경상사고,0,0,1,0,차대차 - 측면충돌,안전운전불이행,건조,맑음,단일로 - 기타,화물,남,29세,상해없음,승용,여,62세,경상
2023112900100368,2023년 11월 29일 17시,수요일,전라남도 영암군 삼호읍,경상사고,0,0,1,0,차대사람 - 기타,안전운전불이행,건조,맑음,단일로 - 기타,승용,남,53세,상해없음,보행자,남,52세,경상
2023112900100369,2023년 11월 29일 17시,수요일,전라남도 장성군 삼계면,사망사고,1,0,1,0,차대사람 - 기타,안전운전불이행,건조,맑음,단일로 - 기타,승용,남,31세,경상,보행자,여,68세,사망
2023112900100430,2023년 11월 29일 18시,수요일,전라남도 목포시 대성동,경상사고,0,0,3,0,차대차 - 후진중충돌,안전운전불이행,건조,맑음,단일로 - 기타,승용,여,52세,상해없음,승용,여,24세,경상
2023112900100431,2023년 11월 29일 18시,수요일,전라남도 순천시 인제동,경상사고,0,0,1,0,차대사람 - 기타,안전운전불이행,건조,맑음,교차로 - 교차로부근,승용,남,45세,상해없음,보행자,남,5세,경상
2023112900100432,2023년 11월 29일 18시,수요일,전라남도 순천시 조례동,경상사고,0,0,1,0,차대차 - 추돌,안전거리미확보,건조,맑음,단일로 - 기타,화물,남,24세,상해없음,승용,여,51세,경상
2023112900100433,2023년 11월 29일 18시,수요일,전라남도 나주시 빛가람동,경상사고,0,0,1,0,차대사람 - 횡단중,보행자보호의무위반,젖음/습기,비,단일로 - 기타,승용,여,29세,상해없음,보행자,남,57세,경상
2023112900100434,2023년 11월 29일 18시,수요일,전라남도 해남군 해남읍,경상사고,0,0,1,0,차대차 - 측면충돌,교차로운행방법위반,건조,맑음,교차로 - 교차로안,승용,여,27세,상해없음,화물,남,40세,경상
2023112900100435,2023년 11월 29일 18시,수요일,전라남도 장성군 남면,경상사고,0,0,1,0,차대차 - 추돌,안전운전불이행,건조,맑음,교차로 - 교차로부근,승용,남,55세,상해없음,승용,남,32세,경상
2023112900100436,2023년 11월 29일 18시,수요일,전라남도 광양시 광양읍,경상사고,0,0,2,0,차대차 - 추돌,안전거리미확보,건조,맑음,단일로 - 기타,승용,남,53세,상해없음,승용,여,31세,경상
2023112900100491,2023년 11월 29일 19시,수요일,전라남도 영광군 영광읍,중상사고,0,1,0,0,차대사람 - 횡단중,보행자보호의무위반,젖음/습기,비,단일로 - 기타,화물,남,64세,상해없음,보행자,남,73세,중상
2023112900100522,2023년 11월 29일 20시,수요일,전라남도 구례군 산동면,중상사고,0,1,0,0,차대차 - 추돌,안전운전불이행,건조,맑음,단일로 - 터널,승용,남,48세,상해없음,승용,여,50세,중상
2023112900100537,2023년 11월 29일 21시,수요일,전라남도 장성군 북이면,경상사고,0,0,1,0,차대차 - 추돌,안전운전불이행,건조,맑음,교차로 - 교차로부근,승용,남,46세,기타불명,승용,여,54세,경상
2023113000100008,2023년 11월 30일 00시,목요일,전라남도 무안군 무안읍,사망사고,1,0,2,0,차량단독 - 공작물충돌,안전운전불이행,젖음/습기,흐림,단일로 - 기타,화물,여,58세,경상,,,,
2023113000100020,2023년 11월 30일 03시,목요일,전라남도 장성군 장성읍,경상사고,0,0,2,0,차대차 - 정면충돌,신호위반,건조,맑음,교차로 - 교차로안,화물,남,55세,경상,화물,남,30세,경상
2023113000100042,2023년 11월 30일 06시,목요일,전라남도 여수시 학동,경상사고,0,0,1,0,차대차 - 측면충돌,안전운전불이행,건조,맑음,교차로 - 교차로안,승용,남,37세,상해없음,승용,여,35세,경상
2023113000100101,2023년 11월 30일 08시,목요일,전라남도 목포시 동명동,중상사고,0,1,0,0,차대차 - 정면충돌,안전운전불이행,건조,맑음,교차로 - 교차로안,승용,여,71세,상해없음,자전거,남,63세,중상
2023113000100102,2023년 11월 30일 08시,목요일,전라남도 여수시 공화동,경상사고,0,0,2,0,차대차 - 추돌,안전운전불이행,건조,맑음,단일로 - 지하차도(도로)내,승용,여,31세,상해없음,승용,여,56세,경상
2023113000100103,2023년 11월 30일 08시,목요일,전라남도 신안군 하의면,중상사고,0,1,0,0,차대차 - 측면충돌,중앙선침범,건조,맑음,교차로 - 교차로안,이륜,여,67세,중상,농기계,여,73세,상해없음
2023113000100174,2023년 11월 30일 10시,목요일,전라남도 화순군 화순읍,경상사고,0,0,1,0,차대차 - 측면충돌,교차로운행방법위반,건조,맑음,교차로 - 교차로안,승합,남,51세,기타불명,화물,남,44세,경상
2023113000100306,2023년 11월 30일 14시,목요일,전라남도 나주시 세지면,사망사고,1,0,0,0,차대차 - 측면충돌,안전운전불이행,건조,맑음,단일로 - 기타,화물,남,55세,상해없음,자전거,여,65세,사망
2023113000100307,2023년 11월 30일 14시,목요일,전라남도 영암군 신북면,경상사고,0,0,1,0,차대차 - 측면충돌,안전거리미확보,건조,맑음,단일로 - 기타,농기계,남,68세,상해없음,승용,남,56세,경상
2023113000100346,2023년 11월 30일 15시,목요일,전라남도 고흥군 두원면,중상사고,0,1,0,1,차량단독 - 기타,안전운전불이행,건조,맑음,단일로 - 기타,승합,남,66세,부상신고,,,,
2023113000100347,2023년 11월 30일 15시,목요일,전라남도 강진군 강진읍,경상사고,0,0,1,0,차대차 - 측면충돌,직진우회전진행방해,건조,흐림,교차로 - 교차로안,이륜,남,71세,경상,승용,남,25세,상해없음
2023113000100379,2023년 11월 30일 16시,목요일,전라남도 여수시 공화동,경상사고,0,0,1,0,차대차 - 기타,안전운전불이행,건조,맑음,단일로 - 기타,승용,남,56세,상해없음,승용,여,53세,경상
2023113000100380,2023년 11월 30일 16시,목요일,전라남도 무안군 무안읍,경상사고,0,0,1,0,차대사람 - 기타,안전운전불이행,건조,맑음,단일로 - 기타,화물,남,53세,상해없음,보행자,남,59세,경상
2023113000100429,2023년 11월 30일 17시,목요일,전라남도 구례군 산동면,경상사고,0,0,2,0,차대차 - 측면충돌,직진우회전진행방해,건조,기타,교차로 - 교차로안,승용,여,72세,경상,승용,남,60세,경상
2023113000100487,2023년 11월 30일 18시,목요일,전라남도 목포시 연산동,경상사고,0,0,1,0,차대사람 - 기타,신호위반,건조,맑음,교차로 - 교차로안,승용,남,68세,상해없음,보행자,여,45세,경상
2023113000100488,2023년 11월 30일 18시,목요일,전라남도 목포시 석현동,경상사고,0,0,1,0,차대차 - 기타,안전거리미확보,건조,맑음,단일로 - 기타,승용,여,24세,상해없음,승용,여,58세,경상
2023113000100489,2023년 11월 30일 18시,목요일,전라남도 무안군 삼향읍,경상사고,0,0,1,0,차대차 - 측면충돌,교차로운행방법위반,건조,맑음,교차로 - 교차로안,승합,남,59세,상해없음,승합,여,39세,경상
2023113000100490,2023년 11월 30일 18시,목요일,전라남도 무안군 청계면,중상사고,0,1,0,0,차대사람 - 횡단중,신호위반,건조,맑음,교차로 - 교차로안,승용,남,65세,상해없음,보행자,여,74세,중상
2023113000100538,2023년 11월 30일 19시,목요일,전라남도 여수시 돌산읍,중상사고,0,1,0,0,차대차 - 측면충돌,차로위반,건조,맑음,단일로 - 기타,승용,남,76세,기타불명,승용,여,64세,중상
2023113000100569,2023년 11월 30일 20시,목요일,전라남도 목포시 상동,경상사고,0,0,1,0,차대차 - 측면충돌,안전거리미확보,건조,맑음,단일로 - 기타,승용,남,57세,상해없음,이륜,남,22세,경상
2023120100100007,2023년 12월 1일 00시,금요일,전라남도 순천시 해룡면,경상사고,0,0,1,0,차대차 - 측면충돌,신호위반,건조,맑음,교차로 - 교차로안,승용,남,43세,상해없음,승용,남,59세,상해없음
2023120100100043,2023년 12월 1일 06시,금요일,전라남도 목포시 용해동,경상사고,0,0,1,0,차대차 - 측면충돌,신호위반,젖음/습기,흐림,교차로 - 교차로부근,승용,남,41세,상해없음,승용,여,76세,경상
2023120100100044,2023년 12월 1일 06시,금요일,전라남도 광양시 진월면,경상사고,0,0,1,0,차대차 - 측면충돌,안전운전불이행,건조,맑음,주차장 - 주차장,특수,남,62세,상해없음,승용,남,58세,경상
2023120100100061,2023년 12월 1일 07시,금요일,전라남도 목포시 달동,경상사고,0,0,4,0,차대차 - 기타,신호위반,건조,맑음,교차로 - 교차로안,화물,남,73세,상해없음,승용,여,39세,경상
2023120100100131,2023년 12월 1일 09시,금요일,전라남도 목포시 산정동,경상사고,0,0,1,0,차대차 - 측면충돌,중앙선침범,젖음/습기,비,교차로 - 교차로부근,승용,남,52세,상해없음,승용,여,52세,경상
2023120100100132,2023년 12월 1일 09시,금요일,전라남도 여수시 광무동,중상사고,0,1,0,0,차대사람 - 횡단중,안전운전불이행,건조,맑음,단일로 - 기타,승용,여,57세,상해없음,보행자,남,77세,중상
2023120100100133,2023년 12월 1일 09시,금요일,전라남도 고흥군 금산면,사망사고,1,0,0,0,차대차 - 측면충돌,안전운전불이행,건조,맑음,교차로 - 교차로부근,화물,남,76세,상해없음,이륜,남,83세,사망
2023120100100134,2023년 12월 1일 09시,금요일,전라남도 광양시 금호동,경상사고,0,0,1,0,차대차 - 측면충돌,신호위반,건조,맑음,교차로 - 교차로안,승용,남,67세,상해없음,승용,여,33세,경상
2023120100100135,2023년 12월 1일 09시,금요일,전라남도 광양시 광양읍,경상사고,0,0,1,0,차대차 - 기타,교차로운행방법위반,건조,맑음,교차로 - 교차로안,화물,남,64세,상해없음,승용,남,37세,경상
2023120100100174,2023년 12월 1일 10시,금요일,전라남도 목포시 용당동,중상사고,0,1,0,0,차대사람 - 보도통행중,보행자보호의무위반,건조,맑음,기타 - 기타,승용,남,49세,상해없음,보행자,남,75세,중상
2023120100100175,2023년 12월 1일 10시,금요일,전라남도 순천시 풍덕동,경상사고,0,0,1,0,차대사람 - 횡단중,안전운전불이행,건조,맑음,기타 - 기타,화물,남,56세,상해없음,보행자,여,82세,경상
2023120100100176,2023년 12월 1일 10시,금요일,전라남도 나주시 남평읍,경상사고,0,0,1,0,차대사람 - 기타,안전운전불이행,건조,맑음,단일로 - 기타,화물,남,46세,상해없음,보행자,여,87세,경상
2023120100100177,2023년 12월 1일 10시,금요일,전라남도 강진군 작천면,경상사고,0,0,1,0,차량단독 - 기타,안전운전불이행,건조,맑음,교차로 - 교차로부근,승용,여,70세,경상,,,,
2023120100100308,2023년 12월 1일 14시,금요일,전라남도 순천시 조곡동,경상사고,0,0,1,0,차대차 - 측면충돌,교차로운행방법위반,건조,맑음,교차로 - 교차로안,승용,남,59세,기타불명,승용,남,46세,경상
2023120100100340,2023년 12월 1일 15시,금요일,전라남도 목포시 옥암동,경상사고,0,0,1,0,차대차 - 측면충돌,교차로운행방법위반,건조,맑음,단일로 - 기타,승용,여,63세,상해없음,승용,남,29세,경상
2023120100100414,2023년 12월 1일 17시,금요일,전라남도 순천시 해룡면,경상사고,0,0,1,0,차대차 - 추돌,안전운전불이행,건조,맑음,교차로 - 교차로부근,승용,여,48세,상해없음,승용,여,44세,경상
2023120100100470,2023년 12월 1일 18시,금요일,전라남도 여수시 둔덕동,경상사고,0,0,1,0,차대차 - 측면충돌,교차로운행방법위반,건조,맑음,교차로 - 교차로안,승용,여,49세,상해없음,승용,남,23세,경상
2023120100100471,2023년 12월 1일 18시,금요일,전라남도 순천시 용당동,경상사고,0,0,1,0,차대차 - 기타,안전운전불이행,건조,맑음,교차로 - 교차로부근,화물,남,69세,상해없음,승용,여,36세,경상
2023120100100472,2023년 12월 1일 18시,금요일,전라남도 보성군 보성읍,경상사고,0,0,1,0,차대사람 - 차도통행중,안전운전불이행,건조,맑음,단일로 - 기타,승용,여,51세,상해없음,보행자,남,70세,경상
2023120100100524,2023년 12월 1일 19시,금요일,전라남도 여수시 학동,경상사고,0,0,1,0,차대차 - 추돌,안전운전불이행,건조,맑음,교차로 - 교차로안,승용,남,51세,상해없음,승용,남,63세,경상
2023120100100525,2023년 12월 1일 19시,금요일,전라남도 나주시 빛가람동,경상사고,0,0,1,1,차대차 - 측면충돌,신호위반,건조,맑음,교차로 - 교차로안,이륜,남,31세,부상신고,승용,여,35세,경상
2023120200100012,2023년 12월 2일 00시,토요일,전라남도 나주시 금천면,중상사고,0,1,0,0,차량단독 - 기타,안전거리미확보,건조,기타,교차로 - 교차로부근,개인형이동수단(PM),남,23세,중상,,,,
2023120200100040,2023년 12월 2일 05시,토요일,전라남도 목포시 상동,경상사고,0,0,1,0,차대차 - 측면충돌,안전운전불이행,건조,맑음,교차로 - 교차로부근,승용,여,23세,상해없음,승용,남,64세,경상
2023120200100061,2023년 12월 2일 07시,토요일,전라남도 장흥군 대덕읍,중상사고,0,1,0,0,차대차 - 추돌,안전운전불이행,건조,맑음,단일로 - 기타,화물,남,74세,상해없음,승용,기타불명,미분류,기타불명
2023120200100080,2023년 12월 2일 08시,토요일,전라남도 장흥군 장흥읍,경상사고,0,0,4,0,차대차 - 추돌,안전운전불이행,건조,맑음,교차로 - 교차로부근,승용,남,63세,상해없음,화물,남,47세,경상
2023120200100081,2023년 12월 2일 08시,토요일,전라남도 광양시 마동,중상사고,0,1,0,0,차대사람 - 횡단중,안전운전불이행,건조,맑음,기타 - 기타,승용,남,73세,상해없음,보행자,여,74세,중상
2023120200100093,2023년 12월 2일 09시,토요일,전라남도 무안군 삼향읍,부상신고사고,0,0,0,1,차대차 - 기타,안전운전불이행,건조,맑음,주차장 - 주차장,승용,남,71세,상해없음,승용,여,36세,상해없음
2023120200100191,2023년 12월 2일 12시,토요일,전라남도 광양시 광양읍,중상사고,0,1,0,0,차대차 - 측면충돌,직진우회전진행방해,건조,맑음,교차로 - 교차로안,화물,남,74세,상해없음,이륜,남,42세,중상
2023120200100222,2023년 12월 2일 13시,토요일,전라남도 순천시 승주읍,경상사고,0,0,1,0,차대차 - 측면충돌,기타,건조,맑음,교차로 - 교차로안,승합,남,57세,상해없음,승용,남,70세,경상
2023120200100278,2023년 12월 2일 14시,토요일,전라남도 진도군 의신면,경상사고,0,0,1,0,차량단독 - 전도전복 - 전도,안전운전불이행,젖음/습기,흐림,단일로 - 기타,이륜,남,72세,경상,,,,
2023120200100312,2023년 12월 2일 15시,토요일,전라남도 목포시 옥암동,경상사고,0,0,1,0,차대차 - 기타,신호위반,건조,맑음,교차로 - 교차로안,승합,남,62세,상해없음,승용,남,68세,경상
2023120200100344,2023년 12월 2일 16시,토요일,전라남도 강진군 성전면,경상사고,0,0,5,0,차대차 - 추돌,안전운전불이행,건조,흐림,교차로 - 교차로부근,승용,남,61세,상해없음,승용,남,66세,경상
2023120200100380,2023년 12월 2일 17시,토요일,전라남도 목포시 용해동,경상사고,0,0,3,0,차대차 - 정면충돌,신호위반,건조,맑음,교차로 - 교차로안,승용,남,39세,상해없음,승용,남,48세,경상
2023120200100381,2023년 12월 2일 17시,토요일,전라남도 여수시 여서동,경상사고,0,0,2,0,차대차 - 측면충돌,안전운전불이행,건조,맑음,교차로 - 교차로안,승용,여,62세,상해없음,승용,여,52세,경상
2023120200100430,2023년 12월 2일 18시,토요일,전라남도 장성군 장성읍,경상사고,0,0,2,0,차대차 - 추돌,기타,건조,맑음,단일로 - 기타,승용,남,37세,상해없음,승용,남,54세,경상
2023120200100478,2023년 12월 2일 19시,토요일,전라남도 여수시 여서동,경상사고,0,0,2,0,차대차 - 측면충돌,교차로운행방법위반,건조,맑음,교차로 - 교차로안,승용,남,60세,상해없음,승용,여,32세,경상
2023120200100515,2023년 12월 2일 20시,토요일,전라남도 영암군 학산면,경상사고,0,0,4,0,차대차 - 후진중충돌,안전운전불이행,건조,맑음,교차로 - 교차로안,승용,남,57세,상해없음,화물,남,22세,경상
2023120200100516,2023년 12월 2일 20시,토요일,전라남도 광양시 광양읍,경상사고,0,0,1,0,차대차 - 기타,차로위반,건조,맑음,단일로 - 기타,승용,남,40세,상해없음,이륜,남,23세,경상
2023120200100575,2023년 12월 2일 23시,토요일,전라남도 목포시 죽교동,경상사고,0,0,1,0,차량단독 - 공작물충돌,안전운전불이행,젖음/습기,흐림,단일로 - 기타,승용,남,61세,상해없음,,,,
2023120200100576,2023년 12월 2일 23시,토요일,전라남도 여수시 화장동,경상사고,0,0,1,0,차대차 - 측면충돌,안전운전불이행,건조,맑음,단일로 - 기타,승용,남,45세,상해없음,이륜,남,41세,경상
2023120200100577,2023년 12월 2일 23시,토요일,전라남도 진도군 의신면,경상사고,0,0,2,0,차대차 - 추돌,안전운전불이행,건조,맑음,교차로 - 교차로안,승용,남,51세,상해없음,승용,남,61세,경상
2023120300100016,2023년 12월 3일 01시,일요일,전라남도 여수시 봉계동,경상사고,0,0,2,0,차대차 - 측면충돌,안전운전불이행,건조,맑음,기타 - 기타,승용,남,25세,상해없음,승용,남,42세,기타불명
2023120300100047,2023년 12월 3일 07시,일요일,전라남도 영암군 군서면,경상사고,0,0,1,0,차대차 - 추돌,안전거리미확보,건조,맑음,단일로 - 기타,승용,남,45세,기타불명,건설기계,남,59세,경상
2023120300100064,2023년 12월 3일 09시,일요일,전라남도 영광군 염산면,중상사고,0,1,2,0,차대차 - 후진중충돌,불법유턴,건조,맑음,단일로 - 기타,화물,남,65세,경상,승용,남,81세,중상
2023120300100082,2023년 12월 3일 10시,일요일,전라남도 광양시 광영동,중상사고,0,1,0,0,차대차 - 측면충돌,교차로운행방법위반,건조,맑음,교차로 - 교차로안,승용,여,53세,기타불명,승용,여,55세,중상
2023120300100106,2023년 12월 3일 11시,일요일,전라남도 영광군 법성면,중상사고,0,1,0,0,차대사람 - 차도통행중,안전운전불이행,건조,맑음,기타 - 기타,화물,남,60세,상해없음,보행자,남,38세,중상
2023120300100138,2023년 12월 3일 12시,일요일,전라남도 순천시 조례동,중상사고,0,2,0,0,차대사람 - 기타,안전운전불이행,건조,맑음,단일로 - 기타,승용,남,78세,상해없음,보행자,여,37세,중상
2023120300100139,2023년 12월 3일 12시,일요일,전라남도 나주시 성북동,경상사고,0,0,4,0,차대차 - 측면충돌,신호위반,건조,맑음,교차로 - 교차로안,승용,남,72세,경상,승용,여,44세,경상
2023120300100198,2023년 12월 3일 14시,일요일,전라남도 보성군 조성면,중상사고,0,1,1,0,차대차 - 측면충돌,직진우회전진행방해,건조,맑음,교차로 - 교차로안,화물,남,72세,기타불명,화물,남,37세,경상
2023120300100199,2023년 12월 3일 14시,일요일,전라남도 보성군 득량면,경상사고,0,0,1,0,차대사람 - 차도통행중,안전운전불이행,건조,맑음,기타 - 기타,승용,여,63세,기타불명,보행자,남,6세,경상
2023120300100256,2023년 12월 3일 16시,일요일,전라남도 신안군 임자면,중상사고,0,1,0,0,차량단독 - 기타,안전운전불이행,건조,맑음,단일로 - 기타,화물,남,52세,상해없음,,,,
2023120300100286,2023년 12월 3일 17시,일요일,전라남도 나주시 삼영동,경상사고,0,0,1,0,차량단독 - 기타,기타,건조,맑음,단일로 - 기타,승합,남,64세,상해없음,,,,
2023120300100325,2023년 12월 3일 18시,일요일,전라남도 목포시 산정동,경상사고,0,0,2,0,차대차 - 추돌,안전운전불이행,건조,흐림,단일로 - 기타,이륜,남,48세,상해없음,승용,남,25세,경상
2023120300100389,2023년 12월 3일 21시,일요일,전라남도 순천시 풍덕동,경상사고,0,0,1,0,차대차 - 정면충돌,안전운전불이행,건조,맑음,단일로 - 기타,승용,여,63세,상해없음,승용,여,30세,경상
2023120300100404,2023년 12월 3일 22시,일요일,전라남도 담양군 고서면,경상사고,0,0,1,0,차대차 - 측면충돌,안전운전불이행,건조,맑음,단일로 - 기타,승용,남,29세,상해없음,승용,남,27세,경상
2023120400100048,2023년 12월 4일 06시,월요일,전라남도 장성군 진원면,사망사고,1,0,0,0,차대사람 - 횡단중,안전운전불이행,건조,맑음,교차로 - 교차로안,화물,남,74세,상해없음,보행자,남,65세,사망
2023120400100111,2023년 12월 4일 08시,월요일,전라남도 목포시 대성동,경상사고,0,0,2,0,차대차 - 측면충돌,직진우회전진행방해,건조,맑음,교차로 - 교차로안,승용,여,68세,경상,화물,남,47세,경상
2023120400100112,2023년 12월 4일 08시,월요일,전라남도 여수시 국동,경상사고,0,0,1,0,차대차 - 기타,교차로운행방법위반,건조,맑음,교차로 - 교차로부근,화물,여,68세,상해없음,승용,여,44세,경상
2023120400100113,2023년 12월 4일 08시,월요일,전라남도 장흥군 용산면,중상사고,0,1,1,0,차대차 - 추돌,안전운전불이행,건조,맑음,단일로 - 기타,화물,여,60세,상해없음,사륜오토바이(ATV),남,84세,경상
2023120400100114,2023년 12월 4일 08시,월요일,전라남도 해남군 해남읍,중상사고,0,1,1,0,차대차 - 기타,안전운전불이행,건조,맑음,단일로 - 기타,승용,여,33세,중상,승용,남,28세,경상
2023120400100166,2023년 12월 4일 09시,월요일,전라남도 무안군 무안읍,경상사고,0,0,1,0,차대사람 - 횡단중,안전운전불이행,건조,맑음,교차로 - 교차로안,승용,남,52세,상해없음,보행자,여,74세,경상
2023120400100241,2023년 12월 4일 11시,월요일,전라남도 여수시 남면,사망사고,1,0,0,0,차대사람 - 길가장자리구역통행중,안전운전불이행,건조,맑음,단일로 - 기타,승용,남,55세,상해없음,보행자,여,82세,사망
2023120400100242,2023년 12월 4일 11시,월요일,전라남도 여수시 연등동,경상사고,0,0,1,0,차량단독 - 기타,안전운전불이행,건조,맑음,단일로 - 기타,승합,남,55세,상해없음,,,,
2023120400100289,2023년 12월 4일 12시,월요일,전라남도 장성군 장성읍,경상사고,0,0,1,0,차대차 - 측면충돌,안전운전불이행,건조,맑음,단일로 - 기타,승용,여,32세,상해없음,화물,남,49세,경상
2023120400100326,2023년 12월 4일 13시,월요일,전라남도 나주시 이창동,중상사고,0,1,3,0,차대차 - 측면충돌,안전운전불이행,건조,맑음,단일로 - 기타,승용,남,40세,상해없음,승용,남,73세,경상
2023120400100327,2023년 12월 4일 13시,월요일,전라남도 영암군 시종면,경상사고,0,0,2,0,차대차 - 측면충돌,교차로운행방법위반,건조,맑음,교차로 - 교차로안,승용,남,66세,경상,화물,남,70세,상해없음
2023120400100365,2023년 12월 4일 14시,월요일,전라남도 장흥군 장흥읍,경상사고,0,0,2,0,차대차 - 기타,안전운전불이행,건조,맑음,단일로 - 기타,승용,남,28세,경상,건설기계,남,32세,상해없음
2023120400100422,2023년 12월 4일 16시,월요일,전라남도 여수시 문수동,경상사고,0,0,1,0,차대차 - 측면충돌,안전운전불이행,건조,맑음,교차로 - 교차로안,승용,남,64세,상해없음,승용,여,32세,경상
2023120400100423,2023년 12월 4일 16시,월요일,전라남도 순천시 해룡면,중상사고,0,1,1,0,차대차 - 측면충돌,안전운전불이행,건조,맑음,교차로 - 교차로안,승용,여,62세,상해없음,개인형이동수단(PM),남,13세,경상
2023120400100527,2023년 12월 4일 18시,월요일,전라남도 여수시 관문동,경상사고,0,0,1,0,차대차 - 기타,안전운전불이행,건조,맑음,단일로 - 기타,승용,여,58세,상해없음,승용,여,68세,경상
2023120400100528,2023년 12월 4일 18시,월요일,전라남도 나주시 왕곡면,경상사고,0,0,1,0,차대차 - 추돌,안전운전불이행,건조,맑음,교차로 - 교차로부근,승용,남,62세,상해없음,승용,남,64세,경상
2023120400100529,2023년 12월 4일 18시,월요일,전라남도 광양시 광양읍,경상사고,0,0,1,0,차대사람 - 차도통행중,안전운전불이행,건조,맑음,교차로 - 교차로안,승용,남,42세,상해없음,보행자,남,39세,경상
2023120400100570,2023년 12월 4일 19시,월요일,전라남도 나주시 노안면,경상사고,0,0,1,0,차량단독 - 공작물충돌,안전운전불이행,건조,맑음,단일로 - 기타,승용,남,53세,경상,,,,
2023120400100571,2023년 12월 4일 19시,월요일,전라남도 장흥군 장흥읍,경상사고,0,0,1,0,차대차 - 기타,안전운전불이행,건조,기타,단일로 - 기타,화물,남,23세,경상,특수,남,40세,상해없음
2023120400100655,2023년 12월 4일 23시,월요일,전라남도 여수시 봉산동,중상사고,0,1,0,0,차대차 - 추돌,안전운전불이행,건조,맑음,단일로 - 기타,승용,남,56세,상해없음,승용,남,72세,중상
2023120500100036,2023년 12월 5일 06시,화요일,전라남도 광양시 광양읍,경상사고,0,0,1,0,차대차 - 측면충돌,안전거리미확보,건조,맑음,교차로 - 교차로부근,승용,남,61세,경상,승용,남,36세,상해없음
2023120500100054,2023년 12월 5일 07시,화요일,전라남도 무안군 일로읍,사망사고,1,0,0,0,차대차 - 기타,신호위반,건조,맑음,교차로 - 교차로안,이륜,남,18세,사망,화물,남,57세,상해없음
2023120500100090,2023년 12월 5일 08시,화요일,전라남도 목포시 옥암동,경상사고,0,0,1,0,차대차 - 측면충돌,안전운전불이행,건조,맑음,단일로 - 기타,승용,남,62세,상해없음,자전거,남,61세,경상
2023120500100091,2023년 12월 5일 08시,화요일,전라남도 순천시 석현동,경상사고,0,0,1,0,차대차 - 기타,안전운전불이행,건조,맑음,교차로 - 교차로안,승용,남,20세,상해없음,자전거,남,20세,경상
2023120500100092,2023년 12월 5일 08시,화요일,전라남도 장성군 진원면,중상사고,0,1,1,0,차대차 - 측면충돌,안전운전불이행,건조,맑음,교차로 - 교차로안,승용,남,23세,경상,승용,남,36세,중상
2023120500100093,2023년 12월 5일 08시,화요일,전라남도 무안군 삼향읍,경상사고,0,0,1,0,차대차 - 측면충돌,안전운전불이행,건조,맑음,교차로 - 교차로안,승용,여,65세,상해없음,화물,남,62세,경상
2023120500100120,2023년 12월 5일 09시,화요일,전라남도 무안군 무안읍,경상사고,0,0,1,0,차대사람 - 기타,안전운전불이행,건조,맑음,단일로 - 기타,승용,여,65세,상해없음,보행자,여,62세,경상
2023120500100171,2023년 12월 5일 11시,화요일,전라남도 영광군 군서면,중상사고,0,3,1,0,차대차 - 측면충돌,기타,건조,맑음,교차로 - 교차로안,승용,남,68세,경상,승용,여,51세,중상